Parameters;1_precision-mean;1_precision-std;1_recall-mean;1_recall-std;1_f1-score-mean;1_f1-score-std;-1_precision-mean;-1_precision-std;-1_recall-mean;-1_recall-std;-1_f1-score-mean;-1_f1-score-std;macro avg_precision-mean;macro avg_precision-std;macro avg_recall-mean;macro avg_recall-std;macro avg_f1-score-mean;macro avg_f1-score-std;weighted avg_precision-mean;weighted avg_precision-std;weighted avg_recall-mean;weighted avg_recall-std;weighted avg_f1-score-mean;weighted avg_f1-score-std;accuracy-mean;accuracy-std;time-mean;time-std
48_3_0.4_0.0005_500;0.8689946941796982;0.030002362435725752;0.9233882783882784;0.029492844085395268;0.8947281031848415;0.01807951683574931;0.9841614091307959;0.0060142717038911275;0.9711764705882352;0.00803921568627448;0.9775900600382738;0.00398780105368443;0.926578051655247;0.014467571484921511;0.9472823744882568;0.013612240335552623;0.9361590816115577;0.011001449707377334;0.9645969550011628;0.0060668405630940015;0.9630528852519795;0.0065144644411260525;0.9635107213465078;0.006348726826214812;0.9630528852519795;0.0065144644411260525;287.3664737224579;71.63095114781288
