Parameters;1_precision-mean;1_precision-std;1_recall-mean;1_recall-std;1_f1-score-mean;1_f1-score-std;0_precision-mean;0_precision-std;0_recall-mean;0_recall-std;0_f1-score-mean;0_f1-score-std;macro avg_precision-mean;macro avg_precision-std;macro avg_recall-mean;macro avg_recall-std;macro avg_f1-score-mean;macro avg_f1-score-std;weighted avg_precision-mean;weighted avg_precision-std;weighted avg_recall-mean;weighted avg_recall-std;weighted avg_f1-score-mean;weighted avg_f1-score-std;accuracy-mean;accuracy-std;time-mean;time-std
0.5_0.0005_500_3;0.8725966691728594;0.008636144232703532;0.7523529411764706;0.03187164279988643;0.8075199113136075;0.01611037551513389;0.2762369534574229;0.01463729929102863;0.4617124542124542;0.06083924689722175;0.34440162382955963;0.024358858449958297;0.5744168113151412;0.010354750206650502;0.6070326976944623;0.018623124683909933;0.5759607675715837;0.011956476037610297;0.7712684198894568;0.008720253116594823;0.7029538412647971;0.018267220103001674;0.7288246195045736;0.012318427930725613;0.7029538412647971;0.018267220103001674;8.647473073005676;0.062485763191847475
