Parameters;1_precision-mean;1_precision-std;1_recall-mean;1_recall-std;1_f1-score-mean;1_f1-score-std;-1_precision-mean;-1_precision-std;-1_recall-mean;-1_recall-std;-1_f1-score-mean;-1_f1-score-std;macro avg_precision-mean;macro avg_precision-std;macro avg_recall-mean;macro avg_recall-std;macro avg_f1-score-mean;macro avg_f1-score-std;weighted avg_precision-mean;weighted avg_precision-std;weighted avg_recall-mean;weighted avg_recall-std;weighted avg_f1-score-mean;weighted avg_f1-score-std;accuracy-mean;accuracy-std;time-mean;time-std
kernel:linear_gamma:scale_nu:0.45;0.686850296953722;0.035363804133011004;0.5507509157509157;0.04077744948408079;0.6106169735011653;0.03339883837395455;0.9116648639671083;0.007358056385876783;0.9484313725490197;0.0076470588235294295;0.9296564315016325;0.00546883765965343;0.7992575804604152;0.019900782347586642;0.7495911441499677;0.02057937308015497;0.770136702501399;0.019198966593264616;0.8734535852134302;0.010655228247133138;0.8808620004766823;0.009283113827408812;0.8754431675585657;0.010017433669483655;0.8808620004766823;0.009283113827408812;0.02950127124786377;0.003818760051052357
