Parameters;1_precision-mean;1_precision-std;1_recall-mean;1_recall-std;1_f1-score-mean;1_f1-score-std;-1_precision-mean;-1_precision-std;-1_recall-mean;-1_recall-std;-1_f1-score-mean;-1_f1-score-std;macro avg_precision-mean;macro avg_precision-std;macro avg_recall-mean;macro avg_recall-std;macro avg_f1-score-mean;macro avg_f1-score-std;weighted avg_precision-mean;weighted avg_precision-std;weighted avg_recall-mean;weighted avg_recall-std;weighted avg_f1-score-mean;weighted avg_f1-score-std;accuracy-mean;accuracy-std;time-mean;time-std
kernel:rbf_gamma:scale_nu:0.55;0.49203853132232317;0.030324443943944537;0.4522069597069597;0.058794139263744195;0.4703702942141635;0.04292542522974901;0.8898770549982936;0.010517520410610026;0.9049019607843137;0.00755601916392066;0.897264594479409;0.005344281463447913;0.6909577931603084;0.019670616234005917;0.6785544602456367;0.028078599151642212;0.6838174443467862;0.023743829054215702;0.822272730906634;0.013358418509756142;0.8279650962633405;0.009496645082594589;0.8247174522501817;0.011369480229769505;0.8279650962633405;0.009496645082594589;0.05078644752502441;0.00554510415137655
