Parameters;1_precision-mean;1_precision-std;1_recall-mean;1_recall-std;1_f1-score-mean;1_f1-score-std;-1_precision-mean;-1_precision-std;-1_recall-mean;-1_recall-std;-1_f1-score-mean;-1_f1-score-std;macro avg_precision-mean;macro avg_precision-std;macro avg_recall-mean;macro avg_recall-std;macro avg_f1-score-mean;macro avg_f1-score-std;weighted avg_precision-mean;weighted avg_precision-std;weighted avg_recall-mean;weighted avg_recall-std;weighted avg_f1-score-mean;weighted avg_f1-score-std;accuracy-mean;accuracy-std;time-mean;time-std
kernel:poly_gamma:scale_nu:0.35;0.8934677302970023;0.017462851014441436;0.6492765567765567;0.0563769086114018;0.7506356874769912;0.03953385472203528;0.9321495653995958;0.009897297420367003;0.9841176470588235;0.0029672050883179876;0.9573943066498718;0.004911187564468228;0.9128086478482992;0.010558363584762363;0.8166971019176902;0.027659120427126694;0.8540149970634314;0.022196266716853298;0.9255709192726738;0.009062295669818891;0.9272429225920924;0.008825584720382487;0.9222736918392211;0.010689177827572867;0.9272429225920924;0.008825584720382487;0.03176889419555664;0.004748300749261299
