Parameters;1_precision-mean;1_precision-std;1_recall-mean;1_recall-std;1_f1-score-mean;1_f1-score-std;-1_precision-mean;-1_precision-std;-1_recall-mean;-1_recall-std;-1_f1-score-mean;-1_f1-score-std;macro avg_precision-mean;macro avg_precision-std;macro avg_recall-mean;macro avg_recall-std;macro avg_f1-score-mean;macro avg_f1-score-std;weighted avg_precision-mean;weighted avg_precision-std;weighted avg_recall-mean;weighted avg_recall-std;weighted avg_f1-score-mean;weighted avg_f1-score-std;accuracy-mean;accuracy-std;time-mean;time-std
48_3_0.4_0.0005_500;0.8653320697479316;0.018266243385695127;0.8763369963369965;0.04825359479978378;0.8699815391515526;0.025369259375364397;0.9747493386809518;0.009476826347057113;0.9719607843137255;0.004886249331128262;0.9733136889862175;0.004319933420974791;0.9200407042144418;0.009929806949548365;0.924148890325361;0.02318106884603724;0.921647614068885;0.014818312612027262;0.9561525060376244;0.008181452578012748;0.9557273377294033;0.007393496346555074;0.9557605168081297;0.007840618751129963;0.9557273377294033;0.007393496346555074;150.5397050857544;40.21354371134781
