Parameters;1_precision-mean;1_precision-std;1_recall-mean;1_recall-std;1_f1-score-mean;1_f1-score-std;-1_precision-mean;-1_precision-std;-1_recall-mean;-1_recall-std;-1_f1-score-mean;-1_f1-score-std;macro avg_precision-mean;macro avg_precision-std;macro avg_recall-mean;macro avg_recall-std;macro avg_f1-score-mean;macro avg_f1-score-std;weighted avg_precision-mean;weighted avg_precision-std;weighted avg_recall-mean;weighted avg_recall-std;weighted avg_f1-score-mean;weighted avg_f1-score-std;accuracy-mean;accuracy-std;time-mean;time-std
kernel:linear_gamma:scale_nu:0.08;0.8625629846099214;0.02705601088524284;0.9013736263736263;0.022932640998340564;0.8812197077372584;0.01883298748924298;0.979632232013661;0.00467498975670425;0.970392156862745;0.00676115280375161;0.9749739748643995;0.004249990758265969;0.9210976083117913;0.014076623703891062;0.9358828916181856;0.012022428603519167;0.9280968413008288;0.01152388998105914;0.9597313751844915;0.0065058169969097945;0.9586621117025501;0.006928865652020457;0.9590377295426957;0.006752113938232526;0.9586621117025501;0.006928865652020457;0.014094686508178711;0.001157698751395914
