Parameters;1_precision-mean;1_precision-std;1_recall-mean;1_recall-std;1_f1-score-mean;1_f1-score-std;0_precision-mean;0_precision-std;0_recall-mean;0_recall-std;0_f1-score-mean;0_f1-score-std;macro avg_precision-mean;macro avg_precision-std;macro avg_recall-mean;macro avg_recall-std;macro avg_f1-score-mean;macro avg_f1-score-std;weighted avg_precision-mean;weighted avg_precision-std;weighted avg_recall-mean;weighted avg_recall-std;weighted avg_f1-score-mean;weighted avg_f1-score-std;accuracy-mean;accuracy-std;time-mean;time-std
0.1_0.0001_500_3;0.9316812381973081;0.010751223865290586;0.5366666666666666;0.03079180625693138;0.6804043924094015;0.023505066959933762;0.26303489501577093;0.009070782396250553;0.8066300366300366;0.03944372536814139;0.39644328338645024;0.011567948736955627;0.5973580666065395;0.007957591024680213;0.6716483516483516;0.014670661914017826;0.538423837897926;0.015309651598134882;0.818066727622106;0.009808551184903523;0.582520325203252;0.021576567659690085;0.632148142652883;0.020496581647450704;0.582520325203252;0.021576567659690085;8.996095252037048;0.5201264977689664
