Parameters;1_precision-mean;1_precision-std;1_recall-mean;1_recall-std;1_f1-score-mean;1_f1-score-std;-1_precision-mean;-1_precision-std;-1_recall-mean;-1_recall-std;-1_f1-score-mean;-1_f1-score-std;macro avg_precision-mean;macro avg_precision-std;macro avg_recall-mean;macro avg_recall-std;macro avg_f1-score-mean;macro avg_f1-score-std;weighted avg_precision-mean;weighted avg_precision-std;weighted avg_recall-mean;weighted avg_recall-std;weighted avg_f1-score-mean;weighted avg_f1-score-std;accuracy-mean;accuracy-std;time-mean;time-std
kernel:sigmoid_gamma:auto_nu:0.065;0.8997273073645339;0.020024707745499616;0.9329945054945055;0.02797501541269457;0.9157787764214156;0.018222269906095306;0.9862013819268693;0.005680766622175744;0.9786274509803923;0.004677200173284933;0.982386175923228;0.0036983547896355137;0.9429643446457016;0.010802214611532588;0.9558109782374489;0.014177764048448142;0.9490824761723218;0.01095120949031498;0.9715072024837361;0.006233578060303716;0.9708675617700802;0.0061427398732426435;0.9710650583123371;0.006175521923324297;0.9708675617700802;0.0061427398732426435;0.017818284034729005;0.0033131778118766116
