Parameters;1_precision-mean;1_precision-std;1_recall-mean;1_recall-std;1_f1-score-mean;1_f1-score-std;0_precision-mean;0_precision-std;0_recall-mean;0_recall-std;0_f1-score-mean;0_f1-score-std;macro avg_precision-mean;macro avg_precision-std;macro avg_recall-mean;macro avg_recall-std;macro avg_f1-score-mean;macro avg_f1-score-std;weighted avg_precision-mean;weighted avg_precision-std;weighted avg_recall-mean;weighted avg_recall-std;weighted avg_f1-score-mean;weighted avg_f1-score-std;accuracy-mean;accuracy-std;time-mean;time-std
0.5_0.0001_500_3;0.8879844320492646;0.006181232258971427;0.8201960784313724;0.022080381622498185;0.852573045475825;0.011804809950367678;0.3617980214383252;0.02518014916468005;0.49430402930402934;0.03498366985144268;0.4167806807129949;0.020311707360995097;0.6248912267437948;0.01413710238082809;0.657250053867701;0.014867998692851686;0.6346768630944102;0.01420114311576276;0.7985642452797542;0.008202319649087393;0.7648203172585473;0.01611378181387163;0.7785171220726474;0.012221959305964569;0.7648203172585473;0.01611378181387163;8.65017740726471;0.16386956669869668
