Parameters;1_precision-mean;1_precision-std;1_recall-mean;1_recall-std;1_f1-score-mean;1_f1-score-std;-1_precision-mean;-1_precision-std;-1_recall-mean;-1_recall-std;-1_f1-score-mean;-1_f1-score-std;macro avg_precision-mean;macro avg_precision-std;macro avg_recall-mean;macro avg_recall-std;macro avg_f1-score-mean;macro avg_f1-score-std;weighted avg_precision-mean;weighted avg_precision-std;weighted avg_recall-mean;weighted avg_recall-std;weighted avg_f1-score-mean;weighted avg_f1-score-std;accuracy-mean;accuracy-std;time-mean;time-std
kernel:linear_gamma:scale_nu:0.085;0.9045876241551511;0.020756394744538238;0.9157875457875457;0.03661256909525663;0.9098335134785136;0.02431142101342606;0.9827487759990674;0.007428247985098685;0.9801960784313726;0.004509803921568636;0.981455769780508;0.004797407520702266;0.9436682000771093;0.012351897925882763;0.9479918121094592;0.01897544343916958;0.9456446416295108;0.014548812681152235;0.9694706462552478;0.008269283140242787;0.9692402213924419;0.008011399283998582;0.9692815587046063;0.008127348500153148;0.9692402213924419;0.008011399283998582;0.014207720756530762;0.001666598763431401
