Parameters;1_precision-mean;1_precision-std;1_recall-mean;1_recall-std;1_f1-score-mean;1_f1-score-std;-1_precision-mean;-1_precision-std;-1_recall-mean;-1_recall-std;-1_f1-score-mean;-1_f1-score-std;macro avg_precision-mean;macro avg_precision-std;macro avg_recall-mean;macro avg_recall-std;macro avg_f1-score-mean;macro avg_f1-score-std;weighted avg_precision-mean;weighted avg_precision-std;weighted avg_recall-mean;weighted avg_recall-std;weighted avg_f1-score-mean;weighted avg_f1-score-std;accuracy-mean;accuracy-std;time-mean;time-std
48_3_0.4_0.0005_500;0.8695331380630338;0.03738351331602773;0.9358608058608059;0.04130382204948865;0.9005073350435749;0.026922325089479535;0.9867435108072942;0.0083957732540767;0.9707843137254901;0.010205500925233793;0.9786423209734346;0.005766930357917697;0.928138324435164;0.01870642686182194;0.9533225597931481;0.0199105724170006;0.9395748280085048;0.01630072770210809;0.9668291593046273;0.008910244354251117;0.9648446810201001;0.009462500871455861;0.9653636026691119;0.009329950947795155;0.9648446810201001;0.009462500871455861;309.93642499446867;77.6424799575424
