Parameters;1_precision-mean;1_precision-std;1_recall-mean;1_recall-std;1_f1-score-mean;1_f1-score-std;-1_precision-mean;-1_precision-std;-1_recall-mean;-1_recall-std;-1_f1-score-mean;-1_f1-score-std;macro avg_precision-mean;macro avg_precision-std;macro avg_recall-mean;macro avg_recall-std;macro avg_f1-score-mean;macro avg_f1-score-std;weighted avg_precision-mean;weighted avg_precision-std;weighted avg_recall-mean;weighted avg_recall-std;weighted avg_f1-score-mean;weighted avg_f1-score-std;accuracy-mean;accuracy-std;time-mean;time-std
kernel:rbf_gamma:scale_nu:0.25;0.708606066121706;0.03586260228057795;0.7530311355311354;0.05435518919539661;0.7294130310392304;0.0388468029132091;0.9488559938957092;0.01091755758231361;0.9364705882352942;0.009288407280256447;0.9425773307176437;0.00772035042783741;0.8287310300087076;0.021426020641759455;0.8447508618832149;0.028131854213411692;0.8359951808784372;0.023174661321176942;0.9080283040406998;0.013527110191767442;0.9052789915521304;0.012824553247141738;0.9063439693770103;0.012993586182526225;0.9052789915521304;0.012824553247141738;0.031121444702148438;0.00416198850295353
