Parameters;1_precision-mean;1_precision-std;1_recall-mean;1_recall-std;1_f1-score-mean;1_f1-score-std;-1_precision-mean;-1_precision-std;-1_recall-mean;-1_recall-std;-1_f1-score-mean;-1_f1-score-std;macro avg_precision-mean;macro avg_precision-std;macro avg_recall-mean;macro avg_recall-std;macro avg_f1-score-mean;macro avg_f1-score-std;weighted avg_precision-mean;weighted avg_precision-std;weighted avg_recall-mean;weighted avg_recall-std;weighted avg_f1-score-mean;weighted avg_f1-score-std;accuracy-mean;accuracy-std;time-mean;time-std
kernel:rbf_gamma:scale_nu:0.2;0.8427487723420055;0.016925552853285883;0.7999175824175824;0.04223133957555613;0.8202182578240379;0.025012584624236875;0.9595163798112105;0.008327192520162176;0.9694117647058823;0.0038423368514245793;0.9644151041308632;0.004423392152351513;0.901132576076608;0.010277553617334565;0.8846646735617323;0.020955129479360998;0.8923166809774505;0.014690644721860647;0.939676905439855;0.008129452275423547;0.940595588040571;0.007515756209177729;0.9399056777370708;0.007938543807377253;0.940595588040571;0.007515756209177729;0.026258683204650878;0.0019254604398063631
