Parameters;1_precision-mean;1_precision-std;1_recall-mean;1_recall-std;1_f1-score-mean;1_f1-score-std;-1_precision-mean;-1_precision-std;-1_recall-mean;-1_recall-std;-1_f1-score-mean;-1_f1-score-std;macro avg_precision-mean;macro avg_precision-std;macro avg_recall-mean;macro avg_recall-std;macro avg_f1-score-mean;macro avg_f1-score-std;weighted avg_precision-mean;weighted avg_precision-std;weighted avg_recall-mean;weighted avg_recall-std;weighted avg_f1-score-mean;weighted avg_f1-score-std;accuracy-mean;accuracy-std;time-mean;time-std
kernel:linear_gamma:scale_nu:0.065;0.9033536502899784;0.023000895724532525;0.9358333333333334;0.03434341991346172;0.9189361192140371;0.02241966610734888;0.9868114774686807;0.006969908695138878;0.9794117647058824;0.005351899632923996;0.9830790477639599;0.004497998335721501;0.9450825638793295;0.012707066900652342;0.9576225490196079;0.017501609169070554;0.9510075834889984;0.01345006005326206;0.9726331252080515;0.007645981672423587;0.9720049786817085;0.007487493710790306;0.9721804400707439;0.007532400673280637;0.9720049786817085;0.007487493710790306;0.014678716659545898;0.0019271116686825193
