Parameters;1_precision-mean;1_precision-std;1_recall-mean;1_recall-std;1_f1-score-mean;1_f1-score-std;0_precision-mean;0_precision-std;0_recall-mean;0_recall-std;0_f1-score-mean;0_f1-score-std;macro avg_precision-mean;macro avg_precision-std;macro avg_recall-mean;macro avg_recall-std;macro avg_f1-score-mean;macro avg_f1-score-std;weighted avg_precision-mean;weighted avg_precision-std;weighted avg_recall-mean;weighted avg_recall-std;weighted avg_f1-score-mean;weighted avg_f1-score-std;accuracy-mean;accuracy-std;time-mean;time-std
0.01_0.0005_500_3;0.9805212113219861;0.008270090890678159;0.4380392156862746;0.02203070102774611;0.6051727432946598;0.019782174239764336;0.25862128897451964;0.006034026214648509;0.9568589743589744;0.019863287539368207;0.40711841861221;0.007535569029942964;0.6195712501482529;0.005348919907678687;0.6974490950226244;0.009620552975258576;0.5061455809534349;0.012832761869007786;0.8578517184389008;0.006920917010984188;0.5262119647255105;0.016356515504995926;0.5715258971364655;0.017430550916184742;0.5262119647255105;0.016356515504995926;14.080920791625976;0.2794912633268571
