Parameters;1_precision-mean;1_precision-std;1_recall-mean;1_recall-std;1_f1-score-mean;1_f1-score-std;-1_precision-mean;-1_precision-std;-1_recall-mean;-1_recall-std;-1_f1-score-mean;-1_f1-score-std;macro avg_precision-mean;macro avg_precision-std;macro avg_recall-mean;macro avg_recall-std;macro avg_f1-score-mean;macro avg_f1-score-std;weighted avg_precision-mean;weighted avg_precision-std;weighted avg_recall-mean;weighted avg_recall-std;weighted avg_f1-score-mean;weighted avg_f1-score-std;accuracy-mean;accuracy-std;time-mean;time-std
kernel:rbf_gamma:scale_nu:0.85;0.20889350822614744;0.0454284004758956;0.14945970695970695;0.044608264986164575;0.17365340919417435;0.045624826295364115;0.8359359655517424;0.0066133214645556285;0.8866666666666667;0.011659661762602753;0.8604913092642708;0.005639048125412251;0.5224147368889448;0.025975276507282884;0.5180631868131866;0.019904940082983543;0.5170723592292226;0.023507158773548052;0.7293812612301027;0.013290427057025402;0.7613956198193904;0.008796698702648844;0.7437778491257029;0.009939880749007052;0.7613956198193904;0.008796698702648844;0.08916144371032715;0.0597968557935326
