Parameters;1_precision-mean;1_precision-std;1_recall-mean;1_recall-std;1_f1-score-mean;1_f1-score-std;0_precision-mean;0_precision-std;0_recall-mean;0_recall-std;0_f1-score-mean;0_f1-score-std;macro avg_precision-mean;macro avg_precision-std;macro avg_recall-mean;macro avg_recall-std;macro avg_f1-score-mean;macro avg_f1-score-std;weighted avg_precision-mean;weighted avg_precision-std;weighted avg_recall-mean;weighted avg_recall-std;weighted avg_f1-score-mean;weighted avg_f1-score-std;accuracy-mean;accuracy-std;time-mean;time-std
0.01_0.0005_500_3;0.9660172694401347;0.013572399435334614;0.2829411764705882;0.023349804698742878;0.43716126601789773;0.027678195776517246;0.21366834432734452;0.006445186483480301;0.9511446886446887;0.020324234910118196;0.3489049251331999;0.009235598986467758;0.5898428068837396;0.009061966267088276;0.6170429325576384;0.014200795101357305;0.3930330955755488;0.017639043406760493;0.8381780180828956;0.011874316464146151;0.39647811233812663;0.019306875807786724;0.42216037820728286;0.02417806903763514;0.39647811233812663;0.019306875807786724;14.477518701553345;0.49254810509523494
