Parameters;1_precision-mean;1_precision-std;1_recall-mean;1_recall-std;1_f1-score-mean;1_f1-score-std;-1_precision-mean;-1_precision-std;-1_recall-mean;-1_recall-std;-1_f1-score-mean;-1_f1-score-std;macro avg_precision-mean;macro avg_precision-std;macro avg_recall-mean;macro avg_recall-std;macro avg_f1-score-mean;macro avg_f1-score-std;weighted avg_precision-mean;weighted avg_precision-std;weighted avg_recall-mean;weighted avg_recall-std;weighted avg_f1-score-mean;weighted avg_f1-score-std;accuracy-mean;accuracy-std;time-mean;time-std
kernel:sigmoid_gamma:scale_nu:0.35;0.9311514705771374;0.021032724211180298;0.6493498168498169;0.05468302062772096;0.7634578098796354;0.03725538858047398;0.93252600908096;0.009579302297189025;0.99;0.003556540617101388;0.9603666447227098;0.004505706862251176;0.9318387398290486;0.010182146383554613;0.8196749084249084;0.026446371180290175;0.8619122273011726;0.02084267293636459;0.9322822525756284;0.007695797093584279;0.9321283864304443;0.008110240529965713;0.9269121088491419;0.010008846749038612;0.9321283864304443;0.008110240529965713;0.0545581579208374;0.004208431848852127
