Parameters;1_precision-mean;1_precision-std;1_recall-mean;1_recall-std;1_f1-score-mean;1_f1-score-std;-1_precision-mean;-1_precision-std;-1_recall-mean;-1_recall-std;-1_f1-score-mean;-1_f1-score-std;macro avg_precision-mean;macro avg_precision-std;macro avg_recall-mean;macro avg_recall-std;macro avg_f1-score-mean;macro avg_f1-score-std;weighted avg_precision-mean;weighted avg_precision-std;weighted avg_recall-mean;weighted avg_recall-std;weighted avg_f1-score-mean;weighted avg_f1-score-std;accuracy-mean;accuracy-std;time-mean;time-std
kernel:sigmoid_gamma:scale_nu:0.55;0.7747747552374993;0.04860466453807706;0.44828754578754576;0.04082499440443899;0.566968508091702;0.040968880711398536;0.8960538304384699;0.00702123942452977;0.9731372549019607;0.0069074176289445;0.9329861006961853;0.005507927409905623;0.8354142928379845;0.026328627507048973;0.7107124003447531;0.02112526043046219;0.7499773043939436;0.02302143849097488;0.8754401627910113;0.012383091755675717;0.8839535499589524;0.00961006692023918;0.8707891257830047;0.011331895460493282;0.8839535499589524;0.00961006692023918;0.11223495006561279;0.0024372721578333127
