Parameters;1_precision-mean;1_precision-std;1_recall-mean;1_recall-std;1_f1-score-mean;1_f1-score-std;0_precision-mean;0_precision-std;0_recall-mean;0_recall-std;0_f1-score-mean;0_f1-score-std;macro avg_precision-mean;macro avg_precision-std;macro avg_recall-mean;macro avg_recall-std;macro avg_f1-score-mean;macro avg_f1-score-std;weighted avg_precision-mean;weighted avg_precision-std;weighted avg_recall-mean;weighted avg_recall-std;weighted avg_f1-score-mean;weighted avg_f1-score-std;accuracy-mean;accuracy-std;time-mean;time-std
0.5_0.0001_500_3;0.8927570285575106;0.0054712993043203;0.8533333333333333;0.014349940755711355;0.8725279009069873;0.007758804871052214;0.41158775340405873;0.024589047857999192;0.4990842490842492;0.02944739426905105;0.45055438853597074;0.02099599831622831;0.6521723909807847;0.013866495589379075;0.6762087912087912;0.01410332635725654;0.6615411447214791;0.013397665835961213;0.8109970159251251;0.007628126225335551;0.7931318026535314;0.011305584061667108;0.800822866459194;0.0092344135321328;0.7931318026535314;0.011305584061667108;8.800172138214112;0.03981525517522473
