Parameters;1_precision-mean;1_precision-std;1_recall-mean;1_recall-std;1_f1-score-mean;1_f1-score-std;-1_precision-mean;-1_precision-std;-1_recall-mean;-1_recall-std;-1_f1-score-mean;-1_f1-score-std;macro avg_precision-mean;macro avg_precision-std;macro avg_recall-mean;macro avg_recall-std;macro avg_f1-score-mean;macro avg_f1-score-std;weighted avg_precision-mean;weighted avg_precision-std;weighted avg_recall-mean;weighted avg_recall-std;weighted avg_f1-score-mean;weighted avg_f1-score-std;accuracy-mean;accuracy-std;time-mean;time-std
kernel:rbf_gamma:scale_nu:0.25;0.6614855885264577;0.022445365890996365;0.7462454212454211;0.043183593569306136;0.7008631418412647;0.02764711841788779;0.9467164991334303;0.008672666865411117;0.921764705882353;0.007254901960784331;0.9340398414406963;0.005632971467268871;0.804101043829944;0.01404649329036347;0.8340050635638872;0.021684040257692737;0.8174514916409805;0.016477879621506427;0.8982463610877905;0.009888169626306934;0.8919305632795742;0.00925916830314075;0.8944120516680341;0.009277000257206793;0.8919305632795742;0.00925916830314075;0.03446979522705078;0.008088473110208291
