Parameters;1_precision-mean;1_precision-std;1_recall-mean;1_recall-std;1_f1-score-mean;1_f1-score-std;-1_precision-mean;-1_precision-std;-1_recall-mean;-1_recall-std;-1_f1-score-mean;-1_f1-score-std;macro avg_precision-mean;macro avg_precision-std;macro avg_recall-mean;macro avg_recall-std;macro avg_f1-score-mean;macro avg_f1-score-std;weighted avg_precision-mean;weighted avg_precision-std;weighted avg_recall-mean;weighted avg_recall-std;weighted avg_f1-score-mean;weighted avg_f1-score-std;accuracy-mean;accuracy-std;time-mean;time-std
kernel:rbf_gamma:auto_nu:0.7;0.2208952759726603;0.025158634654277864;0.29219780219780217;0.04497444340415729;0.2511898223166959;0.0318571247435353;0.8450189297882449;0.008057451340597521;0.789607843137255;0.016799928598738786;0.8162639808456644;0.009738089874636188;0.5329571028804526;0.01651824680378148;0.5409028226675284;0.021237928202532744;0.5337269015811802;0.01803371536323377;0.7389656804961197;0.011005896693497861;0.7050795794602898;0.013538889908764083;0.7202417756372423;0.011099328930937945;0.7050795794602898;0.013538889908764083;0.05632033348083496;0.004327289751009646
