Parameters;1_precision-mean;1_precision-std;1_recall-mean;1_recall-std;1_f1-score-mean;1_f1-score-std;0_precision-mean;0_precision-std;0_recall-mean;0_recall-std;0_f1-score-mean;0_f1-score-std;macro avg_precision-mean;macro avg_precision-std;macro avg_recall-mean;macro avg_recall-std;macro avg_f1-score-mean;macro avg_f1-score-std;weighted avg_precision-mean;weighted avg_precision-std;weighted avg_recall-mean;weighted avg_recall-std;weighted avg_f1-score-mean;weighted avg_f1-score-std;accuracy-mean;accuracy-std;time-mean;time-std
0.1_0.0001_500_3;0.9175497787653466;0.008653261662171332;0.4594117647058824;0.0383236786397508;0.6112787160298447;0.03393640757418582;0.2324980816481416;0.009937206583679017;0.7979029304029306;0.030609663047970047;0.3598352827512031;0.011890577101010406;0.5750239302067441;0.007838717559176206;0.6286573475544064;0.014879568694255732;0.4855569993905239;0.021630895297708338;0.8011470697408957;0.007984919417025723;0.5169203675750114;0.028767495339283973;0.5685500750342966;0.02960092722267354;0.5169203675750114;0.028767495339283973;9.194133591651916;0.5128119619355525
