Parameters;1_precision-mean;1_precision-std;1_recall-mean;1_recall-std;1_f1-score-mean;1_f1-score-std;0_precision-mean;0_precision-std;0_recall-mean;0_recall-std;0_f1-score-mean;0_f1-score-std;macro avg_precision-mean;macro avg_precision-std;macro avg_recall-mean;macro avg_recall-std;macro avg_f1-score-mean;macro avg_f1-score-std;weighted avg_precision-mean;weighted avg_precision-std;weighted avg_recall-mean;weighted avg_recall-std;weighted avg_f1-score-mean;weighted avg_f1-score-std;accuracy-mean;accuracy-std;time-mean;time-std
0.2_0.0001_500_3;0.9032603602818432;0.013997892710986242;0.40549019607843145;0.017511461617071455;0.5594667099267954;0.016936432982824223;0.21329763966777504;0.008415459604584239;0.7873076923076924;0.03535024381177344;0.33561579094815325;0.013108145144332468;0.5582789999748091;0.010979473071395775;0.5963989441930619;0.017894916568829532;0.44754125043747434;0.012699011101942062;0.7860205083815043;0.012788702039602756;0.4703736659516432;0.014522160887316452;0.5214306929599475;0.015086494568483383;0.4703736659516432;0.014522160887316452;13.260220837593078;0.3967685392896715
