Parameters;1_precision-mean;1_precision-std;1_recall-mean;1_recall-std;1_f1-score-mean;1_f1-score-std;-1_precision-mean;-1_precision-std;-1_recall-mean;-1_recall-std;-1_f1-score-mean;-1_f1-score-std;macro avg_precision-mean;macro avg_precision-std;macro avg_recall-mean;macro avg_recall-std;macro avg_f1-score-mean;macro avg_f1-score-std;weighted avg_precision-mean;weighted avg_precision-std;weighted avg_recall-mean;weighted avg_recall-std;weighted avg_f1-score-mean;weighted avg_f1-score-std;accuracy-mean;accuracy-std;time-mean;time-std
kernel:sigmoid_gamma:scale_nu:0.45;0.7553519354675788;0.026128104996565503;0.5488003663003662;0.048141844357538086;0.634537187154248;0.03562369871470243;0.9126247212851964;0.008301743359196982;0.9635294117647059;0.005348306547837572;0.9373525342896315;0.004317662993762847;0.8339883283763877;0.014694465820285028;0.756164889032536;0.023238765968713142;0.7859448607219399;0.01981497695880769;0.885901932591991;0.0090796745792956;0.8930653319562512;0.0077213446367173436;0.8859024675422431;0.009416130063128934;0.8930653319562512;0.0077213446367173436;0.10299789905548096;0.00610191611126705
