Parameters;1_precision-mean;1_precision-std;1_recall-mean;1_recall-std;1_f1-score-mean;1_f1-score-std;0_precision-mean;0_precision-std;0_recall-mean;0_recall-std;0_f1-score-mean;0_f1-score-std;macro avg_precision-mean;macro avg_precision-std;macro avg_recall-mean;macro avg_recall-std;macro avg_f1-score-mean;macro avg_f1-score-std;weighted avg_precision-mean;weighted avg_precision-std;weighted avg_recall-mean;weighted avg_recall-std;weighted avg_f1-score-mean;weighted avg_f1-score-std;accuracy-mean;accuracy-std;time-mean;time-std
0.2_0.0001_500_3;0.9153642401106167;0.01358896299100999;0.6692156862745099;0.01933237876973699;0.773012870387305;0.014803508354667589;0.30167751208641286;0.02042303713176141;0.6974267399267399;0.050755298508810484;0.4209748457988013;0.027731841373145768;0.6085208760985147;0.016452777804570023;0.6833212131006249;0.027952588657289217;0.5969938580930532;0.020123432845159214;0.8110889364554252;0.014525774696443715;0.6739882418368157;0.01890381937445874;0.713188377115382;0.016169765626252854;0.6739882418368157;0.01890381937445874;8.058211183547973;0.3187468864794706
