Parameters;1_precision-mean;1_precision-std;1_recall-mean;1_recall-std;1_f1-score-mean;1_f1-score-std;-1_precision-mean;-1_precision-std;-1_recall-mean;-1_recall-std;-1_f1-score-mean;-1_f1-score-std;macro avg_precision-mean;macro avg_precision-std;macro avg_recall-mean;macro avg_recall-std;macro avg_f1-score-mean;macro avg_f1-score-std;weighted avg_precision-mean;weighted avg_precision-std;weighted avg_recall-mean;weighted avg_recall-std;weighted avg_f1-score-mean;weighted avg_f1-score-std;accuracy-mean;accuracy-std;time-mean;time-std
kernel:linear_gamma:scale_nu:0.045;0.88339149073239;0.017658426062524997;0.9550274725274726;0.02409477791835186;0.9176103498629937;0.01603297743099121;0.9906523091588195;0.004961757017171917;0.9741176470588234;0.0045395438834471315;0.9823042933904524;0.0034329512080557858;0.9370218999456048;0.009579616435206292;0.9645725597931479;0.01231880902060949;0.9499573216267232;0.009722914595194877;0.9724253165793227;0.005537577752982339;0.9708678265935753;0.005646800679293889;0.9713078931039305;0.00558696439277554;0.9708678265935753;0.005646800679293889;0.018555355072021485;0.000879491469014557
