Parameters;1_precision-mean;1_precision-std;1_recall-mean;1_recall-std;1_f1-score-mean;1_f1-score-std;-1_precision-mean;-1_precision-std;-1_recall-mean;-1_recall-std;-1_f1-score-mean;-1_f1-score-std;macro avg_precision-mean;macro avg_precision-std;macro avg_recall-mean;macro avg_recall-std;macro avg_f1-score-mean;macro avg_f1-score-std;weighted avg_precision-mean;weighted avg_precision-std;weighted avg_recall-mean;weighted avg_recall-std;weighted avg_f1-score-mean;weighted avg_f1-score-std;accuracy-mean;accuracy-std;time-mean;time-std
kernel:sigmoid_gamma:auto_nu:0.05;0.8851129038772625;0.02223939025467438;0.9483150183150183;0.03474791961912941;0.9152646966286436;0.02237516548222559;0.9893034801413073;0.007131407669854585;0.9747058823529411;0.005507675256936505;0.9819307333437217;0.0046031516889584205;0.937208192009285;0.012441077252053678;0.9615104503339797;0.017706937555625343;0.9485977149861826;0.013478710232913462;0.9715987566011478;0.007744953956743566;0.9702163607955298;0.007628734364783006;0.9705999571183336;0.007625966553475346;0.9702163607955298;0.007628734364783006;0.024856925010681152;0.0015558525526411353
