Parameters;1_precision-mean;1_precision-std;1_recall-mean;1_recall-std;1_f1-score-mean;1_f1-score-std;-1_precision-mean;-1_precision-std;-1_recall-mean;-1_recall-std;-1_f1-score-mean;-1_f1-score-std;macro avg_precision-mean;macro avg_precision-std;macro avg_recall-mean;macro avg_recall-std;macro avg_f1-score-mean;macro avg_f1-score-std;weighted avg_precision-mean;weighted avg_precision-std;weighted avg_recall-mean;weighted avg_recall-std;weighted avg_f1-score-mean;weighted avg_f1-score-std;accuracy-mean;accuracy-std;time-mean;time-std
kernel:linear_gamma:scale_nu:0.25;0.8188463990249135;0.030117311529285568;0.7451739926739925;0.04491113715972934;0.7794363781690345;0.030821766039704823;0.9488574591892908;0.008382898620597738;0.966078431372549;0.006851531454767093;0.9573569137707262;0.00520103738107773;0.8838519291071021;0.01646458296988227;0.8556262120232707;0.022274945505614575;0.8683966459698803;0.01791859633585472;0.9267702302536225;0.0094516130765833;0.9285463838351738;0.008855993239027618;0.9271291173331841;0.009415927423048044;0.9285463838351738;0.008855993239027618;0.0227738618850708;0.0030872413889187185
