Parameters;1_precision-mean;1_precision-std;1_recall-mean;1_recall-std;1_f1-score-mean;1_f1-score-std;-1_precision-mean;-1_precision-std;-1_recall-mean;-1_recall-std;-1_f1-score-mean;-1_f1-score-std;macro avg_precision-mean;macro avg_precision-std;macro avg_recall-mean;macro avg_recall-std;macro avg_f1-score-mean;macro avg_f1-score-std;weighted avg_precision-mean;weighted avg_precision-std;weighted avg_recall-mean;weighted avg_recall-std;weighted avg_f1-score-mean;weighted avg_f1-score-std;accuracy-mean;accuracy-std;time-mean;time-std
kernel:sigmoid_gamma:scale_nu:0.75;0.6469933034432017;0.020220087599577854;0.2504;0.01903260360539251;0.3606407422366492;0.02048307580690593;0.8664610559060932;0.0027480976999423885;0.9726399999999998;0.0029021371435547084;0.9164788888791222;0.0014099433245443797;0.7567271796746475;0.010601223193882113;0.61152;0.008730269182562471;0.6385598155578858;0.010727275009848918;0.8298830971622781;0.004604803389940412;0.8522666666666667;0.0026025628394590783;0.8238391977720434;0.004291534976171446;0.8522666666666667;0.0026025628394590783;0.5912919998168945;0.11310085444795315
