Parameters;1_precision-mean;1_precision-std;1_recall-mean;1_recall-std;1_f1-score-mean;1_f1-score-std;-1_precision-mean;-1_precision-std;-1_recall-mean;-1_recall-std;-1_f1-score-mean;-1_f1-score-std;macro avg_precision-mean;macro avg_precision-std;macro avg_recall-mean;macro avg_recall-std;macro avg_f1-score-mean;macro avg_f1-score-std;weighted avg_precision-mean;weighted avg_precision-std;weighted avg_recall-mean;weighted avg_recall-std;weighted avg_f1-score-mean;weighted avg_f1-score-std;accuracy-mean;accuracy-std;time-mean;time-std
kernel:sigmoid_gamma:scale_nu:0.7;0.763385685486321;0.02972763291878431;0.2996;0.025389761716093355;0.4298450169380036;0.02869512878726817;0.8751158009047041;0.0039599020932529335;0.9814400000000001;0.002624195114697096;0.925227058142972;0.002519404998922338;0.8192507431955125;0.016049136753272016;0.6405199999999999;0.012692107783973469;0.6775360375404879;0.015513574798705949;0.8564941150016402;0.0073223092639540565;0.8677999999999999;0.004657610259922289;0.8426633846088107;0.0067633128535938445;0.8677999999999999;0.004657610259922289;0.40503802299499514;0.007558741598262838
