Parameters;1_precision-mean;1_precision-std;1_recall-mean;1_recall-std;1_f1-score-mean;1_f1-score-std;-1_precision-mean;-1_precision-std;-1_recall-mean;-1_recall-std;-1_f1-score-mean;-1_f1-score-std;macro avg_precision-mean;macro avg_precision-std;macro avg_recall-mean;macro avg_recall-std;macro avg_f1-score-mean;macro avg_f1-score-std;weighted avg_precision-mean;weighted avg_precision-std;weighted avg_recall-mean;weighted avg_recall-std;weighted avg_f1-score-mean;weighted avg_f1-score-std;accuracy-mean;accuracy-std;time-mean;time-std
kernel:sigmoid_gamma:auto_nu:0.75;0.36853411811768577;0.022785544372982525;0.2496;0.028068487668558132;0.29717234299845724;0.025737675809158766;0.8590740713180617;0.004128891645850486;0.91464;0.006538990747814233;0.8859643333559619;0.0029924752495851616;0.6138040947178738;0.013156819277508414;0.58212;0.0125577705027604;0.5915683381772096;0.013467893498479794;0.7773174124513325;0.006924731573199534;0.8038000000000001;0.00488125666879612;0.7878323349630444;0.0056692872467113175;0.8038000000000001;0.00488125666879612;0.5779951095581055;0.1375769812481942
