Parameters;1_precision-mean;1_precision-std;1_recall-mean;1_recall-std;1_f1-score-mean;1_f1-score-std;0_precision-mean;0_precision-std;0_recall-mean;0_recall-std;0_f1-score-mean;0_f1-score-std;macro avg_precision-mean;macro avg_precision-std;macro avg_recall-mean;macro avg_recall-std;macro avg_f1-score-mean;macro avg_f1-score-std;weighted avg_precision-mean;weighted avg_precision-std;weighted avg_recall-mean;weighted avg_recall-std;weighted avg_f1-score-mean;weighted avg_f1-score-std;accuracy-mean;accuracy-std;time-mean;time-std
0.2_0.0001_500_3;0.9101527519897367;0.007923050502223321;0.54944;0.015312426326353379;0.6851116312244615;0.012724064503997112;0.24454672738964406;0.009038698951058818;0.7287999999999999;0.02483867951401606;0.36616135154526097;0.012531258383047106;0.5773497396896904;0.008219185793462366;0.6391199999999999;0.01473911801974596;0.5256364913848612;0.011690064073335286;0.799218414556388;0.007957879694668098;0.5793333333333334;0.013505554412907322;0.6319532512779281;0.012182704685286566;0.5793333333333334;0.013505554412907328;11.453747820854186;1.292433170670862
