Parameters;1_precision-mean;1_precision-std;1_recall-mean;1_recall-std;1_f1-score-mean;1_f1-score-std;-1_precision-mean;-1_precision-std;-1_recall-mean;-1_recall-std;-1_f1-score-mean;-1_f1-score-std;macro avg_precision-mean;macro avg_precision-std;macro avg_recall-mean;macro avg_recall-std;macro avg_f1-score-mean;macro avg_f1-score-std;weighted avg_precision-mean;weighted avg_precision-std;weighted avg_recall-mean;weighted avg_recall-std;weighted avg_f1-score-mean;weighted avg_f1-score-std;accuracy-mean;accuracy-std;time-mean;time-std
kernel:sigmoid_gamma:auto_nu:0.75;0.22516606418495103;0.024247210341764504;0.24960000000000004;0.03235799746585069;0.23661061905584774;0.027390936856978562;0.8466554431162624;0.005838439433985287;0.8284800000000001;0.008713759234681658;0.8374442148098948;0.005883644904875355;0.5359107536506067;0.01501454154055433;0.53904;0.016905573045596527;0.5370274169328713;0.015757844256139394;0.7430738799610439;0.008880014728021768;0.732;0.009199033765685512;0.7373052821842203;0.008591799985606911;0.732;0.009199033765685512;0.5455832481384277;0.12352296743157659
