Parameters;1_precision-mean;1_precision-std;1_recall-mean;1_recall-std;1_f1-score-mean;1_f1-score-std;-1_precision-mean;-1_precision-std;-1_recall-mean;-1_recall-std;-1_f1-score-mean;-1_f1-score-std;macro avg_precision-mean;macro avg_precision-std;macro avg_recall-mean;macro avg_recall-std;macro avg_f1-score-mean;macro avg_f1-score-std;weighted avg_precision-mean;weighted avg_precision-std;weighted avg_recall-mean;weighted avg_recall-std;weighted avg_f1-score-mean;weighted avg_f1-score-std;accuracy-mean;accuracy-std;time-mean;time-std
kernel:sigmoid_gamma:auto_nu:0.01;0.9927961662634894;0.0029640143881443514;0.99;0.010620734437881413;0.9913612469021563;0.005248233096938223;0.9980059098525222;0.002107818803450396;0.99856;0.0005986651818838121;0.998281514100506;0.001024254115233169;0.9954010380580058;0.0016032522257611354;0.99428;0.005243052545988828;0.9948213805013314;0.0031362015586634848;0.9971376192543502;0.001708840014122971;0.9971333333333332;0.0017139946842909773;0.9971281362341144;0.0017282082213115676;0.9971333333333332;0.0017139946842909773;0.020121097564697266;0.002411355035471334
