Parameters;1_precision-mean;1_precision-std;1_recall-mean;1_recall-std;1_f1-score-mean;1_f1-score-std;-1_precision-mean;-1_precision-std;-1_recall-mean;-1_recall-std;-1_f1-score-mean;-1_f1-score-std;macro avg_precision-mean;macro avg_precision-std;macro avg_recall-mean;macro avg_recall-std;macro avg_f1-score-mean;macro avg_f1-score-std;weighted avg_precision-mean;weighted avg_precision-std;weighted avg_recall-mean;weighted avg_recall-std;weighted avg_f1-score-mean;weighted avg_f1-score-std;accuracy-mean;accuracy-std;time-mean;time-std
kernel:rbf_gamma:scale_nu:0.85;0.20567093149586596;0.02133264986047221;0.1484;0.018969449122207;0.1723240371190935;0.02009135686521887;0.8387215766213003;0.002971794664175732;0.88568;0.004615798955760532;0.8615534124970916;0.0027816989924123884;0.5221962540585833;0.012147146285748362;0.5170399999999999;0.009384583102088237;0.5169387248080926;0.010833521981353436;0.7332131357670612;0.006026254429092975;0.7628;0.004558752265941017;0.7466818499340919;0.004964905933300502;0.7628;0.004558752265941017;0.31009955406188966;0.008608462238612682
