Parameters;1_precision-mean;1_precision-std;1_recall-mean;1_recall-std;1_f1-score-mean;1_f1-score-std;-1_precision-mean;-1_precision-std;-1_recall-mean;-1_recall-std;-1_f1-score-mean;-1_f1-score-std;macro avg_precision-mean;macro avg_precision-std;macro avg_recall-mean;macro avg_recall-std;macro avg_f1-score-mean;macro avg_f1-score-std;weighted avg_precision-mean;weighted avg_precision-std;weighted avg_recall-mean;weighted avg_recall-std;weighted avg_f1-score-mean;weighted avg_f1-score-std;accuracy-mean;accuracy-std;time-mean;time-std
kernel:sigmoid_gamma:auto_nu:0.005;0.9865449578842895;0.006118372602696349;0.9940000000000001;0.0040987803063838426;0.9902424689871931;0.0033733792108389983;0.9987990368690325;0.0008199147804461019;0.9972799999999999;0.0012496399481450565;0.9980382853270175;0.0006810825020900947;0.9926719973766611;0.0030139290536777;0.9956400000000001;0.0020274121435958662;0.9941403771571053;0.002027207716866092;0.9967566903715754;0.0011227772923305443;0.9967333333333332;0.0011333333333333338;0.9967389826037133;0.0011297755534103416;0.9967333333333332;0.0011333333333333338;0.016663098335266115;0.002465027400477175
