Parameters;1_precision-mean;1_precision-std;1_recall-mean;1_recall-std;1_f1-score-mean;1_f1-score-std;0_precision-mean;0_precision-std;0_recall-mean;0_recall-std;0_f1-score-mean;0_f1-score-std;macro avg_precision-mean;macro avg_precision-std;macro avg_recall-mean;macro avg_recall-std;macro avg_f1-score-mean;macro avg_f1-score-std;weighted avg_precision-mean;weighted avg_precision-std;weighted avg_recall-mean;weighted avg_recall-std;weighted avg_f1-score-mean;weighted avg_f1-score-std;accuracy-mean;accuracy-std;time-mean;time-std
0.4_0.0001_500_3;0.8942938038676994;0.0056076523732603405;0.8253600000000001;0.01528837466835505;0.8583982927476514;0.010222032905288912;0.3708945651935399;0.028357656216994247;0.5124000000000001;0.02382939361377039;0.43004470342316425;0.025898715278451487;0.6325941845306196;0.01675863482897947;0.6688799999999999;0.016950563412465106;0.6442214980854077;0.017771808445958583;0.807060597422006;0.009173218060266825;0.7732;0.015046003529915239;0.7870060278602369;0.01260904528815624;0.7732;0.015046003529915239;10.340564298629761;0.912009471454702
