Parameters;1_precision-mean;1_precision-std;1_recall-mean;1_recall-std;1_f1-score-mean;1_f1-score-std;-1_precision-mean;-1_precision-std;-1_recall-mean;-1_recall-std;-1_f1-score-mean;-1_f1-score-std;macro avg_precision-mean;macro avg_precision-std;macro avg_recall-mean;macro avg_recall-std;macro avg_f1-score-mean;macro avg_f1-score-std;weighted avg_precision-mean;weighted avg_precision-std;weighted avg_recall-mean;weighted avg_recall-std;weighted avg_f1-score-mean;weighted avg_f1-score-std;accuracy-mean;accuracy-std;time-mean;time-std
kernel:rbf_gamma:scale_nu:0.6;0.6634136659748058;0.029134599122933976;0.398;0.03338263021393013;0.4970635176586546;0.03164713003491153;0.8885591788894505;0.005548137413267384;0.9596799999999999;0.003789670170344642;0.922739726349317;0.0035981636320578016;0.7759864224321282;0.01664545550223617;0.67884;0.016850827872837593;0.7099016220039858;0.017512322843138348;0.8510349267370098;0.008758743073910944;0.8660666666666665;0.006473535870501291;0.8517936915675399;0.008141801090533021;0.8660666666666665;0.006473535870501291;0.2581219434738159;0.0078474069765937
