Parameters;1_precision-mean;1_precision-std;1_recall-mean;1_recall-std;1_f1-score-mean;1_f1-score-std;0_precision-mean;0_precision-std;0_recall-mean;0_recall-std;0_f1-score-mean;0_f1-score-std;macro avg_precision-mean;macro avg_precision-std;macro avg_recall-mean;macro avg_recall-std;macro avg_f1-score-mean;macro avg_f1-score-std;weighted avg_precision-mean;weighted avg_precision-std;weighted avg_recall-mean;weighted avg_recall-std;weighted avg_f1-score-mean;weighted avg_f1-score-std;accuracy-mean;accuracy-std;time-mean;time-std
0.1_0.0005_500_3;0.9719555756682009;0.003664999628282512;0.8173600000000001;0.013670640072798357;0.887912687373398;0.008032599317953124;0.4920119957811854;0.019038287637485194;0.882;0.01602498049920812;0.631402182222534;0.01604436513953472;0.7319837857246931;0.009950621636551107;0.84968;0.009395828861787558;0.759657434797966;0.011916025768455933;0.891964979020365;0.004711440803192991;0.8281333333333334;0.011150685081096061;0.8451609365149206;0.009280504996171751;0.8281333333333334;0.011150685081096061;15.901805520057678;0.20519003452719936
