Parameters;1_precision-mean;1_precision-std;1_recall-mean;1_recall-std;1_f1-score-mean;1_f1-score-std;0_precision-mean;0_precision-std;0_recall-mean;0_recall-std;0_f1-score-mean;0_f1-score-std;macro avg_precision-mean;macro avg_precision-std;macro avg_recall-mean;macro avg_recall-std;macro avg_f1-score-mean;macro avg_f1-score-std;weighted avg_precision-mean;weighted avg_precision-std;weighted avg_recall-mean;weighted avg_recall-std;weighted avg_f1-score-mean;weighted avg_f1-score-std;accuracy-mean;accuracy-std;time-mean;time-std
0.3_0.0005_300_3;0.9336989956736351;0.006771889942141503;0.9186399999999999;0.009966664437012012;0.9260702717094903;0.0061503412246734735;0.6244439020643141;0.03110819391235993;0.6736;0.03529079200018043;0.6475487692922026;0.026721507356478564;0.7790714488689746;0.01727388736536285;0.7961199999999999;0.01805329886752;0.7868095205008465;0.01620300616876281;0.8821564800720816;0.009150037413460913;0.8778;0.009892982922815116;0.879650021306609;0.009355815630588531;0.8778;0.009892982922815116;10.409250807762145;0.11817561649323535
