Parameters;1_precision-mean;1_precision-std;1_recall-mean;1_recall-std;1_f1-score-mean;1_f1-score-std;-1_precision-mean;-1_precision-std;-1_recall-mean;-1_recall-std;-1_f1-score-mean;-1_f1-score-std;macro avg_precision-mean;macro avg_precision-std;macro avg_recall-mean;macro avg_recall-std;macro avg_f1-score-mean;macro avg_f1-score-std;weighted avg_precision-mean;weighted avg_precision-std;weighted avg_recall-mean;weighted avg_recall-std;weighted avg_f1-score-mean;weighted avg_f1-score-std;accuracy-mean;accuracy-std;time-mean;time-std
kernel:rbf_gamma:auto_nu:0.45;0.8295288614985867;0.020932261417007842;0.544;0.02933939331342759;0.6568251458368192;0.026195926198134083;0.9146996737262427;0.005122020102238939;0.97768;0.0026156452358835143;0.9451358184329758;0.0034451965781785777;0.8721142676124147;0.012411652381766707;0.7608400000000001;0.015245668237240342;0.8009804821348976;0.014797461104633336;0.9005045383549666;0.007174503125171171;0.9054;0.006106098954688207;0.8970840396669498;0.007210675909518994;0.9054;0.006106098954688207;0.2064408540725708;0.0036844385607582154
