Parameters;1_precision-mean;1_precision-std;1_recall-mean;1_recall-std;1_f1-score-mean;1_f1-score-std;-1_precision-mean;-1_precision-std;-1_recall-mean;-1_recall-std;-1_f1-score-mean;-1_f1-score-std;macro avg_precision-mean;macro avg_precision-std;macro avg_recall-mean;macro avg_recall-std;macro avg_f1-score-mean;macro avg_f1-score-std;weighted avg_precision-mean;weighted avg_precision-std;weighted avg_recall-mean;weighted avg_recall-std;weighted avg_f1-score-mean;weighted avg_f1-score-std;accuracy-mean;accuracy-std;time-mean;time-std
48_3_0.3_0.0005_300;0.9951966839702424;0.002393679933064927;0.994;0.005138093031466056;0.994591544534465;0.003117387207945993;0.9988012133942356;0.0010256060356563896;0.9990399999999999;0.0004800000000000138;0.9989203355588219;0.0006204700349730355;0.9969989486822388;0.001423252029368963;0.99652;0.002641514716975851;0.9967559400466435;0.0018689234166539164;0.9982004584902366;0.001035903619252864;0.9982;0.0010349449797506665;0.9981988703880958;0.001036617683934869;0.9982;0.0010349449797506665;248.74513292312622;134.63884103908657
