Parameters;1_precision-mean;1_precision-std;1_recall-mean;1_recall-std;1_f1-score-mean;1_f1-score-std;-1_precision-mean;-1_precision-std;-1_recall-mean;-1_recall-std;-1_f1-score-mean;-1_f1-score-std;macro avg_precision-mean;macro avg_precision-std;macro avg_recall-mean;macro avg_recall-std;macro avg_f1-score-mean;macro avg_f1-score-std;weighted avg_precision-mean;weighted avg_precision-std;weighted avg_recall-mean;weighted avg_recall-std;weighted avg_f1-score-mean;weighted avg_f1-score-std;accuracy-mean;accuracy-std;time-mean;time-std
48_2_0.3_0.0005_500;0.9900974727949082;0.006377627127122591;0.9924000000000002;0.00902441133814279;0.9912002150679877;0.003840068245342217;0.9984838168605121;0.001795854310622773;0.998;0.0013023056476879696;0.9982399633447023;0.0007622508917032398;0.99429064482771;0.0027889187858652063;0.9952;0.004183778196797721;0.9947200892063451;0.002301051929744038;0.9970860928495779;0.0012623468322076432;0.9970666666666664;0.0012719189352225972;0.9970666719652501;0.0012751125395875321;0.9970666666666664;0.0012719189352225972;265.5995815753937;123.16314413593304
