Parameters;1_precision-mean;1_precision-std;1_recall-mean;1_recall-std;1_f1-score-mean;1_f1-score-std;0_precision-mean;0_precision-std;0_recall-mean;0_recall-std;0_f1-score-mean;0_f1-score-std;macro avg_precision-mean;macro avg_precision-std;macro avg_recall-mean;macro avg_recall-std;macro avg_f1-score-mean;macro avg_f1-score-std;weighted avg_precision-mean;weighted avg_precision-std;weighted avg_recall-mean;weighted avg_recall-std;weighted avg_f1-score-mean;weighted avg_f1-score-std;accuracy-mean;accuracy-std;time-mean;time-std
0.01_0.0005_500_3;0.9940080677671279;0.0019890572889856807;0.6199999999999999;0.022661332705734664;0.7634160082127507;0.016977749276524998;0.34105946718629776;0.012625886426706683;0.9812;0.00646219776856141;0.5060168874514888;0.013551467155444447;0.6675337674767129;0.006030913239402717;0.8006;0.009989194161692886;0.6347164478321197;0.015236041423988041;0.885183301003656;0.002166110414243666;0.6801999999999999;0.0183328484784371;0.7205161547525404;0.016391943759003613;0.6801999999999999;0.0183328484784371;15.934993839263916;0.5135120986304457
