Parameters;1_precision-mean;1_precision-std;1_recall-mean;1_recall-std;1_f1-score-mean;1_f1-score-std;-1_precision-mean;-1_precision-std;-1_recall-mean;-1_recall-std;-1_f1-score-mean;-1_f1-score-std;macro avg_precision-mean;macro avg_precision-std;macro avg_recall-mean;macro avg_recall-std;macro avg_f1-score-mean;macro avg_f1-score-std;weighted avg_precision-mean;weighted avg_precision-std;weighted avg_recall-mean;weighted avg_recall-std;weighted avg_f1-score-mean;weighted avg_f1-score-std;accuracy-mean;accuracy-std;time-mean;time-std
kernel:linear_gamma:scale_nu:0.55;0.8801092685747294;0.020208740992817168;0.4492;0.02453079697033915;0.5942752106846327;0.021191545977407387;0.8996785124822182;0.00392101245059174;0.9876799999999999;0.002633932421304676;0.9416194698311179;0.002033495161172535;0.8898938905284739;0.010003345285736261;0.7184400000000001;0.01176632482978437;0.7679473402578753;0.011532184168799836;0.89641697183097;0.004330936070258798;0.8979333333333333;0.0037291643389192023;0.8837287599733703;0.005126730065229743;0.8979333333333333;0.0037291643389192023;0.17545843124389648;0.005543603832323051
