Parameters;1_precision-mean;1_precision-std;1_recall-mean;1_recall-std;1_f1-score-mean;1_f1-score-std;-1_precision-mean;-1_precision-std;-1_recall-mean;-1_recall-std;-1_f1-score-mean;-1_f1-score-std;macro avg_precision-mean;macro avg_precision-std;macro avg_recall-mean;macro avg_recall-std;macro avg_f1-score-mean;macro avg_f1-score-std;weighted avg_precision-mean;weighted avg_precision-std;weighted avg_recall-mean;weighted avg_recall-std;weighted avg_f1-score-mean;weighted avg_f1-score-std;accuracy-mean;accuracy-std;time-mean;time-std
kernel:linear_gamma:scale_nu:0.025;0.9926855437926093;0.0030017842436870852;0.9747999999999998;0.009130169768410669;0.9836334503581762;0.004442045980948821;0.9949817083271405;0.0018085510504296483;0.99856;0.0005986651818838121;0.9967665591094532;0.0008619474960705922;0.9938336260598748;0.0015039921721090538;0.98668;0.0044794642536803405;0.9902000047338149;0.0026519378038633297;0.9945990142380519;0.0014396580663951616;0.9945999999999999;0.0014437605218471847;0.994577707650907;0.0014585710477056305;0.9945999999999999;0.0014437605218471847;0.020260047912597657;0.0027683635697989604
