Parameters;1_precision-mean;1_precision-std;1_recall-mean;1_recall-std;1_f1-score-mean;1_f1-score-std;0_precision-mean;0_precision-std;0_recall-mean;0_recall-std;0_f1-score-mean;0_f1-score-std;macro avg_precision-mean;macro avg_precision-std;macro avg_recall-mean;macro avg_recall-std;macro avg_f1-score-mean;macro avg_f1-score-std;weighted avg_precision-mean;weighted avg_precision-std;weighted avg_recall-mean;weighted avg_recall-std;weighted avg_f1-score-mean;weighted avg_f1-score-std;accuracy-mean;accuracy-std;time-mean;time-std
0.4_0.0005_300_3;0.9162755278754929;0.004486535485559396;0.9345600000000001;0.006926355463012263;0.9253000051307019;0.002850058899257176;0.6373160375606807;0.02010259645363771;0.5728;0.026820887382784313;0.6027404798796724;0.015089531253866306;0.7767957827180867;0.009917368410745185;0.7536799999999999;0.011527775153948833;0.7640202425051872;0.008459620924092482;0.869782279489691;0.004574101005909265;0.8742666666666666;0.004533333333333349;0.8715400842555303;0.004355662420363304;0.8742666666666666;0.004533333333333349;10.369970035552978;0.13370614478896953
