Parameters;1_precision-mean;1_precision-std;1_recall-mean;1_recall-std;1_f1-score-mean;1_f1-score-std;0_precision-mean;0_precision-std;0_recall-mean;0_recall-std;0_f1-score-mean;0_f1-score-std;macro avg_precision-mean;macro avg_precision-std;macro avg_recall-mean;macro avg_recall-std;macro avg_f1-score-mean;macro avg_f1-score-std;weighted avg_precision-mean;weighted avg_precision-std;weighted avg_recall-mean;weighted avg_recall-std;weighted avg_f1-score-mean;weighted avg_f1-score-std;accuracy-mean;accuracy-std;time-mean;time-std
0.01_0.0005_300_3;0.9919451623994767;0.004345552907097281;0.5624;0.024647271654282567;0.7174648336635383;0.019278119645111804;0.30907707188407146;0.01095455231150285;0.9768000000000001;0.013120975573485393;0.4694179731075444;0.011984361010726415;0.650511117141774;0.005120453398613345;0.7696;0.00981590546001745;0.5934414033855413;0.015444728213119338;0.8781338139802426;0.0034239702269167555;0.6314666666666666;0.01928453611921569;0.6761236902375392;0.017973136510749842;0.6314666666666666;0.019284536119215673;16.070530462265015;0.4876914012542022
