Parameters;1_precision-mean;1_precision-std;1_recall-mean;1_recall-std;1_f1-score-mean;1_f1-score-std;0_precision-mean;0_precision-std;0_recall-mean;0_recall-std;0_f1-score-mean;0_f1-score-std;macro avg_precision-mean;macro avg_precision-std;macro avg_recall-mean;macro avg_recall-std;macro avg_f1-score-mean;macro avg_f1-score-std;weighted avg_precision-mean;weighted avg_precision-std;weighted avg_recall-mean;weighted avg_recall-std;weighted avg_f1-score-mean;weighted avg_f1-score-std;accuracy-mean;accuracy-std;time-mean;time-std
0.4_0.0005_300_3;0.9214893575520803;0.007993700518920809;0.94712;0.00678303766759408;0.9340861999758043;0.0039185989081594414;0.6932898965655556;0.0236919597073671;0.596;0.04553679830642465;0.6399802866985452;0.02888693478992774;0.8073896270588179;0.013149017983191508;0.77156;0.021274924206680482;0.787033243337175;0.01615329657521833;0.8834561140543261;0.008317789869156211;0.8886;0.006827721272707159;0.8850685477629279;0.0077957754706023;0.8886;0.006827721272707159;10.501277995109557;0.1351165686350046
