Parameters;1_precision-mean;1_precision-std;1_recall-mean;1_recall-std;1_f1-score-mean;1_f1-score-std;0_precision-mean;0_precision-std;0_recall-mean;0_recall-std;0_f1-score-mean;0_f1-score-std;macro avg_precision-mean;macro avg_precision-std;macro avg_recall-mean;macro avg_recall-std;macro avg_f1-score-mean;macro avg_f1-score-std;weighted avg_precision-mean;weighted avg_precision-std;weighted avg_recall-mean;weighted avg_recall-std;weighted avg_f1-score-mean;weighted avg_f1-score-std;accuracy-mean;accuracy-std;time-mean;time-std
0.3_0.0001_500_3;0.8975955984847929;0.004646470555690428;0.6776000000000001;0.015450566332662362;0.7721539764422907;0.01107474255978154;0.27598820018616055;0.010975836572981786;0.6135999999999999;0.016800000000000016;0.3806334393852648;0.012550530726491756;0.5867918993354766;0.007591096553108567;0.6456000000000001;0.011716654812701443;0.5763937079137776;0.011293080381873192;0.7939943654350208;0.005533766941251245;0.6669333333333334;0.013323996731044655;0.706900553599453;0.011022210480398248;0.6669333333333334;0.013323996731044651;10.056484818458557;0.30332692933494443
