Parameters;1_precision-mean;1_precision-std;1_recall-mean;1_recall-std;1_f1-score-mean;1_f1-score-std;-1_precision-mean;-1_precision-std;-1_recall-mean;-1_recall-std;-1_f1-score-mean;-1_f1-score-std;macro avg_precision-mean;macro avg_precision-std;macro avg_recall-mean;macro avg_recall-std;macro avg_f1-score-mean;macro avg_f1-score-std;weighted avg_precision-mean;weighted avg_precision-std;weighted avg_recall-mean;weighted avg_recall-std;weighted avg_f1-score-mean;weighted avg_f1-score-std;accuracy-mean;accuracy-std;time-mean;time-std
48_3_0.3_0.0005_500;0.9952127362037793;0.002979711601565109;0.9944000000000001;0.006499230723708774;0.9947894123171634;0.0030260730807662195;0.9988821646863485;0.0012932459294113564;0.9990399999999999;0.0005986651818838477;0.9989604145184842;0.0005973825420458469;0.9970474504450639;0.0013707861814455905;0.99672;0.0031435012327021665;0.9968749134178239;0.0018117077159807537;0.998270593272587;0.0009932560214547274;0.9982666666666665;0.0009977753031397175;0.9982652474849308;0.0010021441157332081;0.9982666666666665;0.0009977753031397175;274.0155114650726;124.40583335643515
