Parameters;1_precision-mean;1_precision-std;1_recall-mean;1_recall-std;1_f1-score-mean;1_f1-score-std;-1_precision-mean;-1_precision-std;-1_recall-mean;-1_recall-std;-1_f1-score-mean;-1_f1-score-std;macro avg_precision-mean;macro avg_precision-std;macro avg_recall-mean;macro avg_recall-std;macro avg_f1-score-mean;macro avg_f1-score-std;weighted avg_precision-mean;weighted avg_precision-std;weighted avg_recall-mean;weighted avg_recall-std;weighted avg_f1-score-mean;weighted avg_f1-score-std;accuracy-mean;accuracy-std;time-mean;time-std
kernel:linear_gamma:scale_nu:0.7;0.673036168948704;0.026556992766625213;0.30079999999999996;0.02758550343930666;0.4154044154870176;0.030076701996306878;0.8741201742129203;0.004396112779084399;0.97088;0.0022112439937736414;0.9199566455017258;0.002757666493143399;0.7735781715808121;0.015103242972241544;0.63584;0.013939526534283724;0.6676805304943717;0.01635493245499645;0.8406061733355511;0.007687615685983217;0.8592000000000001;0.005110338105796476;0.8358646071659411;0.007232908570476558;0.8592000000000001;0.005110338105796476;0.19136552810668944;0.019200451064618533
