Parameters;1_precision-mean;1_precision-std;1_recall-mean;1_recall-std;1_f1-score-mean;1_f1-score-std;-1_precision-mean;-1_precision-std;-1_recall-mean;-1_recall-std;-1_f1-score-mean;-1_f1-score-std;macro avg_precision-mean;macro avg_precision-std;macro avg_recall-mean;macro avg_recall-std;macro avg_f1-score-mean;macro avg_f1-score-std;weighted avg_precision-mean;weighted avg_precision-std;weighted avg_recall-mean;weighted avg_recall-std;weighted avg_f1-score-mean;weighted avg_f1-score-std;accuracy-mean;accuracy-std;time-mean;time-std
kernel:rbf_gamma:scale_nu:0.025;0.9883085771293718;0.006075707110571589;0.9736;0.014333178293735146;0.980813406505761;0.006360036934384172;0.9947454439304089;0.002828554149587565;0.9976800000000001;0.0012106196760337173;0.9962072825598657;0.001221524067038353;0.9915270105298903;0.0026140607866057854;0.9856399999999998;0.006868944605978424;0.9885103445328134;0.0037905152585498343;0.9936726327969027;0.002034588273190633;0.9936666666666667;0.00204939015319192;0.9936416365508484;0.0020776740481053273;0.9936666666666667;0.00204939015319192;0.025450491905212404;0.0010092232513416927
