Parameters;1_precision-mean;1_precision-std;1_recall-mean;1_recall-std;1_f1-score-mean;1_f1-score-std;-1_precision-mean;-1_precision-std;-1_recall-mean;-1_recall-std;-1_f1-score-mean;-1_f1-score-std;macro avg_precision-mean;macro avg_precision-std;macro avg_recall-mean;macro avg_recall-std;macro avg_f1-score-mean;macro avg_f1-score-std;weighted avg_precision-mean;weighted avg_precision-std;weighted avg_recall-mean;weighted avg_recall-std;weighted avg_f1-score-mean;weighted avg_f1-score-std;accuracy-mean;accuracy-std;time-mean;time-std
kernel:linear_gamma:scale_nu:0.02;0.9947457720078496;0.003132989827546734;0.9792;0.013120975573485391;0.9868554653206326;0.006209440348044306;0.9958604613528248;0.0025956833230041604;0.99896;0.0006248199740725501;0.9974056602222342;0.001195848604448955;0.9953031166803372;0.001536993331882962;0.9890799999999998;0.006425075875038356;0.9921305627714334;0.0037026094542449415;0.995674679795329;0.0019912022280901623;0.9956666666666665;0.0020055478608654994;0.9956472944053006;0.0020314117652841207;0.9956666666666665;0.0020055478608654994;0.018847274780273437;0.0031462925109067915
