Parameters;1_precision-mean;1_precision-std;1_recall-mean;1_recall-std;1_f1-score-mean;1_f1-score-std;-1_precision-mean;-1_precision-std;-1_recall-mean;-1_recall-std;-1_f1-score-mean;-1_f1-score-std;macro avg_precision-mean;macro avg_precision-std;macro avg_recall-mean;macro avg_recall-std;macro avg_f1-score-mean;macro avg_f1-score-std;weighted avg_precision-mean;weighted avg_precision-std;weighted avg_recall-mean;weighted avg_recall-std;weighted avg_f1-score-mean;weighted avg_f1-score-std;accuracy-mean;accuracy-std;time-mean;time-std
kernel:sigmoid_gamma:scale_nu:0.6;0.8202961844783271;0.02664365786252036;0.3988;0.02917807395973902;0.5356837948573722;0.023708769148675254;0.890978928755281;0.004482156455382339;0.98232;0.003893789927564175;0.9344068594906976;0.0018327056598961564;0.8556375566168042;0.012588097953343277;0.69056;0.013276385050155793;0.7350453271740348;0.012593414890298362;0.8791984713757888;0.004507588398990344;0.8850666666666667;0.0034279893685819868;0.8679530153851435;0.005245726394248526;0.8850666666666667;0.0034279893685819868;0.391559362411499;0.010232135400246334
