Parameters;1_precision-mean;1_precision-std;1_recall-mean;1_recall-std;1_f1-score-mean;1_f1-score-std;-1_precision-mean;-1_precision-std;-1_recall-mean;-1_recall-std;-1_f1-score-mean;-1_f1-score-std;macro avg_precision-mean;macro avg_precision-std;macro avg_recall-mean;macro avg_recall-std;macro avg_f1-score-mean;macro avg_f1-score-std;weighted avg_precision-mean;weighted avg_precision-std;weighted avg_recall-mean;weighted avg_recall-std;weighted avg_f1-score-mean;weighted avg_f1-score-std;accuracy-mean;accuracy-std;time-mean;time-std
kernel:rbf_gamma:scale_nu:0.055;0.9912118670884317;0.004303722298299543;0.9443999999999999;0.010499523798725319;0.9672009488781391;0.005493947608411455;0.9889886271403769;0.00205566766186276;0.99832;0.0008352245207128191;0.993630976121076;0.0010325004202833515;0.9901002471144043;0.0022027758160891226;0.97136;0.005175944358278959;0.9804159624996075;0.0032630234568473996;0.9893591671317192;0.001727809420399672;0.9893333333333333;0.001738453974720698;0.9892259715805866;0.0017758702300292788;0.9893333333333333;0.001738453974720698;0.07315330505371094;0.0018403835123605898
