Parameters;1_precision-mean;1_precision-std;1_recall-mean;1_recall-std;1_f1-score-mean;1_f1-score-std;-1_precision-mean;-1_precision-std;-1_recall-mean;-1_recall-std;-1_f1-score-mean;-1_f1-score-std;macro avg_precision-mean;macro avg_precision-std;macro avg_recall-mean;macro avg_recall-std;macro avg_f1-score-mean;macro avg_f1-score-std;weighted avg_precision-mean;weighted avg_precision-std;weighted avg_recall-mean;weighted avg_recall-std;weighted avg_f1-score-mean;weighted avg_f1-score-std;accuracy-mean;accuracy-std;time-mean;time-std
kernel:poly_gamma:scale_nu:0.6;0.7714248783135706;0.021475111922137684;0.40040000000000003;0.028025702488965378;0.5266148906376366;0.026057119622986073;0.8906255600965295;0.004477239947472103;0.9762400000000001;0.0029295733477760835;0.9314600380179627;0.0024976830420391305;0.8310252192050502;0.011615349289297923;0.6883199999999999;0.013649087881613193;0.7290374643277997;0.01417167833139135;0.8707587797993698;0.005903197356139873;0.8802666666666668;0.004582090740650572;0.8639858467879081;0.006292861506747855;0.8802666666666668;0.004582090740650572;0.2120213031768799;0.014825915941767352
