Parameters;1_precision-mean;1_precision-std;1_recall-mean;1_recall-std;1_f1-score-mean;1_f1-score-std;-1_precision-mean;-1_precision-std;-1_recall-mean;-1_recall-std;-1_f1-score-mean;-1_f1-score-std;macro avg_precision-mean;macro avg_precision-std;macro avg_recall-mean;macro avg_recall-std;macro avg_f1-score-mean;macro avg_f1-score-std;weighted avg_precision-mean;weighted avg_precision-std;weighted avg_recall-mean;weighted avg_recall-std;weighted avg_f1-score-mean;weighted avg_f1-score-std;accuracy-mean;accuracy-std;time-mean;time-std
kernel:sigmoid_gamma:auto_nu:0.015;0.9903973884961065;0.006656194692676509;0.9852000000000001;0.009967948635501699;0.9877539234008232;0.005945924072361604;0.9970471209959106;0.0019788813692850783;0.9980800000000001;0.0013481839637082178;0.997561801115381;0.0011772624432257314;0.9937222547460085;0.003440175160499236;0.99164;0.005000639959045241;0.9926578622581023;0.0035614540396085104;0.9959388322459433;0.001956441078883426;0.9959333333333333;0.001965253729731155;0.9959271548296215;0.0019718996934169294;0.9959333333333333;0.001965253729731155;0.025302362442016602;0.0019471439041926118
