Parameters;1_precision-mean;1_precision-std;1_recall-mean;1_recall-std;1_f1-score-mean;1_f1-score-std;0_precision-mean;0_precision-std;0_recall-mean;0_recall-std;0_f1-score-mean;0_f1-score-std;macro avg_precision-mean;macro avg_precision-std;macro avg_recall-mean;macro avg_recall-std;macro avg_f1-score-mean;macro avg_f1-score-std;weighted avg_precision-mean;weighted avg_precision-std;weighted avg_recall-mean;weighted avg_recall-std;weighted avg_f1-score-mean;weighted avg_f1-score-std;accuracy-mean;accuracy-std;time-mean;time-std
0.3_0.0005_500_3;0.9769985364800624;0.0028730561867871523;0.6140170940170939;0.010868354021964892;0.7540437517118465;0.008268042322170231;0.06626055796058092;0.0043335816616223094;0.654411568705851;0.04450306978283367;0.12032894519094131;0.007836560938668006;0.5216295472203216;0.003561834103801106;0.6342143313614724;0.022134046364869382;0.4371863484513939;0.00657142644179698;0.9404185116554518;0.002929595590302695;0.6156393449259931;0.010332616270206665;0.7285903455944701;0.008034344767631887;0.6156393449259933;0.010332616270206664;18.195411825180052;0.3939532025466993
