Parameters;1_precision-mean;1_precision-std;1_recall-mean;1_recall-std;1_f1-score-mean;1_f1-score-std;0_precision-mean;0_precision-std;0_recall-mean;0_recall-std;0_f1-score-mean;0_f1-score-std;macro avg_precision-mean;macro avg_precision-std;macro avg_recall-mean;macro avg_recall-std;macro avg_f1-score-mean;macro avg_f1-score-std;weighted avg_precision-mean;weighted avg_precision-std;weighted avg_recall-mean;weighted avg_recall-std;weighted avg_f1-score-mean;weighted avg_f1-score-std;accuracy-mean;accuracy-std;time-mean;time-std
0.3_0.0005_500_3;0.980121727493706;0.0027847335724744487;0.6898803418803419;0.009635265297393617;0.8097285302143945;0.006027444740498398;0.08227866584116347;0.004279474783321668;0.6651006264161001;0.0503200767982464;0.14642249412962655;0.007881414500581094;0.5312001966674347;0.003458723643051036;0.677490484148221;0.02186404815941492;0.4780755121720105;0.004110150589171907;0.9440596926026584;0.002875036353030081;0.6888813445004638;0.007881933880196753;0.7830858657407255;0.005612256784977278;0.6888813445004638;0.007881933880196753;11.646197366714478;0.14109128938648655
