Parameters;1_precision-mean;1_precision-std;1_recall-mean;1_recall-std;1_f1-score-mean;1_f1-score-std;-1_precision-mean;-1_precision-std;-1_recall-mean;-1_recall-std;-1_f1-score-mean;-1_f1-score-std;macro avg_precision-mean;macro avg_precision-std;macro avg_recall-mean;macro avg_recall-std;macro avg_f1-score-mean;macro avg_f1-score-std;weighted avg_precision-mean;weighted avg_precision-std;weighted avg_recall-mean;weighted avg_recall-std;weighted avg_f1-score-mean;weighted avg_f1-score-std;accuracy-mean;accuracy-std;time-mean;time-std
kernel:poly_gamma:scale_nu:0.85;0.045461628603535906;0.015079622307023035;0.15117286418765824;0.05567174653940899;0.06987093250259926;0.02373324725923548;0.9607259147609742;0.002403966616149207;0.8686495726495727;0.005038068244728494;0.9123586044306423;0.002509304268404326;0.5030937716822551;0.00873702967009046;0.5099112184186154;0.026654622823034803;0.4911147684666207;0.011868824242500324;0.9239638000544858;0.002939194602127403;0.8398307099535106;0.004186695362887191;0.8785193647325217;0.002559072818130378;0.8398307099535106;0.004186695362887191;0.10776317119598389;0.005787839871496644
