Parameters;1_precision-mean;1_precision-std;1_recall-mean;1_recall-std;1_f1-score-mean;1_f1-score-std;-1_precision-mean;-1_precision-std;-1_recall-mean;-1_recall-std;-1_f1-score-mean;-1_f1-score-std;macro avg_precision-mean;macro avg_precision-std;macro avg_recall-mean;macro avg_recall-std;macro avg_f1-score-mean;macro avg_f1-score-std;weighted avg_precision-mean;weighted avg_precision-std;weighted avg_recall-mean;weighted avg_recall-std;weighted avg_f1-score-mean;weighted avg_f1-score-std;accuracy-mean;accuracy-std;time-mean;time-std
kernel:sigmoid_gamma:auto_nu:0.25;0.04227604802604803;0.030894443859279464;0.009802745568439292;0.007107678084849566;0.0158991703818679;0.011534272861451882;0.959850164277718;0.00033575999325386716;0.9905982905982906;0.0009205409926725924;0.974981732164126;0.0005810724588440971;0.501063106151883;0.01559569010125833;0.5002005180833649;0.0037558809787271562;0.4954404512729969;0.00593632783365117;0.9229953506652201;0.0015588950887698099;0.9512044138763915;0.0011133137072746615;0.9364599388223318;0.0009686010594296855;0.9512044138763915;0.0011133137072746615;0.06689364910125732;0.0015458192205611955
