Parameters;1_precision-mean;1_precision-std;1_recall-mean;1_recall-std;1_f1-score-mean;1_f1-score-std;-1_precision-mean;-1_precision-std;-1_recall-mean;-1_recall-std;-1_f1-score-mean;-1_f1-score-std;macro avg_precision-mean;macro avg_precision-std;macro avg_recall-mean;macro avg_recall-std;macro avg_f1-score-mean;macro avg_f1-score-std;weighted avg_precision-mean;weighted avg_precision-std;weighted avg_recall-mean;weighted avg_recall-std;weighted avg_f1-score-mean;weighted avg_f1-score-std;accuracy-mean;accuracy-std;time-mean;time-std
kernel:linear_gamma:scale_nu:0.6;0.35682019615005633;0.01677284372477479;0.4011462081833933;0.030783374659985697;0.3774978123793066;0.022028330116709592;0.9748122440306257;0.001263010455608279;0.9697777777777778;0.0013170160878125058;0.9722873993072166;0.0007750940249708846;0.6658162200903412;0.008938420924358259;0.6854619929805855;0.015181358196662654;0.6748926058432617;0.011289589235601931;0.9499897190363107;0.0018464958555984411;0.9469384821523171;0.0014785578221682355;0.9483970919895699;0.0015359892149584007;0.9469384821523171;0.0014785578221682355;0.07939879894256592;0.005323045412595119
