Parameters;1_precision-mean;1_precision-std;1_recall-mean;1_recall-std;1_f1-score-mean;1_f1-score-std;-1_precision-mean;-1_precision-std;-1_recall-mean;-1_recall-std;-1_f1-score-mean;-1_f1-score-std;macro avg_precision-mean;macro avg_precision-std;macro avg_recall-mean;macro avg_recall-std;macro avg_f1-score-mean;macro avg_f1-score-std;weighted avg_precision-mean;weighted avg_precision-std;weighted avg_recall-mean;weighted avg_recall-std;weighted avg_f1-score-mean;weighted avg_f1-score-std;accuracy-mean;accuracy-std;time-mean;time-std
kernel:rbf_gamma:auto_nu:0.85;0.05033111614190583;0.013852188950415154;0.14382247101159534;0.044060839037480634;0.07451626518289839;0.021024890776603973;0.9612079633263549;0.0018364908318839743;0.8875897435897435;0.006243974376377368;0.9229185071371517;0.003166763755473423;0.5057695397341304;0.007840958895198516;0.5157061073006695;0.020555482506581953;0.4987173861600249;0.010358939792404287;0.9246217385728984;0.002366142305651965;0.8577152498003716;0.005337165914837819;0.8888415411633946;0.003093187049195952;0.8577152498003716;0.005337165914837819;0.19478089809417726;0.020324236416492447
