Parameters;1_precision-mean;1_precision-std;1_recall-mean;1_recall-std;1_f1-score-mean;1_f1-score-std;-1_precision-mean;-1_precision-std;-1_recall-mean;-1_recall-std;-1_f1-score-mean;-1_f1-score-std;macro avg_precision-mean;macro avg_precision-std;macro avg_recall-mean;macro avg_recall-std;macro avg_f1-score-mean;macro avg_f1-score-std;weighted avg_precision-mean;weighted avg_precision-std;weighted avg_recall-mean;weighted avg_recall-std;weighted avg_f1-score-mean;weighted avg_f1-score-std;accuracy-mean;accuracy-std;time-mean;time-std
kernel:poly_gamma:scale_nu:0.6;0.32108723223787305;0.02734817629961091;0.39864054378248703;0.049120731120910754;0.35528940022916566;0.03504475651884193;0.9745881499390215;0.0019823567081093505;0.964820512820513;0.00241963381596176;0.9696766520144804;0.0013858399708408617;0.6478376910884471;0.014551648942743526;0.6817305283014998;0.02425696275136595;0.6624830261218231;0.017992303937945542;0.948340259552514;0.0029003986721666953;0.9420818808052671;0.002623565749633522;0.9450005869182055;0.0025062343596688177;0.9420818808052671;0.002623565749633522;0.15518863201141359;0.00273306892986159
