Parameters;1_precision-mean;1_precision-std;1_recall-mean;1_recall-std;1_f1-score-mean;1_f1-score-std;0_precision-mean;0_precision-std;0_recall-mean;0_recall-std;0_f1-score-mean;0_f1-score-std;macro avg_precision-mean;macro avg_precision-std;macro avg_recall-mean;macro avg_recall-std;macro avg_f1-score-mean;macro avg_f1-score-std;weighted avg_precision-mean;weighted avg_precision-std;weighted avg_recall-mean;weighted avg_recall-std;weighted avg_f1-score-mean;weighted avg_f1-score-std;accuracy-mean;accuracy-std;time-mean;time-std
0.5_0.0001_500_3;0.9739578502295458;0.001997141704517796;0.7745982905982907;0.011845105465381483;0.8628609060517837;0.0072953402378754155;0.08578258430217553;0.006964212532669468;0.5048047447687591;0.041656813518148685;0.14659613892269585;0.01160383028285044;0.5298702172658607;0.0043854274393243355;0.6397015176835248;0.020009637571862256;0.5047285224872398;0.007923205663129446;0.9382845998712785;0.0020797304224060326;0.7637651637900366;0.0110056254611373;0.8340928369494133;0.007146867776819788;0.7637651637900366;0.0110056254611373;13.314439487457275;0.07295321836782208
