Parameters;1_precision-mean;1_precision-std;1_recall-mean;1_recall-std;1_f1-score-mean;1_f1-score-std;-1_precision-mean;-1_precision-std;-1_recall-mean;-1_recall-std;-1_f1-score-mean;-1_f1-score-std;macro avg_precision-mean;macro avg_precision-std;macro avg_recall-mean;macro avg_recall-std;macro avg_f1-score-mean;macro avg_f1-score-std;weighted avg_precision-mean;weighted avg_precision-std;weighted avg_recall-mean;weighted avg_recall-std;weighted avg_f1-score-mean;weighted avg_f1-score-std;accuracy-mean;accuracy-std;time-mean;time-std
kernel:poly_gamma:scale_nu:0.3;0.34650787484707557;0.01839659910882401;0.6960415833666534;0.047105058965661695;0.4625576181922872;0.025997244666896433;0.9867257957176339;0.002013143059491967;0.9450940170940172;0.0023298085521231914;0.9654589348988983;0.001581093824785142;0.6666168352823548;0.010094201989640438;0.8205678002303353;0.023593992255670625;0.7140082765455927;0.01366353079794194;0.9610111533431829;0.002594298081863818;0.9350923135961795;0.0029503888033643086;0.9452600933337749;0.0024641132605044444;0.9350923135961795;0.0029503888033643086;0.09166932106018066;0.01900612611509107
