Parameters;1_precision-mean;1_precision-std;1_recall-mean;1_recall-std;1_f1-score-mean;1_f1-score-std;-1_precision-mean;-1_precision-std;-1_recall-mean;-1_recall-std;-1_f1-score-mean;-1_f1-score-std;macro avg_precision-mean;macro avg_precision-std;macro avg_recall-mean;macro avg_recall-std;macro avg_f1-score-mean;macro avg_f1-score-std;weighted avg_precision-mean;weighted avg_precision-std;weighted avg_recall-mean;weighted avg_recall-std;weighted avg_f1-score-mean;weighted avg_f1-score-std;accuracy-mean;accuracy-std;time-mean;time-std
kernel:sigmoid_gamma:scale_nu:0.4;0.3988654189105545;0.023346312758409555;0.6004931360789018;0.03617334935967792;0.47926681917587943;0.027756438014845716;0.9829213487947588;0.0015402077945693184;0.9621196581196582;0.001801290922710354;0.9724086499056115;0.0014903041995512525;0.6908933838526565;0.012379755680814154;0.78130639709928;0.01861733066472607;0.7258377345407454;0.014593808776403108;0.9594628137210227;0.002368159082413077;0.9475946608987627;0.002823117659558069;0.9526015763705082;0.002518541801247938;0.9475946608987627;0.002823117659558069;0.14220724105834961;0.005409475840846169
