Parameters;1_precision-mean;1_precision-std;1_recall-mean;1_recall-std;1_f1-score-mean;1_f1-score-std;-1_precision-mean;-1_precision-std;-1_recall-mean;-1_recall-std;-1_f1-score-mean;-1_f1-score-std;macro avg_precision-mean;macro avg_precision-std;macro avg_recall-mean;macro avg_recall-std;macro avg_f1-score-mean;macro avg_f1-score-std;weighted avg_precision-mean;weighted avg_precision-std;weighted avg_recall-mean;weighted avg_recall-std;weighted avg_f1-score-mean;weighted avg_f1-score-std;accuracy-mean;accuracy-std;time-mean;time-std
kernel:sigmoid_gamma:scale_nu:0.6;0.39083090376349733;0.021018992637634792;0.3995335199253632;0.03195004839115814;0.39464523264692314;0.023007194556487285;0.9748506495139203;0.0013043216067765376;0.9739145299145301;0.0021732943692735454;0.9743801224991883;0.0010154234826163567;0.6828407766387088;0.010871633070976012;0.6867240249199467;0.015524669253742919;0.6845126775730558;0.0117908934962528;0.9513931427811352;0.001868673415424859;0.9508433599762943;0.0019118003358728109;0.9510943651987797;0.0016869717652629281;0.9508433599762943;0.0019118003358728109;0.1790020704269409;0.0038228586502832293
