Parameters;1_precision-mean;1_precision-std;1_recall-mean;1_recall-std;1_f1-score-mean;1_f1-score-std;0_precision-mean;0_precision-std;0_recall-mean;0_recall-std;0_f1-score-mean;0_f1-score-std;macro avg_precision-mean;macro avg_precision-std;macro avg_recall-mean;macro avg_recall-std;macro avg_f1-score-mean;macro avg_f1-score-std;weighted avg_precision-mean;weighted avg_precision-std;weighted avg_recall-mean;weighted avg_recall-std;weighted avg_f1-score-mean;weighted avg_f1-score-std;accuracy-mean;accuracy-std;time-mean;time-std
0.5_0.0001_300_3;0.9701253005260455;0.0031397564453026876;0.6870085470085471;0.0070914422265611985;0.8043599027527305;0.005038102847050668;0.06195739072007498;0.006815167665857309;0.49418232706917237;0.05599889837475925;0.11010524206301904;0.012135839664435757;0.5160413456230601;0.004973528348734913;0.5905954370388595;0.02803043295452136;0.45723257240787474;0.0072626044628470235;0.933648643051385;0.0032343723952581267;0.6792677298870624;0.007054480312138062;0.776475824405201;0.005026483443660528;0.6792677298870624;0.007054480312138085;13.095644760131837;0.12527118245814267
