Parameters;1_precision-mean;1_precision-std;1_recall-mean;1_recall-std;1_f1-score-mean;1_f1-score-std;-1_precision-mean;-1_precision-std;-1_recall-mean;-1_recall-std;-1_f1-score-mean;-1_f1-score-std;macro avg_precision-mean;macro avg_precision-std;macro avg_recall-mean;macro avg_recall-std;macro avg_f1-score-mean;macro avg_f1-score-std;weighted avg_precision-mean;weighted avg_precision-std;weighted avg_recall-mean;weighted avg_recall-std;weighted avg_f1-score-mean;weighted avg_f1-score-std;accuracy-mean;accuracy-std;time-mean;time-std
kernel:poly_gamma:auto_nu:0.05;0.03481947461265813;0.019980254341816484;0.021231507397041185;0.012228948555402408;0.026365923952554077;0.015153889477482621;0.9597096871358127;0.0004695273573329481;0.9755897435897436;0.0010832806507866516;0.9675841903477072;0.0005696978692617863;0.4972645808742354;0.010212589359471376;0.4984106254933923;0.006152264483073231;0.49697505715013063;0.007709852379245118;0.9225619466731505;0.0012235054818308913;0.9372579048106349;0.0010814269543096874;0.9297803131035247;0.0009331693684833462;0.9372579048106349;0.0010814269543096874;0.0196744441986084;0.0012837838033716604
