Parameters;1_precision-mean;1_precision-std;1_recall-mean;1_recall-std;1_f1-score-mean;1_f1-score-std;-1_precision-mean;-1_precision-std;-1_recall-mean;-1_recall-std;-1_f1-score-mean;-1_f1-score-std;macro avg_precision-mean;macro avg_precision-std;macro avg_recall-mean;macro avg_recall-std;macro avg_f1-score-mean;macro avg_f1-score-std;weighted avg_precision-mean;weighted avg_precision-std;weighted avg_recall-mean;weighted avg_recall-std;weighted avg_f1-score-mean;weighted avg_f1-score-std;accuracy-mean;accuracy-std;time-mean;time-std
48_3_0.3_0.0001_500;0.5296244931942502;0.07302792076850641;0.6748767159802747;0.05511160146896453;0.5903627399258827;0.05392587280278548;0.9862272943394744;0.0023079461934141588;0.9739829059829059;0.007428250316773549;0.9800513972116555;0.003949464971915573;0.7579258937668623;0.03682209899253978;0.8244298109815903;0.027619883479735863;0.7852070685687691;0.02881150843863852;0.9678784439534942;0.0041497778131065295;0.9619685943835293;0.0073970804512830555;0.9643934647605816;0.005912893879717306;0.9619685943835293;0.0073970804512830555;1050.072791314125;463.5732744424562
