Parameters;1_precision-mean;1_precision-std;1_recall-mean;1_recall-std;1_f1-score-mean;1_f1-score-std;-1_precision-mean;-1_precision-std;-1_recall-mean;-1_recall-std;-1_f1-score-mean;-1_f1-score-std;macro avg_precision-mean;macro avg_precision-std;macro avg_recall-mean;macro avg_recall-std;macro avg_f1-score-mean;macro avg_f1-score-std;weighted avg_precision-mean;weighted avg_precision-std;weighted avg_recall-mean;weighted avg_recall-std;weighted avg_f1-score-mean;weighted avg_f1-score-std;accuracy-mean;accuracy-std;time-mean;time-std
kernel:poly_gamma:scale_nu:0.85;0.0563379831905502;0.01589797426317711;0.14459549513527922;0.047432352295229595;0.08102887017763252;0.023901820565564284;0.9617655815623589;0.0018949215890260614;0.9001367521367521;0.004845663913491113;0.9299201895702935;0.0020766795363858044;0.5090517823764545;0.008892964624784467;0.5223661236360158;0.02194375922272246;0.505474529873963;0.01151272726957667;0.9253988554991304;0.002461825969762806;0.8697908294979702;0.0034837937421303743;0.8958244383158634;0.0018225376122754722;0.8697908294979702;0.0034837937421303743;0.10742397308349609;0.003785342682314967
