Parameters;1_precision-mean;1_precision-std;1_recall-mean;1_recall-std;1_f1-score-mean;1_f1-score-std;-1_precision-mean;-1_precision-std;-1_recall-mean;-1_recall-std;-1_f1-score-mean;-1_f1-score-std;macro avg_precision-mean;macro avg_precision-std;macro avg_recall-mean;macro avg_recall-std;macro avg_f1-score-mean;macro avg_f1-score-std;weighted avg_precision-mean;weighted avg_precision-std;weighted avg_recall-mean;weighted avg_recall-std;weighted avg_f1-score-mean;weighted avg_f1-score-std;accuracy-mean;accuracy-std;time-mean;time-std
kernel:sigmoid_gamma:auto_nu:0.06;0.0849402279156761;0.049358008522032905;0.1534986005597761;0.0928900087845908;0.07810346120064679;0.02644279971396267;0.9579114923887785;0.0052572770011273;0.8284786324786324;0.1809328866590061;0.8779049089396705;0.11172555762375039;0.5214258601522272;0.02721195529503314;0.49098861651920434;0.04686601224233985;0.4780041850701588;0.06784199325014043;0.9228471420555223;0.006993332741271778;0.8013768652441582;0.17006639683673586;0.8457836747665484;0.10820114021222264;0.8013768652441582;0.17006639683673586;0.02839236259460449;0.0037901083743986557
