Parameters;1_precision-mean;1_precision-std;1_recall-mean;1_recall-std;1_f1-score-mean;1_f1-score-std;0_precision-mean;0_precision-std;0_recall-mean;0_recall-std;0_f1-score-mean;0_f1-score-std;macro avg_precision-mean;macro avg_precision-std;macro avg_recall-mean;macro avg_recall-std;macro avg_f1-score-mean;macro avg_f1-score-std;weighted avg_precision-mean;weighted avg_precision-std;weighted avg_recall-mean;weighted avg_recall-std;weighted avg_f1-score-mean;weighted avg_f1-score-std;accuracy-mean;accuracy-std;time-mean;time-std
0.5_0.0005_300_3;0.9742491223348899;0.0022514363944405426;0.7635897435897437;0.011869945644928565;0.8560897196650122;0.006915679674891672;0.08375587779919863;0.0050504783430551006;0.5170998267359723;0.04873061157292411;0.1441154643922667;0.009173481148891396;0.5290025000670443;0.003589930724222149;0.6403447851628579;0.02038226361015597;0.5001025920286395;0.004778826609617443;0.9384822563630741;0.002320097020473205;0.7536921023820168;0.01004485845484719;0.8274936920055934;0.0065589865998702986;0.7536921023820168;0.01004485845484719;11.748797917366028;0.5869646231699038
