Parameters;1_precision-mean;1_precision-std;1_recall-mean;1_recall-std;1_f1-score-mean;1_f1-score-std;-1_precision-mean;-1_precision-std;-1_recall-mean;-1_recall-std;-1_f1-score-mean;-1_f1-score-std;macro avg_precision-mean;macro avg_precision-std;macro avg_recall-mean;macro avg_recall-std;macro avg_f1-score-mean;macro avg_f1-score-std;weighted avg_precision-mean;weighted avg_precision-std;weighted avg_recall-mean;weighted avg_recall-std;weighted avg_f1-score-mean;weighted avg_f1-score-std;accuracy-mean;accuracy-std;time-mean;time-std
48_2_0.3_0.0005_500;0.388679590581489;0.06888713701192259;0.7965280554444889;0.04694671266526236;0.5193542976647735;0.06652307822032966;0.9910706703575485;0.002053051476040794;0.9451965811965811;0.014789674043879472;0.9675334810131172;0.008061286965479421;0.6898751304695188;0.034904887533053056;0.8708623183205351;0.025818559034783486;0.7434438893389453;0.03716025130173312;0.9668792671626182;0.004005725751406569;0.9392259995848076;0.014637381811485932;0.9495357317971882;0.010309318611620497;0.9392259995848076;0.014637381811485932;742.5421694040299;450.9666940014298
