Parameters;1_precision-mean;1_precision-std;1_recall-mean;1_recall-std;1_f1-score-mean;1_f1-score-std;0_precision-mean;0_precision-std;0_recall-mean;0_recall-std;0_f1-score-mean;0_f1-score-std;macro avg_precision-mean;macro avg_precision-std;macro avg_recall-mean;macro avg_recall-std;macro avg_f1-score-mean;macro avg_f1-score-std;weighted avg_precision-mean;weighted avg_precision-std;weighted avg_recall-mean;weighted avg_recall-std;weighted avg_f1-score-mean;weighted avg_f1-score-std;accuracy-mean;accuracy-std;time-mean;time-std
0.3_0.0005_500_3;0.9795746497244779;0.002633323859258405;0.6886837606837607;0.018920660134892176;0.8086211834588101;0.013254982565680841;0.08130196531649024;0.006322107765908895;0.6567373050779688;0.04581173821833593;0.14465060249200107;0.010902975893713602;0.5304383075204842;0.004365661377512535;0.6727105328808648;0.023734809423671815;0.47663589297540554;0.010721204205027195;0.9434954042067373;0.0026688724917715186;0.6874059248501387;0.018039254855617283;0.7819536390517141;0.012988038567345461;0.6874059248501387;0.018039254855617283;11.880745100975037;0.12055699620401221
