Parameters;1_precision-mean;1_precision-std;1_recall-mean;1_recall-std;1_f1-score-mean;1_f1-score-std;0_precision-mean;0_precision-std;0_recall-mean;0_recall-std;0_f1-score-mean;0_f1-score-std;macro avg_precision-mean;macro avg_precision-std;macro avg_recall-mean;macro avg_recall-std;macro avg_f1-score-mean;macro avg_f1-score-std;weighted avg_precision-mean;weighted avg_precision-std;weighted avg_recall-mean;weighted avg_recall-std;weighted avg_f1-score-mean;weighted avg_f1-score-std;accuracy-mean;accuracy-std;time-mean;time-std
0.4_0.0005_500_3;0.9741678142044317;0.001593438892050677;0.6871794871794872;0.010555192214930708;0.8058401159118391;0.007339240387069841;0.0702583564711627;0.0035126786076754954;0.5645608423297348;0.027519126142655274;0.12495276018266506;0.006112126159271109;0.5222130853377973;0.0025074225892617644;0.625870164754611;0.01394605730395244;0.46539643804725206;0.005782134547127313;0.9378619424659165;0.0016997124477642666;0.68225395100555;0.010018939915485107;0.7784920353193276;0.007179245729597982;0.68225395100555;0.010018939915485107;18.106541109085082;0.37326771526104674
