Parameters;1_precision-mean;1_precision-std;1_recall-mean;1_recall-std;1_f1-score-mean;1_f1-score-std;0_precision-mean;0_precision-std;0_recall-mean;0_recall-std;0_f1-score-mean;0_f1-score-std;macro avg_precision-mean;macro avg_precision-std;macro avg_recall-mean;macro avg_recall-std;macro avg_f1-score-mean;macro avg_f1-score-std;weighted avg_precision-mean;weighted avg_precision-std;weighted avg_recall-mean;weighted avg_recall-std;weighted avg_f1-score-mean;weighted avg_f1-score-std;accuracy-mean;accuracy-std;time-mean;time-std
0.4_0.0005_500_3;0.9738858047068323;0.0019816870857074127;0.7125470085470085;0.009496399616106379;0.8229298807584516;0.006307250072954312;0.07330671857595188;0.004610472075549271;0.5432826869252299;0.03676933771942961;0.12916839965842036;0.008098634758893587;0.5235962616413922;0.0032588228325355828;0.6279148477361193;0.0178290425007179;0.476049140208436;0.005798136412798686;0.9377138277199968;0.0020698648428048314;0.705749082398504;0.008869605360973774;0.7950648786861902;0.006149287264067157;0.705749082398504;0.008869605360973774;17.6616641998291;0.31345065814894996
