Parameters;1_precision-mean;1_precision-std;1_recall-mean;1_recall-std;1_f1-score-mean;1_f1-score-std;0_precision-mean;0_precision-std;0_recall-mean;0_recall-std;0_f1-score-mean;0_f1-score-std;macro avg_precision-mean;macro avg_precision-std;macro avg_recall-mean;macro avg_recall-std;macro avg_f1-score-mean;macro avg_f1-score-std;weighted avg_precision-mean;weighted avg_precision-std;weighted avg_recall-mean;weighted avg_recall-std;weighted avg_f1-score-mean;weighted avg_f1-score-std;accuracy-mean;accuracy-std;time-mean;time-std
0.3_0.0005_500_3;0.9794841540019604;0.0022280841835754937;0.6571282051282051;0.016431218805093222;0.7864333438691335;0.01173321232905345;0.07570184362065589;0.003961688112698077;0.6706850593096094;0.04063144846261732;0.13602474073660714;0.007045274554149203;0.5275929988113082;0.002986748041962202;0.6639066322189073;0.01798445264975955;0.4612290423028703;0.007571903259889711;0.9431833756679406;0.0022381045592721064;0.6576765193077482;0.015071504017218835;0.7603104690133455;0.01138374725294744;0.6576765193077483;0.015071504017218804;11.958467984199524;0.13815645890275946
