Parameters;1_precision-mean;1_precision-std;1_recall-mean;1_recall-std;1_f1-score-mean;1_f1-score-std;-1_precision-mean;-1_precision-std;-1_recall-mean;-1_recall-std;-1_f1-score-mean;-1_f1-score-std;macro avg_precision-mean;macro avg_precision-std;macro avg_recall-mean;macro avg_recall-std;macro avg_f1-score-mean;macro avg_f1-score-std;weighted avg_precision-mean;weighted avg_precision-std;weighted avg_recall-mean;weighted avg_recall-std;weighted avg_f1-score-mean;weighted avg_f1-score-std;accuracy-mean;accuracy-std;time-mean;time-std
kernel:sigmoid_gamma:scale_nu:0.8;0.08209042822288978;0.016923783239404713;0.20018659202985473;0.04718259586535077;0.11640951882369402;0.024980561923456823;0.9644137717404153;0.002012927164926327;0.906905982905983;0.0016682219348726102;0.9347735534165384;0.0009266295104138068;0.5232520999816523;0.009463081133756325;0.5535462874679189;0.023168003984496307;0.5255915361201161;0.012752017186829324;0.9289747415092652;0.002633927679325837;0.8785194572002751;0.0017493576720406404;0.9019032936820949;0.0016941746378247825;0.8785194572002751;0.0017493576720406404;0.2288980722427368;0.005429598603571479
