Parameters;1_precision-mean;1_precision-std;1_recall-mean;1_recall-std;1_f1-score-mean;1_f1-score-std;-1_precision-mean;-1_precision-std;-1_recall-mean;-1_recall-std;-1_f1-score-mean;-1_f1-score-std;macro avg_precision-mean;macro avg_precision-std;macro avg_recall-mean;macro avg_recall-std;macro avg_f1-score-mean;macro avg_f1-score-std;weighted avg_precision-mean;weighted avg_precision-std;weighted avg_recall-mean;weighted avg_recall-std;weighted avg_f1-score-mean;weighted avg_f1-score-std;accuracy-mean;accuracy-std;time-mean;time-std
kernel:poly_gamma:scale_nu:0.35;0.3587325582469446;0.018416373376776696;0.6527455684392909;0.03860900979027448;0.4629242983140293;0.0243000549557747;0.9849560457712224;0.0016447454973306144;0.9511794871794871;0.0018524741448402086;0.9677719726531689;0.0013987895295044317;0.6718443020090835;0.00994004889700695;0.801962527809389;0.01956323583393046;0.7153481354835992;0.012789136111051829;0.9598044790495649;0.0022380432419224824;0.9391939449068702;0.0026319624738932543;0.9474956463359895;0.0022467102780221377;0.9391939449068702;0.0026319624738932543;0.06653409004211426;0.005203678990291427
