Parameters;1_precision-mean;1_precision-std;1_recall-mean;1_recall-std;1_f1-score-mean;1_f1-score-std;-1_precision-mean;-1_precision-std;-1_recall-mean;-1_recall-std;-1_f1-score-mean;-1_f1-score-std;macro avg_precision-mean;macro avg_precision-std;macro avg_recall-mean;macro avg_recall-std;macro avg_f1-score-mean;macro avg_f1-score-std;weighted avg_precision-mean;weighted avg_precision-std;weighted avg_recall-mean;weighted avg_recall-std;weighted avg_f1-score-mean;weighted avg_f1-score-std;accuracy-mean;accuracy-std;time-mean;time-std
48_2_0.3_0.0005_500;0.37686060172882907;0.06533066762592848;0.8080434492869519;0.07595304533733904;0.5111025559429947;0.06612814014101004;0.9915515960759066;0.0033241646926206866;0.9420854700854701;0.013769079564338722;0.9661333264783213;0.007515821374287149;0.6842060989023679;0.03335714820901143;0.8750644596862109;0.03881014814275497;0.7386179412106578;0.03657587913806376;0.9668618603560273;0.004885657508117232;0.9367005173541033;0.013663820566607343;0.9478561108191315;0.009746058527203779;0.9367005173541033;0.013663820566607343;701.3871129274369;453.4317986020473
