Parameters;1_precision-mean;1_precision-std;1_recall-mean;1_recall-std;1_f1-score-mean;1_f1-score-std;-1_precision-mean;-1_precision-std;-1_recall-mean;-1_recall-std;-1_f1-score-mean;-1_f1-score-std;macro avg_precision-mean;macro avg_precision-std;macro avg_recall-mean;macro avg_recall-std;macro avg_f1-score-mean;macro avg_f1-score-std;weighted avg_precision-mean;weighted avg_precision-std;weighted avg_recall-mean;weighted avg_recall-std;weighted avg_f1-score-mean;weighted avg_f1-score-std;accuracy-mean;accuracy-std;time-mean;time-std
kernel:rbf_gamma:auto_nu:0.85;0.06750020175445103;0.010793335738360436;0.15112621618019456;0.031559752210731595;0.09323690463955703;0.01623140198846926;0.962568578107686;0.001185462603345754;0.9132991452991452;0.005001745622667098;0.9372772504041474;0.0022834763593425505;0.5150343899310685;0.005978105379066324;0.5322126807396699;0.013994923571138762;0.5152570775218522;0.007602415253203023;0.9266181864044778;0.0015581869133343446;0.8826868022158536;0.003922017643429057;0.9033765042329012;0.001925066766001244;0.8826868022158536;0.003922017643429057;0.18772523403167723;0.006356976066513037
