Parameters;1_precision-mean;1_precision-std;1_recall-mean;1_recall-std;1_f1-score-mean;1_f1-score-std;-1_precision-mean;-1_precision-std;-1_recall-mean;-1_recall-std;-1_f1-score-mean;-1_f1-score-std;macro avg_precision-mean;macro avg_precision-std;macro avg_recall-mean;macro avg_recall-std;macro avg_f1-score-mean;macro avg_f1-score-std;weighted avg_precision-mean;weighted avg_precision-std;weighted avg_recall-mean;weighted avg_recall-std;weighted avg_f1-score-mean;weighted avg_f1-score-std;accuracy-mean;accuracy-std;time-mean;time-std
kernel:sigmoid_gamma:auto_nu:0.85;0.059011700593543256;0.016812868007238267;0.14960682393709185;0.04797856777984364;0.08460047047302964;0.024943170657685892;0.9620215358583948;0.0020597145452964155;0.9012991452991453;0.0033949595877821055;0.930664491298027;0.0015081963739504297;0.5105166182259692;0.00943170487976518;0.5254529846181186;0.023029080038394555;0.5076324808855283;0.01248743503067158;0.9257507534244163;0.002726233557933771;0.8711031977583044;0.0026178115967188443;0.8966801166610651;0.0017786988645267302;0.8711031977583044;0.0026178115967188443;0.3260624408721924;0.07920344663179149
