Parameters;1_precision-mean;1_precision-std;1_recall-mean;1_recall-std;1_f1-score-mean;1_f1-score-std;-1_precision-mean;-1_precision-std;-1_recall-mean;-1_recall-std;-1_f1-score-mean;-1_f1-score-std;macro avg_precision-mean;macro avg_precision-std;macro avg_recall-mean;macro avg_recall-std;macro avg_f1-score-mean;macro avg_f1-score-std;weighted avg_precision-mean;weighted avg_precision-std;weighted avg_recall-mean;weighted avg_recall-std;weighted avg_f1-score-mean;weighted avg_f1-score-std;accuracy-mean;accuracy-std;time-mean;time-std
kernel:rbf_gamma:auto_nu:0.7;0.36794864898925705;0.01269785612485185;0.30072719910700607;0.01716537128339274;0.3308523855767584;0.01482837766622667;0.6566602863401191;0.005226191518285716;0.7214646464646465;0.009701703390049764;0.6875032664937074;0.0056246082935656;0.5123044676646881;0.008949301326501001;0.5110959227858263;0.00814733088021316;0.5091778260352329;0.00878687633036913;0.555482637069902;0.007821979709588596;0.5740171330975403;0.006887903358256241;0.5625155519017034;0.007292465894250899;0.5740171330975403;0.006887903358256241;0.9431344270706177;0.23388153161737726
