Parameters;1_precision-mean;1_precision-std;1_recall-mean;1_recall-std;1_f1-score-mean;1_f1-score-std;-1_precision-mean;-1_precision-std;-1_recall-mean;-1_recall-std;-1_f1-score-mean;-1_f1-score-std;macro avg_precision-mean;macro avg_precision-std;macro avg_recall-mean;macro avg_recall-std;macro avg_f1-score-mean;macro avg_f1-score-std;weighted avg_precision-mean;weighted avg_precision-std;weighted avg_recall-mean;weighted avg_recall-std;weighted avg_f1-score-mean;weighted avg_f1-score-std;accuracy-mean;accuracy-std;time-mean;time-std
kernel:rbf_gamma:scale_nu:0.65;0.39687255862993753;0.020794879322579358;0.3486916982205782;0.026862161269383972;0.37108654333416713;0.023752829996596024;0.6704248151988538;0.009629089463748618;0.714520202020202;0.01114334740592071;0.6917199528854348;0.008483222934077774;0.5336486869143957;0.015186371544783082;0.53160595012039;0.014528216085884024;0.5314032481098009;0.015141362069554524;0.5745609212969922;0.013483760127771824;0.5863175271318871;0.011810237598599338;0.5793561675390972;0.012750044389282948;0.5863175271318871;0.011810237598599338;0.677464485168457;0.028304271068839974
