Parameters;1_precision-mean;1_precision-std;1_recall-mean;1_recall-std;1_f1-score-mean;1_f1-score-std;-1_precision-mean;-1_precision-std;-1_recall-mean;-1_recall-std;-1_f1-score-mean;-1_f1-score-std;macro avg_precision-mean;macro avg_precision-std;macro avg_recall-mean;macro avg_recall-std;macro avg_f1-score-mean;macro avg_f1-score-std;weighted avg_precision-mean;weighted avg_precision-std;weighted avg_recall-mean;weighted avg_recall-std;weighted avg_f1-score-mean;weighted avg_f1-score-std;accuracy-mean;accuracy-std;time-mean;time-std
kernel:rbf_gamma:auto_nu:0.5;0.5880756017358729;0.007804542960578032;0.5005849329160192;0.022525589660826434;0.5405868631481762;0.014938023541702667;0.7506955083344364;0.007159844242248445;0.8108585858585858;0.008178855929647313;0.7795584495036469;0.0034891510051263015;0.6693855550351546;0.006676616414294751;0.6557217593873025;0.008741086792970853;0.6600726563259116;0.008456850450601338;0.6937055215741263;0.006652374019401839;0.7021246251294396;0.005436383119126962;0.6958117030708227;0.006649123414258804;0.7021246251294396;0.005436383119126962;0.7402323246002197;0.19346386422400058
