Parameters;1_precision-mean;1_precision-std;1_recall-mean;1_recall-std;1_f1-score-mean;1_f1-score-std;0_precision-mean;0_precision-std;0_recall-mean;0_recall-std;0_f1-score-mean;0_f1-score-std;macro avg_precision-mean;macro avg_precision-std;macro avg_recall-mean;macro avg_recall-std;macro avg_f1-score-mean;macro avg_f1-score-std;weighted avg_precision-mean;weighted avg_precision-std;weighted avg_recall-mean;weighted avg_recall-std;weighted avg_f1-score-mean;weighted avg_f1-score-std;accuracy-mean;accuracy-std;time-mean;time-std
0.5_0.0001_300_3;0.7591798666545924;0.006925291189249035;0.7518939393939394;0.011492673657650096;0.7554901801715226;0.008276313098540364;0.5483194945286991;0.013948791394074308;0.5579160191731051;0.013954302507210456;0.5530056947852003;0.012493328904152504;0.6537496805916457;0.010134594691151617;0.6549049792835222;0.009908569251717014;0.6542479374783614;0.010010438772994878;0.6852847318119506;0.009064832249715275;0.6839161365806425;0.009719548467072363;0.684530815413256;0.009378861085739817;0.6839161365806425;0.009719548467072363;6.555273199081421;0.2564998897723112
