Parameters;1_precision-mean;1_precision-std;1_recall-mean;1_recall-std;1_f1-score-mean;1_f1-score-std;0_precision-mean;0_precision-std;0_recall-mean;0_recall-std;0_f1-score-mean;0_f1-score-std;macro avg_precision-mean;macro avg_precision-std;macro avg_recall-mean;macro avg_recall-std;macro avg_f1-score-mean;macro avg_f1-score-std;weighted avg_precision-mean;weighted avg_precision-std;weighted avg_recall-mean;weighted avg_recall-std;weighted avg_f1-score-mean;weighted avg_f1-score-std;accuracy-mean;accuracy-std;time-mean;time-std
0.5_0.0005_300_3;0.7145898605795693;0.011200351623570628;0.6113636363636362;0.011119716594092922;0.6588923297355878;0.009129434875192405;0.43160520280729164;0.012718836416400071;0.547165619733415;0.02356362637504611;0.48248823836228727;0.016325440174875788;0.5730975316934304;0.011835065621648539;0.5792646280485257;0.012972812027567648;0.5706902840489375;0.011847925353318025;0.615419398720921;0.011622305869487322;0.5888619400476068;0.010907485131731736;0.5970706154424985;0.010768542692903433;0.5888619400476068;0.010907485131731736;6.231274724006653;0.08944398788927649
