Parameters;1_precision-mean;1_precision-std;1_recall-mean;1_recall-std;1_f1-score-mean;1_f1-score-std;0_precision-mean;0_precision-std;0_recall-mean;0_recall-std;0_f1-score-mean;0_f1-score-std;macro avg_precision-mean;macro avg_precision-std;macro avg_recall-mean;macro avg_recall-std;macro avg_f1-score-mean;macro avg_f1-score-std;weighted avg_precision-mean;weighted avg_precision-std;weighted avg_recall-mean;weighted avg_recall-std;weighted avg_f1-score-mean;weighted avg_f1-score-std;accuracy-mean;accuracy-std;time-mean;time-std
0.3_0.0001_300_3;0.8049107390910578;0.00986125773721062;0.5650252525252525;0.009402115753096692;0.6638654323785038;0.005742157667882961;0.48053210654980383;0.005129824881445347;0.7458469215784982;0.018473765206865285;0.5844286485588993;0.008388093268177034;0.6427214228204308;0.00696240315034541;0.6554360870518753;0.007237323218692299;0.6241470404687015;0.00564149902975078;0.6912336924221876;0.007753881165333166;0.6283925281405075;0.0054109076138627935;0.63602672672811;0.005284284001209526;0.6283925281405075;0.0054109076138627935;6.504142880439758;0.05540685101194262
