Parameters;1_precision-mean;1_precision-std;1_recall-mean;1_recall-std;1_f1-score-mean;1_f1-score-std;0_precision-mean;0_precision-std;0_recall-mean;0_recall-std;0_f1-score-mean;0_f1-score-std;macro avg_precision-mean;macro avg_precision-std;macro avg_recall-mean;macro avg_recall-std;macro avg_f1-score-mean;macro avg_f1-score-std;weighted avg_precision-mean;weighted avg_precision-std;weighted avg_recall-mean;weighted avg_recall-std;weighted avg_f1-score-mean;weighted avg_f1-score-std;accuracy-mean;accuracy-std;time-mean;time-std
0.4_0.0005_300_3;0.7729810588043249;0.012032554217464842;0.7377525252525252;0.01027393023557492;0.7548678241473699;0.0075288427011776585;0.5514693086387717;0.013502965007107732;0.5979333099870866;0.02856177186211322;0.5735812416208492;0.018931140944606805;0.6622251837215483;0.01215072274117352;0.6678429176198059;0.013873948733387513;0.6642245328841094;0.012594476145525717;0.6953543777954692;0.011947205396437262;0.6887530762920426;0.010476119136222277;0.6913371087622809;0.01082831276504395;0.6887530762920426;0.010476119136222277;9.209718251228333;0.2862998321693966
