Parameters;1_precision-mean;1_precision-std;1_recall-mean;1_recall-std;1_f1-score-mean;1_f1-score-std;0_precision-mean;0_precision-std;0_recall-mean;0_recall-std;0_f1-score-mean;0_f1-score-std;macro avg_precision-mean;macro avg_precision-std;macro avg_recall-mean;macro avg_recall-std;macro avg_f1-score-mean;macro avg_f1-score-std;weighted avg_precision-mean;weighted avg_precision-std;weighted avg_recall-mean;weighted avg_recall-std;weighted avg_f1-score-mean;weighted avg_f1-score-std;accuracy-mean;accuracy-std;time-mean;time-std
0.5_0.0005_300_3;0.7313444169656774;0.013267878109731165;0.7065656565656566;0.02011661239056004;0.718637883911162;0.014948990981564665;0.4884827273104482;0.022629603376835613;0.5188464400621595;0.02720743215490983;0.503004962068865;0.02272604951742314;0.6099135721380629;0.017634519679804034;0.612706048313908;0.018014668567333362;0.6108214229900135;0.017856149854999954;0.6462334985314282;0.016259965344273774;0.640779663524254;0.01723937128419944;0.6430694214030634;0.01674131333524909;0.640779663524254;0.01723937128419944;12.372085070610046;2.0384324239083904
