Parameters;1_precision-mean;1_precision-std;1_recall-mean;1_recall-std;1_f1-score-mean;1_f1-score-std;-1_precision-mean;-1_precision-std;-1_recall-mean;-1_recall-std;-1_f1-score-mean;-1_f1-score-std;macro avg_precision-mean;macro avg_precision-std;macro avg_recall-mean;macro avg_recall-std;macro avg_f1-score-mean;macro avg_f1-score-std;weighted avg_precision-mean;weighted avg_precision-std;weighted avg_recall-mean;weighted avg_recall-std;weighted avg_f1-score-mean;weighted avg_f1-score-std;accuracy-mean;accuracy-std;time-mean;time-std
kernel:sigmoid_gamma:scale_nu:0.35;0.698652379088424;0.015506204272038677;0.650138983125041;0.025695721918608104;0.6733597621560524;0.01914335630819463;0.8181880136193124;0.011158578127620174;0.8487373737373737;0.008596992187146053;0.8331355068456032;0.007840569665330909;0.7584201963538683;0.012376447169242485;0.7494381784312074;0.013932722009588347;0.7532476345008278;0.013299727396835008;0.7762973222943307;0.011776158930475244;0.7791369571941527;0.01105636882947572;0.7771415441482421;0.011613835155007454;0.7791369571941527;0.01105636882947572;0.795030164718628;0.19505532809526127
