Parameters;1_precision-mean;1_precision-std;1_recall-mean;1_recall-std;1_f1-score-mean;1_f1-score-std;-1_precision-mean;-1_precision-std;-1_recall-mean;-1_recall-std;-1_f1-score-mean;-1_f1-score-std;macro avg_precision-mean;macro avg_precision-std;macro avg_recall-mean;macro avg_recall-std;macro avg_f1-score-mean;macro avg_f1-score-std;weighted avg_precision-mean;weighted avg_precision-std;weighted avg_recall-mean;weighted avg_recall-std;weighted avg_f1-score-mean;weighted avg_f1-score-std;accuracy-mean;accuracy-std;time-mean;time-std
kernel:sigmoid_gamma:scale_nu:0.4;0.8116303022328178;0.017765169436742518;0.6005137998205258;0.02283720998937799;0.6900796575207335;0.018664293833748433;0.8110647100332089;0.009008008472814404;0.9247474747474748;0.008068962277106288;0.8641508831294102;0.006891923817718112;0.8113475061330133;0.011928961105819789;0.7626306372840002;0.012479393500121099;0.777115270325072;0.012621776177712696;0.8112630380845116;0.010592762360952489;0.8111209806479378;0.009987780016375139;0.8031482956207242;0.010851021571892164;0.8111209806479378;0.009987780016375139;0.9088673114776611;0.20873833421596527
