Parameters;1_precision-mean;1_precision-std;1_recall-mean;1_recall-std;1_f1-score-mean;1_f1-score-std;-1_precision-mean;-1_precision-std;-1_recall-mean;-1_recall-std;-1_f1-score-mean;-1_f1-score-std;macro avg_precision-mean;macro avg_precision-std;macro avg_recall-mean;macro avg_recall-std;macro avg_f1-score-mean;macro avg_f1-score-std;weighted avg_precision-mean;weighted avg_precision-std;weighted avg_recall-mean;weighted avg_recall-std;weighted avg_f1-score-mean;weighted avg_f1-score-std;accuracy-mean;accuracy-std;time-mean;time-std
kernel:rbf_gamma:auto_nu:0.3;0.6944200416418937;0.015324915336276872;0.6948275296023113;0.02309149339339143;0.6944794883566832;0.016787536075807585;0.8353987764335324;0.010663979211001836;0.8349747474747475;0.01021167285131098;0.8351356731270159;0.008135051319487717;0.7649094090377131;0.011825696985544963;0.7649011385385294;0.01289044482857764;0.7648075807418495;0.012220145843216868;0.7859917580639969;0.011181451471665604;0.7858621014268616;0.010764055196550885;0.7858431779640641;0.010931360424609352;0.7858621014268616;0.010764055196550885;0.3456671476364136;0.013528514328561118
