Parameters;1_precision-mean;1_precision-std;1_recall-mean;1_recall-std;1_f1-score-mean;1_f1-score-std;0_precision-mean;0_precision-std;0_recall-mean;0_recall-std;0_f1-score-mean;0_f1-score-std;macro avg_precision-mean;macro avg_precision-std;macro avg_recall-mean;macro avg_recall-std;macro avg_f1-score-mean;macro avg_f1-score-std;weighted avg_precision-mean;weighted avg_precision-std;weighted avg_recall-mean;weighted avg_recall-std;weighted avg_f1-score-mean;weighted avg_f1-score-std;accuracy-mean;accuracy-std;time-mean;time-std
0.5_0.0005_300_3;0.7243740269766504;0.009447732261030507;0.6455808080808081;0.012702421826291046;0.6826025633155719;0.007786155227051627;0.4530635565091954;0.010291558649961854;0.5443564096390816;0.024723772332137073;0.49438620831800134;0.015127994014215976;0.5887187917429229;0.00961653990945448;0.5949686088599447;0.010721334605608892;0.5884943858167866;0.009647662103267852;0.6292941036743562;0.009536624852931426;0.6101053672050458;0.00849272562472851;0.6166419225203106;0.008535217529254997;0.6101053672050458;0.00849272562472851;6.465865588188171;0.04997195105715795
