Parameters;1_precision-mean;1_precision-std;1_recall-mean;1_recall-std;1_f1-score-mean;1_f1-score-std;0_precision-mean;0_precision-std;0_recall-mean;0_recall-std;0_f1-score-mean;0_f1-score-std;macro avg_precision-mean;macro avg_precision-std;macro avg_recall-mean;macro avg_recall-std;macro avg_f1-score-mean;macro avg_f1-score-std;weighted avg_precision-mean;weighted avg_precision-std;weighted avg_recall-mean;weighted avg_recall-std;weighted avg_f1-score-mean;weighted avg_f1-score-std;accuracy-mean;accuracy-std;time-mean;time-std
0.4_0.0001_300_3;0.7825523256610512;0.006965624031325591;0.7012626262626263;0.007388251938549409;0.7396377439313839;0.0045251171809372335;0.535612711105401;0.0064679127086429;0.6386548184464531;0.016081582263642372;0.582547888865804;0.009297319373711333;0.6590825183832262;0.006228386166717797;0.6699587223545398;0.007158727203189852;0.661092816398594;0.0062187506145252695;0.6960128905504798;0.006333890218418663;0.6793237536814642;0.005488005991139643;0.6845868595018949;0.005480200460058248;0.6793237536814642;0.005488005991139643;7.1083368301391605;0.24750493439639973
