Parameters;1_precision-mean;1_precision-std;1_recall-mean;1_recall-std;1_f1-score-mean;1_f1-score-std;-1_precision-mean;-1_precision-std;-1_recall-mean;-1_recall-std;-1_f1-score-mean;-1_f1-score-std;macro avg_precision-mean;macro avg_precision-std;macro avg_recall-mean;macro avg_recall-std;macro avg_f1-score-mean;macro avg_f1-score-std;weighted avg_precision-mean;weighted avg_precision-std;weighted avg_recall-mean;weighted avg_recall-std;weighted avg_f1-score-mean;weighted avg_f1-score-std;accuracy-mean;accuracy-std;time-mean;time-std
kernel:poly_gamma:scale_nu:0.3;0.903221741788721;0.014736989271469854;0.699977018538379;0.023281945480847374;0.7883747640233771;0.013908719772006594;0.8557588977494625;0.009138694069261969;0.9593434343434344;0.007655306258194006;0.904539153214895;0.0048199272349442514;0.8794903197690918;0.007550798287136326;0.8296602264409068;0.010294573013241033;0.846456958619136;0.009230727235860534;0.8723936979413468;0.006738629463089421;0.8684484057074464;0.007133749325161471;0.8638298881974361;0.007858326133530519;0.8684484057074464;0.007133749325161471;0.39329483509063723;0.10615475740545759
