Parameters;1_precision-mean;1_precision-std;1_recall-mean;1_recall-std;1_f1-score-mean;1_f1-score-std;-1_precision-mean;-1_precision-std;-1_recall-mean;-1_recall-std;-1_f1-score-mean;-1_f1-score-std;macro avg_precision-mean;macro avg_precision-std;macro avg_recall-mean;macro avg_recall-std;macro avg_f1-score-mean;macro avg_f1-score-std;weighted avg_precision-mean;weighted avg_precision-std;weighted avg_recall-mean;weighted avg_recall-std;weighted avg_f1-score-mean;weighted avg_f1-score-std;accuracy-mean;accuracy-std;time-mean;time-std
kernel:rbf_gamma:auto_nu:0.3;0.7410088054445285;0.009966322091811823;0.6971623366674692;0.021249492438814514;0.7182993014256397;0.014407545701201188;0.8417745932110001;0.009287302756690555;0.868560606060606;0.005602703972811558;0.8549239215847967;0.005579833204873872;0.7913916993277643;0.008680965160158156;0.7828614713640376;0.010824786936826997;0.7866116115052183;0.009887172480830405;0.8064608792667661;0.008654277642093217;0.8084963487943625;0.008087164099313173;0.8070448161739361;0.008557496385014208;0.8084963487943625;0.008087164099313173;0.33904471397399905;0.00678918276442854
