Parameters;1_precision-mean;1_precision-std;1_recall-mean;1_recall-std;1_f1-score-mean;1_f1-score-std;-1_precision-mean;-1_precision-std;-1_recall-mean;-1_recall-std;-1_f1-score-mean;-1_f1-score-std;macro avg_precision-mean;macro avg_precision-std;macro avg_recall-mean;macro avg_recall-std;macro avg_f1-score-mean;macro avg_f1-score-std;weighted avg_precision-mean;weighted avg_precision-std;weighted avg_recall-mean;weighted avg_recall-std;weighted avg_f1-score-mean;weighted avg_f1-score-std;accuracy-mean;accuracy-std;time-mean;time-std
48_3_0.3_0.0005_300;0.8734694582597191;0.010242203222796373;0.9105971896955504;0.016701347680901812;0.8915678221910536;0.010709196509281461;0.9507086008355417;0.008862735303668778;0.9287878787878787;0.006368444551979051;0.9395922612715208;0.005675531239615984;0.9120890295476303;0.007720069781012496;0.9196925342417146;0.00915116513913385;0.9155800417312874;0.008173561482173235;0.9236400467865813;0.007646807918499633;0.9224139646848398;0.007407677292640438;0.9227625499813863;0.0074180818103568615;0.9224139646848398;0.007407677292640438;945.549123096466;435.89017556092784
