Parameters;1_precision-mean;1_precision-std;1_recall-mean;1_recall-std;1_f1-score-mean;1_f1-score-std;-1_precision-mean;-1_precision-std;-1_recall-mean;-1_recall-std;-1_f1-score-mean;-1_f1-score-std;macro avg_precision-mean;macro avg_precision-std;macro avg_recall-mean;macro avg_recall-std;macro avg_f1-score-mean;macro avg_f1-score-std;weighted avg_precision-mean;weighted avg_precision-std;weighted avg_recall-mean;weighted avg_recall-std;weighted avg_f1-score-mean;weighted avg_f1-score-std;accuracy-mean;accuracy-std;time-mean;time-std
kernel:sigmoid_gamma:scale_nu:0.35;0.7700763426493057;0.007951130634245122;0.649662391385235;0.013749207515156426;0.704687925761043;0.009622658876442359;0.8257260271404814;0.005575145549333136;0.8953282828282829;0.004568195079577178;0.8591037201876361;0.003601563976271444;0.7979011848948936;0.0057316419707557666;0.7724953371067589;0.00683934049734946;0.7818958229743396;0.006494541325515273;0.8062235353148312;0.005418556228145621;0.8092352640568056;0.005196236005231517;0.8049889888452937;0.0055972504436472125;0.8092352640568056;0.005196236005231517;0.8029934167861938;0.18522428062458293
