Parameters;1_precision-mean;1_precision-std;1_recall-mean;1_recall-std;1_f1-score-mean;1_f1-score-std;0_precision-mean;0_precision-std;0_recall-mean;0_recall-std;0_f1-score-mean;0_f1-score-std;macro avg_precision-mean;macro avg_precision-std;macro avg_recall-mean;macro avg_recall-std;macro avg_f1-score-mean;macro avg_f1-score-std;weighted avg_precision-mean;weighted avg_precision-std;weighted avg_recall-mean;weighted avg_recall-std;weighted avg_f1-score-mean;weighted avg_f1-score-std;accuracy-mean;accuracy-std;time-mean;time-std
0.5_0.0005_300_3;0.7579105009785628;0.007133998933773494;0.801641414141414;0.01927687536094107;0.7790659473821118;0.01113448086768028;0.5891161081307543;0.022900962791318806;0.5253950622688175;0.017518492808509853;0.5551111877441427;0.014868473835008658;0.6735133045546587;0.01411049566808013;0.6635182382051158;0.01134520811246181;0.6670885675631272;0.012131521562211822;0.6987584202967464;0.011662084146935061;0.7048296104035827;0.012525601446406772;0.7005812773058896;0.011604999942623338;0.7048296104035827;0.012525601446406772;9.808256459236144;1.4794848008245551
