Parameters;1_precision-mean;1_precision-std;1_recall-mean;1_recall-std;1_f1-score-mean;1_f1-score-std;-1_precision-mean;-1_precision-std;-1_recall-mean;-1_recall-std;-1_f1-score-mean;-1_f1-score-std;macro avg_precision-mean;macro avg_precision-std;macro avg_recall-mean;macro avg_recall-std;macro avg_f1-score-mean;macro avg_f1-score-std;weighted avg_precision-mean;weighted avg_precision-std;weighted avg_recall-mean;weighted avg_recall-std;weighted avg_f1-score-mean;weighted avg_f1-score-std;accuracy-mean;accuracy-std;time-mean;time-std
kernel:rbf_gamma:auto_nu:0.4;0.6741848458841936;0.012028070408497439;0.5986468296526516;0.023104609223706378;0.6340060515975707;0.016428656853048413;0.7959192231205552;0.009273118678521004;0.843939393939394;0.007257630233939363;0.8191820008584785;0.005873453611158358;0.7350520345023746;0.009693330869041762;0.7212931117960228;0.01147947400982134;0.7265940262280246;0.010893688664291449;0.7532592559281839;0.009328598714319776;0.7579753627671163;0.008605631732498025;0.7542872969951575;0.009292633286713712;0.7579753627671163;0.008605631732498025;0.47636985778808594;0.009964106533026162
