Parameters;1_precision-mean;1_precision-std;1_recall-mean;1_recall-std;1_f1-score-mean;1_f1-score-std;-1_precision-mean;-1_precision-std;-1_recall-mean;-1_recall-std;-1_f1-score-mean;-1_f1-score-std;macro avg_precision-mean;macro avg_precision-std;macro avg_recall-mean;macro avg_recall-std;macro avg_f1-score-mean;macro avg_f1-score-std;weighted avg_precision-mean;weighted avg_precision-std;weighted avg_recall-mean;weighted avg_recall-std;weighted avg_f1-score-mean;weighted avg_f1-score-std;accuracy-mean;accuracy-std;time-mean;time-std
kernel:poly_gamma:scale_nu:0.35;0.9053577035858582;0.010510688421545046;0.6503759110508;0.03333907635618598;0.7564454366263236;0.02295806599041817;0.8364573859171134;0.012758763389969556;0.963257575757576;0.004872167015549166;0.895320561316659;0.006867660905312827;0.8709075447514859;0.008256669958689164;0.8068167434041879;0.01583038838353797;0.8258829989714913;0.014865305003020156;0.860605490542248;0.009056834849594624;0.8536055487567074;0.010809586275944489;0.8466508052402426;0.012467447824818434;0.8536055487567074;0.010809586275944489;0.46117458343505857;0.12848280674090598
