Parameters;1_precision-mean;1_precision-std;1_recall-mean;1_recall-std;1_f1-score-mean;1_f1-score-std;-1_precision-mean;-1_precision-std;-1_recall-mean;-1_recall-std;-1_f1-score-mean;-1_f1-score-std;macro avg_precision-mean;macro avg_precision-std;macro avg_recall-mean;macro avg_recall-std;macro avg_f1-score-mean;macro avg_f1-score-std;weighted avg_precision-mean;weighted avg_precision-std;weighted avg_recall-mean;weighted avg_recall-std;weighted avg_f1-score-mean;weighted avg_f1-score-std;accuracy-mean;accuracy-std;time-mean;time-std
kernel:sigmoid_gamma:scale_nu:0.25;0.9361401492356375;0.010396359500138468;0.749832016459104;0.018884831852524046;0.8325356355611385;0.012382753687443652;0.878184445872285;0.008051942505135114;0.9723484848484848;0.004969360771251112;0.9228435705649286;0.0048242492636005494;0.9071622975539612;0.006780498189394008;0.8610902506537945;0.009407330490460598;0.8776896030630337;0.008567318430139612;0.8984953961955607;0.006560953391358551;0.894366586425315;0.006950618747453234;0.8911947224993149;0.007444566213324943;0.894366586425315;0.006950618747453234;0.5557417869567871;0.12705355628514878
