Parameters;1_precision-mean;1_precision-std;1_recall-mean;1_recall-std;1_f1-score-mean;1_f1-score-std;0_precision-mean;0_precision-std;0_recall-mean;0_recall-std;0_f1-score-mean;0_f1-score-std;macro avg_precision-mean;macro avg_precision-std;macro avg_recall-mean;macro avg_recall-std;macro avg_f1-score-mean;macro avg_f1-score-std;weighted avg_precision-mean;weighted avg_precision-std;weighted avg_recall-mean;weighted avg_recall-std;weighted avg_f1-score-mean;weighted avg_f1-score-std;accuracy-mean;accuracy-std;time-mean;time-std
0.5_0.0005_300_3;0.6871972219841579;0.008407361305437386;0.5523989898989901;0.013377285416929974;0.6123291281221177;0.007825005463824019;0.3912860722346664;0.008022082654940949;0.5335742738952483;0.024748403093801406;0.45136209637272107;0.013530187096179125;0.5392416471094121;0.008163139551565404;0.5429866318971192;0.009018975405656687;0.5318456122474193;0.007455793788620478;0.5834960896185278;0.00820084160033896;0.5458043411019513;0.006681636130678597;0.5559199020037889;0.006572715154557757;0.5458043411019513;0.006681636130678618;6.340059494972229;0.16815063720200207
