Parameters;1_precision-mean;1_precision-std;1_recall-mean;1_recall-std;1_f1-score-mean;1_f1-score-std;-1_precision-mean;-1_precision-std;-1_recall-mean;-1_recall-std;-1_f1-score-mean;-1_f1-score-std;macro avg_precision-mean;macro avg_precision-std;macro avg_recall-mean;macro avg_recall-std;macro avg_f1-score-mean;macro avg_f1-score-std;weighted avg_precision-mean;weighted avg_precision-std;weighted avg_recall-mean;weighted avg_recall-std;weighted avg_f1-score-mean;weighted avg_f1-score-std;accuracy-mean;accuracy-std;time-mean;time-std
48_3_0.3_0.0005_500;0.8676212189210417;0.011436391165466919;0.9129396572479151;0.015710505942336302;0.8896013428529572;0.009621579612405036;0.9517425819696262;0.008326972655746962;0.9247474747474748;0.0076636317704512616;0.9380132863054808;0.005332862506605067;0.909681900445334;0.007287608983291181;0.918843565997695;0.00819447510024461;0.9138073145792189;0.007442612208599678;0.9222610860850831;0.00694328464219797;0.9206108204790274;0.006831164827635398;0.9210474132452319;0.006804491694475534;0.9206108204790274;0.006831164827635398;1061.8919751644135;649.9109476381249
