Parameters;1_precision-mean;1_precision-std;1_recall-mean;1_recall-std;1_f1-score-mean;1_f1-score-std;-1_precision-mean;-1_precision-std;-1_recall-mean;-1_recall-std;-1_f1-score-mean;-1_f1-score-std;macro avg_precision-mean;macro avg_precision-std;macro avg_recall-mean;macro avg_recall-std;macro avg_f1-score-mean;macro avg_f1-score-std;weighted avg_precision-mean;weighted avg_precision-std;weighted avg_recall-mean;weighted avg_recall-std;weighted avg_f1-score-mean;weighted avg_f1-score-std;accuracy-mean;accuracy-std;time-mean;time-std
48_3_0.3_0.0005_500;0.8705491290077717;0.01437283759036886;0.9098984438267417;0.01989825935971571;0.8896576140088461;0.013473302495088497;0.9502739457352899;0.010413483423467079;0.9268939393939393;0.009234451769306347;0.9383912139110386;0.007275257933845682;0.9104115373715308;0.0099414297664152;0.9183961916103405;0.011167513837128586;0.9140244139599425;0.010339404593674304;0.9223351575147702;0.009453592577173058;0.9209377479525008;0.009413297161240685;0.9213128643226163;0.009411076421811687;0.9209377479525008;0.009413297161240685;1033.0252331256866;762.4240834299012
