Parameters;1_precision-mean;1_precision-std;1_recall-mean;1_recall-std;1_f1-score-mean;1_f1-score-std;-1_precision-mean;-1_precision-std;-1_recall-mean;-1_recall-std;-1_f1-score-mean;-1_f1-score-std;macro avg_precision-mean;macro avg_precision-std;macro avg_recall-mean;macro avg_recall-std;macro avg_f1-score-mean;macro avg_f1-score-std;weighted avg_precision-mean;weighted avg_precision-std;weighted avg_recall-mean;weighted avg_recall-std;weighted avg_f1-score-mean;weighted avg_f1-score-std;accuracy-mean;accuracy-std;time-mean;time-std
kernel:poly_gamma:scale_nu:0.85;0.7424275658325681;0.01635411544470259;0.1489885157635928;0.02542496904130903;0.24717475667499117;0.03596816570787102;0.8986869784523657;0.0025949989831187672;0.9932053941908713;0.0012372261869166516;0.9435812739310373;0.0009601787602151127;0.820557272142467;0.008523809683341602;0.571096954977232;0.012155910896807402;0.5953780153030142;0.018451398512494627;0.8805168050628588;0.003246952279484375;0.8950359344577008;0.0020001163807519024;0.8626002459183928;0.004997725185956529;0.8950359344577008;0.0020001163807519024;0.3779576301574707;0.09163520363840788
