Parameters;1_precision-mean;1_precision-std;1_recall-mean;1_recall-std;1_f1-score-mean;1_f1-score-std;-1_precision-mean;-1_precision-std;-1_recall-mean;-1_recall-std;-1_f1-score-mean;-1_f1-score-std;macro avg_precision-mean;macro avg_precision-std;macro avg_recall-mean;macro avg_recall-std;macro avg_f1-score-mean;macro avg_f1-score-std;weighted avg_precision-mean;weighted avg_precision-std;weighted avg_recall-mean;weighted avg_recall-std;weighted avg_f1-score-mean;weighted avg_f1-score-std;accuracy-mean;accuracy-std;time-mean;time-std
kernel:sigmoid_gamma:auto_nu:0.5;0.4713680142160809;0.010931289855728136;0.4998085960598798;0.026738029879549322;0.48479857084157113;0.014827755886133576;0.9336718251323812;0.003086460115476726;0.9261929460580912;0.00479904938346493;0.9299030500283244;0.0017606078247409402;0.702519919674231;0.005984575709842799;0.7130007710589856;0.011713063748404003;0.7073508104349477;0.007692020061550638;0.8799129081964262;0.003252422063128526;0.8766099481775571;0.002862244126013039;0.8781436872230216;0.0026109939388129113;0.8766099481775571;0.002862244126013039;0.4306157112121582;0.007574444806735499
