Parameters;1_precision-mean;1_precision-std;1_recall-mean;1_recall-std;1_f1-score-mean;1_f1-score-std;-1_precision-mean;-1_precision-std;-1_recall-mean;-1_recall-std;-1_f1-score-mean;-1_f1-score-std;macro avg_precision-mean;macro avg_precision-std;macro avg_recall-mean;macro avg_recall-std;macro avg_f1-score-mean;macro avg_f1-score-std;weighted avg_precision-mean;weighted avg_precision-std;weighted avg_recall-mean;weighted avg_recall-std;weighted avg_f1-score-mean;weighted avg_f1-score-std;accuracy-mean;accuracy-std;time-mean;time-std
kernel:sigmoid_gamma:auto_nu:0.85;0.12903178539937077;0.016255313995913616;0.1517553141825651;0.020034714315141453;0.13940288078438182;0.01769163252250877;0.8857329868829094;0.002559355554522126;0.8651970954356847;0.006692479461937984;0.8753330956645471;0.004038120771028372;0.5073823861411401;0.00940295133979003;0.5084762048091249;0.01071145528603632;0.5073679882244646;0.010012300538749472;0.7977396510644164;0.0041598422009532215;0.7822340553845792;0.006460282666448747;0.789755058394342;0.004938215233816608;0.7822340553845792;0.006460282666448747;0.6108446836471557;0.01201154742652476
