Parameters;1_precision-mean;1_precision-std;1_recall-mean;1_recall-std;1_f1-score-mean;1_f1-score-std;0_precision-mean;0_precision-std;0_recall-mean;0_recall-std;0_f1-score-mean;0_f1-score-std;macro avg_precision-mean;macro avg_precision-std;macro avg_recall-mean;macro avg_recall-std;macro avg_f1-score-mean;macro avg_f1-score-std;weighted avg_precision-mean;weighted avg_precision-std;weighted avg_recall-mean;weighted avg_recall-std;weighted avg_f1-score-mean;weighted avg_f1-score-std;accuracy-mean;accuracy-std;time-mean;time-std
0.4_0.0001_500_3;0.9124905389354001;0.005468973779389981;0.6731327800829876;0.012253843386593114;0.7746795916292437;0.008447122519820003;0.17014858969330326;0.009479008895335489;0.5092823130310293;0.03361991555078602;0.25501657329094507;0.014400765778460703;0.5413195643143516;0.007400691329378649;0.5912075465570085;0.01668982740008238;0.5148480824600944;0.009760656924010347;0.8261667634158396;0.005953920984824278;0.6540777550976666;0.010756835426274576;0.714249797201719;0.008339843593579982;0.6540777550976666;0.010756835426274576;12.352817058563232;0.5877214253562822
