Parameters;1_precision-mean;1_precision-std;1_recall-mean;1_recall-std;1_f1-score-mean;1_f1-score-std;-1_precision-mean;-1_precision-std;-1_recall-mean;-1_recall-std;-1_f1-score-mean;-1_f1-score-std;macro avg_precision-mean;macro avg_precision-std;macro avg_recall-mean;macro avg_recall-std;macro avg_f1-score-mean;macro avg_f1-score-std;weighted avg_precision-mean;weighted avg_precision-std;weighted avg_recall-mean;weighted avg_recall-std;weighted avg_f1-score-mean;weighted avg_f1-score-std;accuracy-mean;accuracy-std;time-mean;time-std
kernel:rbf_gamma:auto_nu:0.7;0.249532575735054;0.009142480222124461;0.29995954063054375;0.014747524812011116;0.27229867146521636;0.010086415236114522;0.9053660621165193;0.0015853000209945743;0.8812240663900415;0.005719522303771875;0.8931206387926617;0.0028406652834009763;0.5774493189257868;0.005164289468432891;0.5905918035102926;0.006464911577342001;0.582709655128939;0.005540572967605141;0.8291029697227946;0.002251212660441193;0.8136311390220767;0.004415381770450299;0.8209283712784995;0.002947580174499149;0.8136311390220767;0.004415381770450299;0.3490020751953125;0.014576413230145841
