Parameters;1_precision-mean;1_precision-std;1_recall-mean;1_recall-std;1_f1-score-mean;1_f1-score-std;-1_precision-mean;-1_precision-std;-1_recall-mean;-1_recall-std;-1_f1-score-mean;-1_f1-score-std;macro avg_precision-mean;macro avg_precision-std;macro avg_recall-mean;macro avg_recall-std;macro avg_f1-score-mean;macro avg_f1-score-std;weighted avg_precision-mean;weighted avg_precision-std;weighted avg_recall-mean;weighted avg_recall-std;weighted avg_f1-score-mean;weighted avg_f1-score-std;accuracy-mean;accuracy-std;time-mean;time-std
48_3_0.35_0.0005_500;0.43652307857244665;0.00929559227609069;0.8044660919361364;0.04099667773032036;0.5654718018013194;0.01128479042474844;0.9711429675375542;0.005555142217728925;0.8631742738589212;0.009672367386672242;0.9139204936403207;0.0035765910289437797;0.7038330230550005;0.004821421364803744;0.8338201828975287;0.016536187297837675;0.73969614772082;0.006051891704693235;0.9089746115963673;0.004728649197270386;0.8563504030937968;0.005084979051737816;0.8734021268595008;0.003497940363742202;0.8563504030937968;0.005084979051737816;731.9314951658249;307.52845093122824
