Parameters;1_precision-mean;1_precision-std;1_recall-mean;1_recall-std;1_f1-score-mean;1_f1-score-std;-1_precision-mean;-1_precision-std;-1_recall-mean;-1_recall-std;-1_f1-score-mean;-1_f1-score-std;macro avg_precision-mean;macro avg_precision-std;macro avg_recall-mean;macro avg_recall-std;macro avg_f1-score-mean;macro avg_f1-score-std;weighted avg_precision-mean;weighted avg_precision-std;weighted avg_recall-mean;weighted avg_recall-std;weighted avg_f1-score-mean;weighted avg_f1-score-std;accuracy-mean;accuracy-std;time-mean;time-std
kernel:linear_gamma:scale_nu:0.4;0.5075899547851968;0.014979559404891615;0.5979490211944851;0.02291169478627543;0.5489550562845468;0.016783966002864383;0.945833863038426;0.002913031525975895;0.9236514522821577;0.003485538924566719;0.9346057547502177;0.0023352090170918084;0.7267119089118113;0.008556608799927819;0.7608002367383214;0.011568896792602637;0.7417804055173822;0.009425277336805466;0.8948732271319599;0.003968504276170322;0.8857769436988306;0.004037147349758346;0.8897605931376997;0.0038688333990752623;0.8857769436988306;0.004037147349758346;0.23537440299987794;0.004660011470486952
