Parameters;1_precision-mean;1_precision-std;1_recall-mean;1_recall-std;1_f1-score-mean;1_f1-score-std;-1_precision-mean;-1_precision-std;-1_recall-mean;-1_recall-std;-1_f1-score-mean;-1_f1-score-std;macro avg_precision-mean;macro avg_precision-std;macro avg_recall-mean;macro avg_recall-std;macro avg_f1-score-mean;macro avg_f1-score-std;weighted avg_precision-mean;weighted avg_precision-std;weighted avg_recall-mean;weighted avg_recall-std;weighted avg_f1-score-mean;weighted avg_f1-score-std;accuracy-mean;accuracy-std;time-mean;time-std
kernel:sigmoid_gamma:auto_nu:0.65;0.3406686438357721;0.016347974342245768;0.3500233419439171;0.02160536605480541;0.3450696334570226;0.01694981877425561;0.9141633291055655;0.002554085016766987;0.9107883817427386;0.005309744353555884;0.9124625113288947;0.0028410587139871086;0.6274159864706689;0.00915094952544898;0.6304058618433278;0.010433723646607862;0.6287660723929587;0.009347827653121105;0.8474745062415389;0.0038797281560202547;0.8455790593791646;0.004705315771032084;0.8464828596514987;0.0039679323330545305;0.8455790593791646;0.004705315771032084;0.6868841886520386;0.15685787296169296
