Parameters;1_precision-mean;1_precision-std;1_recall-mean;1_recall-std;1_f1-score-mean;1_f1-score-std;-1_precision-mean;-1_precision-std;-1_recall-mean;-1_recall-std;-1_f1-score-mean;-1_f1-score-std;macro avg_precision-mean;macro avg_precision-std;macro avg_recall-mean;macro avg_recall-std;macro avg_f1-score-mean;macro avg_f1-score-std;weighted avg_precision-mean;weighted avg_precision-std;weighted avg_recall-mean;weighted avg_recall-std;weighted avg_f1-score-mean;weighted avg_f1-score-std;accuracy-mean;accuracy-std;time-mean;time-std
kernel:sigmoid_gamma:auto_nu:0.4;0.5028772763086902;0.018548389493182094;0.600704926706296;0.02623944065662263;0.5473421375528618;0.020474725025193652;0.9460846485862369;0.0034137667680260195;0.9218360995850622;0.0039162327139030785;0.9337979646767984;0.0029796176199358513;0.7244809624474635;0.010680330505684212;0.7612705131456792;0.013740449616214704;0.7405700511148302;0.011623035519255798;0.8945460771529736;0.004905938504942984;0.8844937593271782;0.005156728963041457;0.8888590083672868;0.0049141621730960944;0.8844937593271782;0.005156728963041457;0.329036021232605;0.012335889363106879
