Parameters;1_precision-mean;1_precision-std;1_recall-mean;1_recall-std;1_f1-score-mean;1_f1-score-std;-1_precision-mean;-1_precision-std;-1_recall-mean;-1_recall-std;-1_f1-score-mean;-1_f1-score-std;macro avg_precision-mean;macro avg_precision-std;macro avg_recall-mean;macro avg_recall-std;macro avg_f1-score-mean;macro avg_f1-score-std;weighted avg_precision-mean;weighted avg_precision-std;weighted avg_recall-mean;weighted avg_recall-std;weighted avg_f1-score-mean;weighted avg_f1-score-std;accuracy-mean;accuracy-std;time-mean;time-std
kernel:linear_gamma:scale_nu:0.85;0.5517324309673968;0.03630617578026534;0.1493806604213999;0.025411351612583833;0.23449839234632458;0.03494433020512019;0.8978997711928647;0.0026121522068110795;0.9842323651452283;0.0015935987028773458;0.9390821512454895;0.00116495332780468;0.7248161010801308;0.019310872443123833;0.566806512783314;0.012218739920395206;0.5867902717959071;0.017974907277753572;0.8576461615460076;0.006339286583635687;0.8871522073603755;0.002327024063548295;0.8571504765745621;0.004956945687090385;0.8871522073603755;0.002327024063548295;0.3586087226867676;0.05921147472620051
