Parameters;1_precision-mean;1_precision-std;1_recall-mean;1_recall-std;1_f1-score-mean;1_f1-score-std;0_precision-mean;0_precision-std;0_recall-mean;0_recall-std;0_f1-score-mean;0_f1-score-std;macro avg_precision-mean;macro avg_precision-std;macro avg_recall-mean;macro avg_recall-std;macro avg_f1-score-mean;macro avg_f1-score-std;weighted avg_precision-mean;weighted avg_precision-std;weighted avg_recall-mean;weighted avg_recall-std;weighted avg_f1-score-mean;weighted avg_f1-score-std;accuracy-mean;accuracy-std;time-mean;time-std
0.2_0.0005_500_3;0.952298350655578;0.0018717792476310264;0.6428423236514522;0.010140538929336057;0.7675032623352471;0.007047178390836935;0.21774824899696582;0.003796461037146258;0.7552161464006721;0.011873370881778172;0.33799933187911385;0.004659600969885172;0.5850232998262721;0.0023454960697492826;0.6990292350260623;0.004992401871594526;0.5527512971071806;0.005429435195777275;0.8668805595788281;0.0018351727007678092;0.6559114609928005;0.008198532010759586;0.7175586618390897;0.0066663151753348525;0.6559114609928005;0.008198532010759586;16.667054104804993;0.1304457959009992
