Parameters;1_precision-mean;1_precision-std;1_recall-mean;1_recall-std;1_f1-score-mean;1_f1-score-std;-1_precision-mean;-1_precision-std;-1_recall-mean;-1_recall-std;-1_f1-score-mean;-1_f1-score-std;macro avg_precision-mean;macro avg_precision-std;macro avg_recall-mean;macro avg_recall-std;macro avg_f1-score-mean;macro avg_f1-score-std;weighted avg_precision-mean;weighted avg_precision-std;weighted avg_recall-mean;weighted avg_recall-std;weighted avg_f1-score-mean;weighted avg_f1-score-std;accuracy-mean;accuracy-std;time-mean;time-std
48_3_0.3_0.0005_500;0.4561467887236745;0.011878769988921392;0.8009305654974945;0.028598072124687072;0.580985340283166;0.011978519753637515;0.970945794857014;0.003920496023539446;0.8741701244813278;0.007982161246145491;0.919986805964714;0.003679431059447392;0.7135462917903442;0.006236679444329212;0.8375503449894112;0.01215551181064361;0.75048607312394;0.007272553309243722;0.9110821737232044;0.0036894463474747346;0.8656552233668743;0.005562183741351517;0.8805664698921941;0.004253204524860293;0.8656552233668743;0.005562183741351517;832.3990090131759;213.29822551482334
