Parameters;1_precision-mean;1_precision-std;1_recall-mean;1_recall-std;1_f1-score-mean;1_f1-score-std;-1_precision-mean;-1_precision-std;-1_recall-mean;-1_recall-std;-1_f1-score-mean;-1_f1-score-std;macro avg_precision-mean;macro avg_precision-std;macro avg_recall-mean;macro avg_recall-std;macro avg_f1-score-mean;macro avg_f1-score-std;weighted avg_precision-mean;weighted avg_precision-std;weighted avg_recall-mean;weighted avg_recall-std;weighted avg_f1-score-mean;weighted avg_f1-score-std;accuracy-mean;accuracy-std;time-mean;time-std
kernel:linear_gamma:scale_nu:0.85;0.13890554159380836;0.013977253335652398;0.14978992250474618;0.01811230274108212;0.14407765897103858;0.015717042056400087;0.8869839080029231;0.002124420723004547;0.8780082987551868;0.005054326852730203;0.882464948916601;0.002797917058658599;0.5129447247983657;0.008046089303847525;0.5138991106299664;0.008753696271879954;0.5132713039438197;0.008352439303857267;0.7999926803257881;0.003547496861277285;0.7933266889993615;0.00447483310849532;0.7966007426921762;0.0035152183222495596;0.7933266889993615;0.00447483310849532;0.19373617172241211;0.0074837977834613795
