Parameters;1_precision-mean;1_precision-std;1_recall-mean;1_recall-std;1_f1-score-mean;1_f1-score-std;-1_precision-mean;-1_precision-std;-1_recall-mean;-1_recall-std;-1_f1-score-mean;-1_f1-score-std;macro avg_precision-mean;macro avg_precision-std;macro avg_recall-mean;macro avg_recall-std;macro avg_f1-score-mean;macro avg_f1-score-std;weighted avg_precision-mean;weighted avg_precision-std;weighted avg_recall-mean;weighted avg_recall-std;weighted avg_f1-score-mean;weighted avg_f1-score-std;accuracy-mean;accuracy-std;time-mean;time-std
kernel:sigmoid_gamma:auto_nu:0.4;0.4570543066941431;0.02175106330105825;0.5995051507889577;0.041997751505919466;0.5185600386826752;0.029173731316209938;0.9450817201715518;0.005511984602237878;0.9064315352697095;0.0031223894073220656;0.9253463605481921;0.003614752622324584;0.7010680134328474;0.013505664677039208;0.7529683430293337;0.021635384804384362;0.7219531996154336;0.01633012562332288;0.8883322508066032;0.007280168778353526;0.8707425936269028;0.006437546152404274;0.8780445058631937;0.006500865708119202;0.8707425936269028;0.006437546152404274;0.3120312213897705;0.008295093223358824
