Parameters;1_precision-mean;1_precision-std;1_recall-mean;1_recall-std;1_f1-score-mean;1_f1-score-std;-1_precision-mean;-1_precision-std;-1_recall-mean;-1_recall-std;-1_f1-score-mean;-1_f1-score-std;macro avg_precision-mean;macro avg_precision-std;macro avg_recall-mean;macro avg_recall-std;macro avg_f1-score-mean;macro avg_f1-score-std;weighted avg_precision-mean;weighted avg_precision-std;weighted avg_recall-mean;weighted avg_recall-std;weighted avg_f1-score-mean;weighted avg_f1-score-std;accuracy-mean;accuracy-std;time-mean;time-std
kernel:sigmoid_gamma:auto_nu:0.45;0.5246942901559882;0.018144578737826787;0.5510286016619463;0.03170310334975581;0.5372801932955135;0.02261320644579744;0.9405500688481228;0.0038683455115823924;0.9343360995850623;0.003669033025690318;0.9374239046217017;0.0024314640098596478;0.7326221795020554;0.010500204579128742;0.7426823506235044;0.015558104214259322;0.7373520489586076;0.012349085377134106;0.8921932984653618;0.0050816383798953195;0.8897645106832568;0.004324263534787122;0.8908943445978071;0.00456246902114069;0.8897645106832568;0.004324263534787122;0.34140625;0.006610402980762732
