Parameters;1_precision-mean;1_precision-std;1_recall-mean;1_recall-std;1_f1-score-mean;1_f1-score-std;-1_precision-mean;-1_precision-std;-1_recall-mean;-1_recall-std;-1_f1-score-mean;-1_f1-score-std;macro avg_precision-mean;macro avg_precision-std;macro avg_recall-mean;macro avg_recall-std;macro avg_f1-score-mean;macro avg_f1-score-std;weighted avg_precision-mean;weighted avg_precision-std;weighted avg_recall-mean;weighted avg_recall-std;weighted avg_f1-score-mean;weighted avg_f1-score-std;accuracy-mean;accuracy-std;time-mean;time-std
kernel:poly_gamma:scale_nu:0.85;0.4338717707730866;0.03968515519779012;0.14936043073667177;0.028740333364801866;0.22163103730305295;0.036508050306162186;0.8970057953092692;0.0029203593103153324;0.974688796680498;0.0021980933714125534;0.9342297624910687;0.0013587824326062434;0.665438783041178;0.021176346052444436;0.5620246137085848;0.013776302124201422;0.5779303998970607;0.01878688748966522;0.8431542440841702;0.006988822548838522;0.8787181478572338;0.0026712078272195516;0.8513686471391866;0.005158088847381186;0.8787181478572338;0.0026712078272195516;0.44853618144989016;0.020702346589486678
