Parameters;1_precision-mean;1_precision-std;1_recall-mean;1_recall-std;1_f1-score-mean;1_f1-score-std;0_precision-mean;0_precision-std;0_recall-mean;0_recall-std;0_f1-score-mean;0_f1-score-std;macro avg_precision-mean;macro avg_precision-std;macro avg_recall-mean;macro avg_recall-std;macro avg_f1-score-mean;macro avg_f1-score-std;weighted avg_precision-mean;weighted avg_precision-std;weighted avg_recall-mean;weighted avg_recall-std;weighted avg_f1-score-mean;weighted avg_f1-score-std;accuracy-mean;accuracy-std;time-mean;time-std
0.5_0.0001_300_3;0.9144591274142557;0.002833865475489899;0.70399377593361;0.00852912235229463;0.7955058532561996;0.005161291798295212;0.1816590008554756;0.005009682779270594;0.4994055584949114;0.02104724822807316;0.26636770997632986;0.007838360611929763;0.5480590641348657;0.003813249977234564;0.6016996672142607;0.008663372073776243;0.5309367816162648;0.0047719325193467796;0.8292452725051248;0.0030216811415011285;0.6802034359737942;0.006371670433535032;0.7339749721544405;0.004678280998385285;0.6802034359737942;0.006371670433535032;7.457245898246765;0.13404156493504957
