Parameters;1_precision-mean;1_precision-std;1_recall-mean;1_recall-std;1_f1-score-mean;1_f1-score-std;-1_precision-mean;-1_precision-std;-1_recall-mean;-1_recall-std;-1_f1-score-mean;-1_f1-score-std;macro avg_precision-mean;macro avg_precision-std;macro avg_recall-mean;macro avg_recall-std;macro avg_f1-score-mean;macro avg_f1-score-std;weighted avg_precision-mean;weighted avg_precision-std;weighted avg_recall-mean;weighted avg_recall-std;weighted avg_f1-score-mean;weighted avg_f1-score-std;accuracy-mean;accuracy-std;time-mean;time-std
kernel:poly_gamma:scale_nu:0.85;0.18765940646117144;0.018844124485557733;0.15055553826522672;0.022611204513815444;0.16686761407288872;0.021213318122268194;0.8911243531352465;0.002140845972460081;0.9147302904564315;0.005330981393165823;0.9027604973952098;0.0021707171556197085;0.5393918797982089;0.010467511051459268;0.5326429143608291;0.009616118500090792;0.534814055734049;0.010418799803669354;0.809323047697586;0.0040047139072614014;0.8258697206227771;0.0034084841597759956;0.8171885272404159;0.0027212048249269974;0.8258697206227771;0.0034084841597759956;0.23298499584197999;0.004702021369440932
