Parameters;1_precision-mean;1_precision-std;1_recall-mean;1_recall-std;1_f1-score-mean;1_f1-score-std;-1_precision-mean;-1_precision-std;-1_recall-mean;-1_recall-std;-1_f1-score-mean;-1_f1-score-std;macro avg_precision-mean;macro avg_precision-std;macro avg_recall-mean;macro avg_recall-std;macro avg_f1-score-mean;macro avg_f1-score-std;weighted avg_precision-mean;weighted avg_precision-std;weighted avg_recall-mean;weighted avg_recall-std;weighted avg_f1-score-mean;weighted avg_f1-score-std;accuracy-mean;accuracy-std;time-mean;time-std
48_3_0.3_0.0005_500;0.44697478829747694;0.008863501685431891;0.8438906352121005;0.027930812648473267;0.5842568762730815;0.011568783610494127;0.9767716761071767;0.003907602309429834;0.8625518672199171;0.005868106067938172;0.9160943538710462;0.0027886025973328757;0.7118732322023269;0.005359747107659392;0.8532212512160087;0.012530017608772773;0.750175615072064;0.006703702246354982;0.9151640989107399;0.0038557835278089764;0.8603840307362434;0.004273329341563583;0.877507275338011;0.0034255797576897714;0.8603840307362434;0.004273329341563583;1007.1050657749176;284.5492361201276
