Parameters;1_precision-mean;1_precision-std;1_recall-mean;1_recall-std;1_f1-score-mean;1_f1-score-std;0_precision-mean;0_precision-std;0_recall-mean;0_recall-std;0_f1-score-mean;0_f1-score-std;macro avg_precision-mean;macro avg_precision-std;macro avg_recall-mean;macro avg_recall-std;macro avg_f1-score-mean;macro avg_f1-score-std;weighted avg_precision-mean;weighted avg_precision-std;weighted avg_recall-mean;weighted avg_recall-std;weighted avg_f1-score-mean;weighted avg_f1-score-std;accuracy-mean;accuracy-std;time-mean;time-std
0.2_0.0005_500_3;0.9257917662521237;0.007867970832124658;0.3591286307053942;0.009581266874453966;0.5174130134537669;0.009773683087428537;0.1381547779763435;0.0037458055388485604;0.7808347079144751;0.02736857982307266;0.2347638364311649;0.006554111860767066;0.5319732721142335;0.005773516490950916;0.5699816693099347;0.012224177164889913;0.37608842494246586;0.005870767508054299;0.8342009673699892;0.007354009972355837;0.40816794993509065;0.007537509262566146;0.48454540475121244;0.008669084822682558;0.40816794993509065;0.007537509262566146;11.528805565834045;0.13298569688793374
