Parameters;1_precision-mean;1_precision-std;1_recall-mean;1_recall-std;1_f1-score-mean;1_f1-score-std;-1_precision-mean;-1_precision-std;-1_recall-mean;-1_recall-std;-1_f1-score-mean;-1_f1-score-std;macro avg_precision-mean;macro avg_precision-std;macro avg_recall-mean;macro avg_recall-std;macro avg_f1-score-mean;macro avg_f1-score-std;weighted avg_precision-mean;weighted avg_precision-std;weighted avg_recall-mean;weighted avg_recall-std;weighted avg_f1-score-mean;weighted avg_f1-score-std;accuracy-mean;accuracy-std;time-mean;time-std
kernel:sigmoid_gamma:scale_nu:0.85;0.20266460098846775;0.017002577970107777;0.15056331891319907;0.017789303340450622;0.172619824918605;0.01731668826565182;0.8919044803615304;0.0018286023494041824;0.9221991701244813;0.004370409633390257;0.9067917796346887;0.0020971665144347974;0.547284540674999;0.009373760704441346;0.5363812445188403;0.008190486655486875;0.5397058022766468;0.008901004606315493;0.8117569099298036;0.003513895695814218;0.8324699271392675;0.0034702367160562623;0.8214191390215964;0.002923838158746357;0.8324699271392675;0.0034702367160562623;0.46814780235290526;0.007627758963031453
