Parameters;1_precision-mean;1_precision-std;1_recall-mean;1_recall-std;1_f1-score-mean;1_f1-score-std;0_precision-mean;0_precision-std;0_recall-mean;0_recall-std;0_f1-score-mean;0_f1-score-std;macro avg_precision-mean;macro avg_precision-std;macro avg_recall-mean;macro avg_recall-std;macro avg_f1-score-mean;macro avg_f1-score-std;weighted avg_precision-mean;weighted avg_precision-std;weighted avg_recall-mean;weighted avg_recall-std;weighted avg_f1-score-mean;weighted avg_f1-score-std;accuracy-mean;accuracy-std;time-mean;time-std
0.5_0.0001_500_3;0.9102357048720252;0.00421173057788354;0.7659232365145229;0.00655684543581588;0.8318378228188725;0.003138613548586267;0.1928721447633549;0.00932207500212519;0.4257103731598767;0.03262775703135816;0.2654023787184562;0.01503942100676925;0.55155392481769;0.006745575157542785;0.5958168048371998;0.014210893291144732;0.5486201007686644;0.007474513272281364;0.8268165029120984;0.0048307530120707595;0.726360522990194;0.004167619873740534;0.7659691629777539;0.003123693343340754;0.726360522990194;0.004167619873740534;11.476946592330933;0.11861585935616262
