Parameters;1_precision-mean;1_precision-std;1_recall-mean;1_recall-std;1_f1-score-mean;1_f1-score-std;0_precision-mean;0_precision-std;0_recall-mean;0_recall-std;0_f1-score-mean;0_f1-score-std;macro avg_precision-mean;macro avg_precision-std;macro avg_recall-mean;macro avg_recall-std;macro avg_f1-score-mean;macro avg_f1-score-std;weighted avg_precision-mean;weighted avg_precision-std;weighted avg_recall-mean;weighted avg_recall-std;weighted avg_f1-score-mean;weighted avg_f1-score-std;accuracy-mean;accuracy-std;time-mean;time-std
0.4_0.0001_500_3;0.9146069725469305;0.004252395437690965;0.679201244813278;0.00981168238587031;0.7794735150842629;0.006576575234974266;0.1752206632566976;0.0075732252601943125;0.5179390619650804;0.02734411493857677;0.2618118329653175;0.011480343345341443;0.5449138179018139;0.005820362205861683;0.5985701533891792;0.013024064771623546;0.5206426740247901;0.007538285627900846;0.8286272159526646;0.004604253348476856;0.6604481416247561;0.008266200685690686;0.7192768582818726;0.006392237020456118;0.6604481416247561;0.008266200685690686;12.16825349330902;0.27506264756564075
