Parameters;1_precision-mean;1_precision-std;1_recall-mean;1_recall-std;1_f1-score-mean;1_f1-score-std;-1_precision-mean;-1_precision-std;-1_recall-mean;-1_recall-std;-1_f1-score-mean;-1_f1-score-std;macro avg_precision-mean;macro avg_precision-std;macro avg_recall-mean;macro avg_recall-std;macro avg_f1-score-mean;macro avg_f1-score-std;weighted avg_precision-mean;weighted avg_precision-std;weighted avg_recall-mean;weighted avg_recall-std;weighted avg_f1-score-mean;weighted avg_f1-score-std;accuracy-mean;accuracy-std;time-mean;time-std
kernel:sigmoid_gamma:auto_nu:0.35;0.4826739629022037;0.013182028018435769;0.6511515358999097;0.029295338865139714;0.554113378687245;0.015330132112535328;0.9519091382218822;0.0037102629323742553;0.9080912863070539;0.005527206143052769;0.929466619837551;0.0025735158986946276;0.7172915505620429;0.007396356807025229;0.7796214111034818;0.013389945830974102;0.7417899992623981;0.00852763512962469;0.8973444270201947;0.004016451286064328;0.878214044214029;0.004211940217470572;0.8858192422817492;0.003644385111411778;0.878214044214029;0.004211940217470572;0.28458538055419924;0.011477715744685568
