Parameters;1_precision-mean;1_precision-std;1_recall-mean;1_recall-std;1_f1-score-mean;1_f1-score-std;0_precision-mean;0_precision-std;0_recall-mean;0_recall-std;0_f1-score-mean;0_f1-score-std;macro avg_precision-mean;macro avg_precision-std;macro avg_recall-mean;macro avg_recall-std;macro avg_f1-score-mean;macro avg_f1-score-std;weighted avg_precision-mean;weighted avg_precision-std;weighted avg_recall-mean;weighted avg_recall-std;weighted avg_f1-score-mean;weighted avg_f1-score-std;accuracy-mean;accuracy-std;time-mean;time-std
0.5_0.0005_300_3;0.9149377988738605;0.003927239596290665;0.7378112033195021;0.0061817806309970216;0.8168598077532806;0.0035244599798895373;0.1935518745912515;0.008248265998387294;0.4785207432074944;0.028269174671797247;0.2755797842649022;0.012784982714096123;0.554244836732556;0.006025790816347814;0.6081659732634982;0.012915366547027046;0.5462197960090914;0.006943916870164394;0.8310513826040872;0.0043960260371959485;0.7076587821410725;0.004794130761935136;0.7539167589371157;0.0036604475022530883;0.7076587821410725;0.004794130761935136;7.282294750213623;0.12756882607370038
