Parameters;1_precision-mean;1_precision-std;1_recall-mean;1_recall-std;1_f1-score-mean;1_f1-score-std;-1_precision-mean;-1_precision-std;-1_recall-mean;-1_recall-std;-1_f1-score-mean;-1_f1-score-std;macro avg_precision-mean;macro avg_precision-std;macro avg_recall-mean;macro avg_recall-std;macro avg_f1-score-mean;macro avg_f1-score-std;weighted avg_precision-mean;weighted avg_precision-std;weighted avg_recall-mean;weighted avg_recall-std;weighted avg_f1-score-mean;weighted avg_f1-score-std;accuracy-mean;accuracy-std;time-mean;time-std
kernel:sigmoid_gamma:auto_nu:0.5;0.48079657495185246;0.02691411689142392;0.5005742118203604;0.04878721033019619;0.4900065013711389;0.035921758987075836;0.9339797166794283;0.005950897392495267;0.929045643153527;0.004649571541704334;0.931489084301751;0.003549157105417733;0.7073881458156404;0.0160360651802267;0.7148099274869437;0.024106508354144286;0.710747792836445;0.019505779276474806;0.8812820527940503;0.008052219445889188;0.8792223355527342;0.006399544493681182;0.8801523708621144;0.00704167087763393;0.8792223355527342;0.006399544493681182;0.5912443161010742;0.12712902747297214
