Parameters;1_precision-mean;1_precision-std;1_recall-mean;1_recall-std;1_f1-score-mean;1_f1-score-std;-1_precision-mean;-1_precision-std;-1_recall-mean;-1_recall-std;-1_f1-score-mean;-1_f1-score-std;macro avg_precision-mean;macro avg_precision-std;macro avg_recall-mean;macro avg_recall-std;macro avg_f1-score-mean;macro avg_f1-score-std;weighted avg_precision-mean;weighted avg_precision-std;weighted avg_recall-mean;weighted avg_recall-std;weighted avg_f1-score-mean;weighted avg_f1-score-std;accuracy-mean;accuracy-std;time-mean;time-std
kernel:sigmoid_gamma:auto_nu:0.35;0.4808861639988337;0.01745701042243508;0.648772213749961;0.026615796209252775;0.5522841728213659;0.020283291682075454;0.9515669244320876;0.0035260801528118864;0.9078319502074688;0.0038747972397551234;0.9291808176052492;0.003142627221592583;0.7162265442154606;0.01028935336554049;0.778302081978715;0.014154005623789136;0.7407324952133074;0.01162505042560315;0.8968344195698835;0.004936051592081003;0.8777096884139374;0.005399415207437625;0.885354766776682;0.005027995405621294;0.8777096884139374;0.005399415207437625;0.2779975891113281;0.00652794374266448
