Parameters;1_precision-mean;1_precision-std;1_recall-mean;1_recall-std;1_f1-score-mean;1_f1-score-std;0_precision-mean;0_precision-std;0_recall-mean;0_recall-std;0_f1-score-mean;0_f1-score-std;macro avg_precision-mean;macro avg_precision-std;macro avg_recall-mean;macro avg_recall-std;macro avg_f1-score-mean;macro avg_f1-score-std;weighted avg_precision-mean;weighted avg_precision-std;weighted avg_recall-mean;weighted avg_recall-std;weighted avg_f1-score-mean;weighted avg_f1-score-std;accuracy-mean;accuracy-std;time-mean;time-std
0.1_0.0005_500_3;0.956352712254294;0.006371091746799862;0.37401452282157677;0.013177642755455809;0.5375750852498202;0.01333588555536092;0.15460491412587452;0.0030283186134739846;0.8699013413837104;0.02151695925379792;0.2625358477220855;0.005056965653129223;0.5554788131900843;0.004478519696642455;0.6219579321026436;0.009363187339946488;0.40005546648595286;0.007695504110636185;0.8631206070118603;0.005842080251943613;0.4316830085342498;0.010553346443400918;0.5055938253277878;0.011977128118931245;0.4316830085342498;0.010553346443400918;16.032415533065794;0.13959383893787383
