Parameters;1_precision-mean;1_precision-std;1_recall-mean;1_recall-std;1_f1-score-mean;1_f1-score-std;0_precision-mean;0_precision-std;0_recall-mean;0_recall-std;0_f1-score-mean;0_f1-score-std;macro avg_precision-mean;macro avg_precision-std;macro avg_recall-mean;macro avg_recall-std;macro avg_f1-score-mean;macro avg_f1-score-std;weighted avg_precision-mean;weighted avg_precision-std;weighted avg_recall-mean;weighted avg_recall-std;weighted avg_f1-score-mean;weighted avg_f1-score-std;accuracy-mean;accuracy-std;time-mean;time-std
0.1_0.0005_500_3;0.9642649302697753;0.00423124754567899;0.6007780082987552;0.009995850837712653;0.7402442847904218;0.006923625298129218;0.2149225971647181;0.0038232056655888333;0.8304892471445022;0.02271160289116271;0.34144343744526;0.006042671473487576;0.5895937637172468;0.003601357720342731;0.7156336277216288;0.00889686653913247;0.5408438611178408;0.004976371563305583;0.8771272904847921;0.0039544659303569025;0.6274923712035154;0.007364957491611454;0.69387026779691;0.006282987277685939;0.6274923712035154;0.007364957491611454;16.497955918312073;0.31187253746509497
