Parameters;1_precision-mean;1_precision-std;1_recall-mean;1_recall-std;1_f1-score-mean;1_f1-score-std;-1_precision-mean;-1_precision-std;-1_recall-mean;-1_recall-std;-1_f1-score-mean;-1_f1-score-std;macro avg_precision-mean;macro avg_precision-std;macro avg_recall-mean;macro avg_recall-std;macro avg_f1-score-mean;macro avg_f1-score-std;weighted avg_precision-mean;weighted avg_precision-std;weighted avg_recall-mean;weighted avg_recall-std;weighted avg_f1-score-mean;weighted avg_f1-score-std;accuracy-mean;accuracy-std;time-mean;time-std
kernel:poly_gamma:scale_nu:0.8;0.5280663162946609;0.022710936610840206;0.2002225265320096;0.028150203761214704;0.2895107155754376;0.0325010156885135;0.9027333183087085;0.0028603567350469457;0.9765560165975102;0.002673049528366199;0.9381876366412507;0.00106574487632169;0.7153998173016848;0.012402586807583006;0.58838927156476;0.01304641853507993;0.6138491761083442;0.016576276894441785;0.8591632215922635;0.004779253840891405;0.8862815096296615;0.002075471188469046;0.86275735727862;0.00440229267339331;0.8862815096296615;0.002075471188469046;0.3707340478897095;0.09453615131347645
