Parameters;1_precision-mean;1_precision-std;1_recall-mean;1_recall-std;1_f1-score-mean;1_f1-score-std;0_precision-mean;0_precision-std;0_recall-mean;0_recall-std;0_f1-score-mean;0_f1-score-std;macro avg_precision-mean;macro avg_precision-std;macro avg_recall-mean;macro avg_recall-std;macro avg_f1-score-mean;macro avg_f1-score-std;weighted avg_precision-mean;weighted avg_precision-std;weighted avg_recall-mean;weighted avg_recall-std;weighted avg_f1-score-mean;weighted avg_f1-score-std;accuracy-mean;accuracy-std;time-mean;time-std
0.2_0.0005_300_3;0.3062290328344927;0.02271257741413885;0.36493506493506495;0.03784104489437264;0.33230708882505444;0.025816271303379112;0.8481034431101513;0.006744764867211061;0.8105032146389715;0.020008700999595487;0.828734924982801;0.010811174385798546;0.577166237972322;0.014291344308997247;0.5877191397870182;0.016760598601814218;0.5805210069039276;0.015281339040969797;0.7472462394967152;0.009310675050744368;0.7275754172953879;0.014431637983693768;0.736338516489841;0.011127775299355694;0.7275754172953879;0.014431637983693768;10.148462510108947;1.1499062132749394
