Parameters;1_precision-mean;1_precision-std;1_recall-mean;1_recall-std;1_f1-score-mean;1_f1-score-std;-1_precision-mean;-1_precision-std;-1_recall-mean;-1_recall-std;-1_f1-score-mean;-1_f1-score-std;macro avg_precision-mean;macro avg_precision-std;macro avg_recall-mean;macro avg_recall-std;macro avg_f1-score-mean;macro avg_f1-score-std;weighted avg_precision-mean;weighted avg_precision-std;weighted avg_recall-mean;weighted avg_recall-std;weighted avg_f1-score-mean;weighted avg_f1-score-std;accuracy-mean;accuracy-std;time-mean;time-std
kernel:poly_gamma:scale_nu:0.2;0.8260854120575543;0.0058659972183798354;0.7941739084357777;0.0121769083283776;0.8097719406909627;0.007678639644879156;0.22994392960932702;0.020909218889203825;0.2688311688311688;0.028482743116183516;0.24769782778881816;0.023623042839189184;0.5280146708334407;0.013374053536745409;0.5315025386334733;0.015056565363715864;0.5287348842398905;0.014137118052701469;0.7151278537861853;0.008674075610792916;0.696394942157654;0.010911391070325838;0.7051557362753198;0.009304841879031456;0.696394942157654;0.010911391070325838;0.7906908988952637;0.15862795773511926
