Parameters;1_precision-mean;1_precision-std;1_recall-mean;1_recall-std;1_f1-score-mean;1_f1-score-std;-1_precision-mean;-1_precision-std;-1_recall-mean;-1_recall-std;-1_f1-score-mean;-1_f1-score-std;macro avg_precision-mean;macro avg_precision-std;macro avg_recall-mean;macro avg_recall-std;macro avg_f1-score-mean;macro avg_f1-score-std;weighted avg_precision-mean;weighted avg_precision-std;weighted avg_recall-mean;weighted avg_recall-std;weighted avg_f1-score-mean;weighted avg_f1-score-std;accuracy-mean;accuracy-std;time-mean;time-std
kernel:poly_gamma:scale_nu:0.25;0.8314127713231139;0.008095187865954466;0.742803271160096;0.021837820737636862;0.784476666360792;0.014381486613770842;0.2333471516822812;0.020798605308754964;0.3415584415584415;0.03338950683683752;0.2769718536591399;0.0245742640698185;0.5323799615026975;0.01442522767567927;0.5421808563592688;0.019194249529325042;0.530724260009966;0.017164147411306674;0.720097219731137;0.01046412246346935;0.6681182814565275;0.018340845758417188;0.6900155630909074;0.014614214724066961;0.6681182814565275;0.018340845758417188;0.8237082719802856;0.11221978390971808
