Parameters;1_precision-mean;1_precision-std;1_recall-mean;1_recall-std;1_f1-score-mean;1_f1-score-std;-1_precision-mean;-1_precision-std;-1_recall-mean;-1_recall-std;-1_f1-score-mean;-1_f1-score-std;macro avg_precision-mean;macro avg_precision-std;macro avg_recall-mean;macro avg_recall-std;macro avg_f1-score-mean;macro avg_f1-score-std;weighted avg_precision-mean;weighted avg_precision-std;weighted avg_recall-mean;weighted avg_recall-std;weighted avg_f1-score-mean;weighted avg_f1-score-std;accuracy-mean;accuracy-std;time-mean;time-std
kernel:poly_gamma:scale_nu:0.2;0.8225547030492676;0.00847351048940774;0.7992113536809382;0.02712081585810828;0.8105657626376106;0.017274127560238828;0.22181303803069383;0.036895993641103186;0.24675324675324678;0.030179091009408437;0.23299089394224728;0.03150632721679491;0.5221838705399807;0.022651915445275804;0.5229823002170925;0.022605593822435315;0.5217783282899289;0.022922759693700483;0.7107397486527874;0.013757528390546685;0.6963879238750278;0.02410377697643097;0.7030649514236604;0.01887752504436529;0.6963879238750278;0.02410377697643097;0.2744522333145142;0.09397830078215023
