Parameters;1_precision-mean;1_precision-std;1_recall-mean;1_recall-std;1_f1-score-mean;1_f1-score-std;-1_precision-mean;-1_precision-std;-1_recall-mean;-1_recall-std;-1_f1-score-mean;-1_f1-score-std;macro avg_precision-mean;macro avg_precision-std;macro avg_recall-mean;macro avg_recall-std;macro avg_f1-score-mean;macro avg_f1-score-std;weighted avg_precision-mean;weighted avg_precision-std;weighted avg_recall-mean;weighted avg_recall-std;weighted avg_f1-score-mean;weighted avg_f1-score-std;accuracy-mean;accuracy-std;time-mean;time-std
48_3_0.4_0.0001_500;0.8648619363199467;0.03361059760531718;0.8782835240921296;0.07551745511930756;0.8704266195744884;0.0512002688745325;0.46310834326370853;0.18881524267095623;0.4025974025974026;0.14577885922495876;0.42297667932808264;0.15711220180512891;0.6639851397918276;0.10997709093677918;0.6404404633447659;0.09349402894300818;0.6467016494512856;0.10073557212214498;0.7901075430707329;0.06110681022737136;0.7897533073656876;0.07562362782240946;0.7871591052281705;0.06779702280456937;0.7897533073656876;0.07562362782240946;642.3082646131516;244.7072135945823
