Parameters;1_precision-mean;1_precision-std;1_recall-mean;1_recall-std;1_f1-score-mean;1_f1-score-std;-1_precision-mean;-1_precision-std;-1_recall-mean;-1_recall-std;-1_f1-score-mean;-1_f1-score-std;macro avg_precision-mean;macro avg_precision-std;macro avg_recall-mean;macro avg_recall-std;macro avg_f1-score-mean;macro avg_f1-score-std;weighted avg_precision-mean;weighted avg_precision-std;weighted avg_recall-mean;weighted avg_recall-std;weighted avg_f1-score-mean;weighted avg_f1-score-std;accuracy-mean;accuracy-std;time-mean;time-std
kernel:rbf_gamma:auto_nu:0.25;0.8281849585749674;0.010599001437909457;0.7439831496396778;0.021184184518935716;0.7836652986306828;0.013397433921434127;0.22472531619136915;0.0269131818081086;0.3246753246753246;0.04962330694686442;0.2651871704772078;0.03354579607033834;0.5264551373831682;0.018660480259931188;0.5343292371575012;0.025022908423886568;0.5244262345539454;0.02064759876139525;0.7158673569687151;0.013491187454445925;0.6659455381268203;0.01789709890659518;0.6871668905012853;0.014749761983295792;0.6659455381268203;0.01789709890659518;0.178832745552063;0.021802419569786024
