Parameters;1_precision-mean;1_precision-std;1_recall-mean;1_recall-std;1_f1-score-mean;1_f1-score-std;-1_precision-mean;-1_precision-std;-1_recall-mean;-1_recall-std;-1_f1-score-mean;-1_f1-score-std;macro avg_precision-mean;macro avg_precision-std;macro avg_recall-mean;macro avg_recall-std;macro avg_f1-score-mean;macro avg_f1-score-std;weighted avg_precision-mean;weighted avg_precision-std;weighted avg_recall-mean;weighted avg_recall-std;weighted avg_f1-score-mean;weighted avg_f1-score-std;accuracy-mean;accuracy-std;time-mean;time-std
kernel:poly_gamma:auto_nu:0.02;0.8325483982688414;0.009848546521811797;0.7374849865762327;0.06583696805910101;0.7805179023379183;0.03752440884561213;0.2360936733743011;0.029226277411579005;0.3506493506493506;0.07683220497531969;0.2785095387542217;0.036473255678952175;0.5343210358215712;0.018985782687270546;0.5440671686127918;0.023577407878635652;0.5295137205460699;0.023814343270976892;0.7215338855782335;0.012962256478162683;0.6654753131908622;0.04312145636952201;0.6870776386808947;0.030091597000326917;0.6654753131908622;0.04312145636952201;0.04615714550018311;0.0016388714172059396
