Parameters;1_precision-mean;1_precision-std;1_recall-mean;1_recall-std;1_f1-score-mean;1_f1-score-std;-1_precision-mean;-1_precision-std;-1_recall-mean;-1_recall-std;-1_f1-score-mean;-1_f1-score-std;macro avg_precision-mean;macro avg_precision-std;macro avg_recall-mean;macro avg_recall-std;macro avg_f1-score-mean;macro avg_f1-score-std;weighted avg_precision-mean;weighted avg_precision-std;weighted avg_recall-mean;weighted avg_recall-std;weighted avg_f1-score-mean;weighted avg_f1-score-std;accuracy-mean;accuracy-std;time-mean;time-std
kernel:poly_gamma:auto_nu:0.085;0.956105835487825;0.011208364603003859;0.9144773562243887;0.014764338601997074;0.9347018115602406;0.0074657547922018196;0.6875320418652633;0.034616101162651444;0.8155844155844155;0.04921375408180885;0.744856040394667;0.02664322445253979;0.8218189386765442;0.017880917163084376;0.8650308859044022;0.02240329691583353;0.8397789259774537;0.016732863141902643;0.906122573568742;0.010859132889581579;0.8960639131604496;0.011499828669744258;0.8993663948557792;0.010721185640277001;0.8960639131604496;0.011499828669744258;0.08645100593566894;0.0016813056743383745
