Parameters;1_precision-mean;1_precision-std;1_recall-mean;1_recall-std;1_f1-score-mean;1_f1-score-std;-1_precision-mean;-1_precision-std;-1_recall-mean;-1_recall-std;-1_f1-score-mean;-1_f1-score-std;macro avg_precision-mean;macro avg_precision-std;macro avg_recall-mean;macro avg_recall-std;macro avg_f1-score-mean;macro avg_f1-score-std;weighted avg_precision-mean;weighted avg_precision-std;weighted avg_recall-mean;weighted avg_recall-std;weighted avg_f1-score-mean;weighted avg_f1-score-std;accuracy-mean;accuracy-std;time-mean;time-std
48_3_0.3_0.0001_300;0.8339439039819136;0.010526067906408622;0.8678306485799068;0.07137160357318541;0.8491258129883793;0.03554984831708818;0.33724849816831953;0.1128107957359413;0.24415584415584415;0.08127006673850398;0.2634499377924679;0.06130919171048319;0.5855962010751166;0.0587045261487864;0.5559932463678754;0.030101333609707407;0.5562878753904236;0.03466054243031959;0.7414980698648223;0.025598510269130823;0.7517604192254156;0.04877814778590047;0.7401262124278737;0.030527531321590418;0.7517604192254156;0.04877814778590047;381.8074686288834;56.901273567999056
