Parameters;1_precision-mean;1_precision-std;1_recall-mean;1_recall-std;1_f1-score-mean;1_f1-score-std;0_precision-mean;0_precision-std;0_recall-mean;0_recall-std;0_f1-score-mean;0_f1-score-std;macro avg_precision-mean;macro avg_precision-std;macro avg_recall-mean;macro avg_recall-std;macro avg_f1-score-mean;macro avg_f1-score-std;weighted avg_precision-mean;weighted avg_precision-std;weighted avg_recall-mean;weighted avg_recall-std;weighted avg_f1-score-mean;weighted avg_f1-score-std;accuracy-mean;accuracy-std;time-mean;time-std
0.2_0.0001_500_3;0.26760431007402347;0.02138100488609936;0.3064935064935065;0.033465191497987344;0.28518441995480587;0.02428246404104884;0.8359206682176404;0.006112325510411314;0.8078449554896142;0.01973880136868833;0.8215151533014241;0.011041909475956053;0.5517624891458319;0.013584014707796273;0.5571692309915603;0.015450305764355741;0.5533497866281151;0.014597739903113778;0.730141751997117;0.008842257240697527;0.7145272601794341;0.01459163311625058;0.7216883412912197;0.011082512889486784;0.7145272601794341;0.01459163311625058;7.034916687011719;0.6170496862062141
