Parameters;1_precision-mean;1_precision-std;1_recall-mean;1_recall-std;1_f1-score-mean;1_f1-score-std;-1_precision-mean;-1_precision-std;-1_recall-mean;-1_recall-std;-1_f1-score-mean;-1_f1-score-std;macro avg_precision-mean;macro avg_precision-std;macro avg_recall-mean;macro avg_recall-std;macro avg_f1-score-mean;macro avg_f1-score-std;weighted avg_precision-mean;weighted avg_precision-std;weighted avg_recall-mean;weighted avg_recall-std;weighted avg_f1-score-mean;weighted avg_f1-score-std;accuracy-mean;accuracy-std;time-mean;time-std
kernel:linear_gamma:scale_nu:0.15;0.8263282655553577;0.007244708332719587;0.8473320262823231;0.020548398635272483;0.8365444886497346;0.010340214142164312;0.2474928628380287;0.03631910165509047;0.2207792207792208;0.04646375018181381;0.23238773653742556;0.039565753680848186;0.5369105641966931;0.021664373318744573;0.534055623530772;0.019826940729103525;0.5344661125935801;0.020865051123845964;0.7185925698267648;0.012521133515070131;0.730718438198173;0.014227551784262028;0.7240976186989243;0.01165113181854931;0.730718438198173;0.014227551784262028;0.06870312690734863;0.002319750431650164
