Parameters;1_precision-mean;1_precision-std;1_recall-mean;1_recall-std;1_f1-score-mean;1_f1-score-std;-1_precision-mean;-1_precision-std;-1_recall-mean;-1_recall-std;-1_f1-score-mean;-1_f1-score-std;macro avg_precision-mean;macro avg_precision-std;macro avg_recall-mean;macro avg_recall-std;macro avg_f1-score-mean;macro avg_f1-score-std;weighted avg_precision-mean;weighted avg_precision-std;weighted avg_recall-mean;weighted avg_recall-std;weighted avg_f1-score-mean;weighted avg_f1-score-std;accuracy-mean;accuracy-std;time-mean;time-std
kernel:sigmoid_gamma:auto_nu:0.35;0.8408849929325759;0.009640219318844814;0.6498286703405398;0.025130007540306403;0.7328723367770874;0.01724451485237361;0.23225316558463213;0.017371230799694524;0.46233766233766227;0.03772945206839986;0.3088988434284965;0.021773470631690914;0.536569079258604;0.013350600462515625;0.556083166339101;0.020087730809640006;0.520885590102792;0.01689002295673159;0.727602446708393;0.011018942056908444;0.614930811430443;0.02004032484430196;0.653959342951431;0.016446981447075106;0.6149308114304429;0.020040324844301974;0.3751195430755615;0.044381061815868574
