Parameters;1_precision-mean;1_precision-std;1_recall-mean;1_recall-std;1_f1-score-mean;1_f1-score-std;0_precision-mean;0_precision-std;0_recall-mean;0_recall-std;0_f1-score-mean;0_f1-score-std;macro avg_precision-mean;macro avg_precision-std;macro avg_recall-mean;macro avg_recall-std;macro avg_f1-score-mean;macro avg_f1-score-std;weighted avg_precision-mean;weighted avg_precision-std;weighted avg_recall-mean;weighted avg_recall-std;weighted avg_f1-score-mean;weighted avg_f1-score-std;accuracy-mean;accuracy-std;time-mean;time-std
0.2_0.0001_300_3;0.27268382150430986;0.03370258535789613;0.2987012987012987;0.04536168622486489;0.2844699357107339;0.03790619024406192;0.8361172500187767;0.008686682423471032;0.8179534053977674;0.020314365723511484;0.8268029770174934;0.011923762074105091;0.5544005357615432;0.0210900462617549;0.5583273520495331;0.02262124793600603;0.5556364563641137;0.022065797611276323;0.7312475999096342;0.013265694269883914;0.7213010726275281;0.016717372114685828;0.7258577399578023;0.014125993338555038;0.7213010726275281;0.016717372114685828;5.670710849761963;0.551666636951384
