Parameters;1_precision-mean;1_precision-std;1_recall-mean;1_recall-std;1_f1-score-mean;1_f1-score-std;0_precision-mean;0_precision-std;0_recall-mean;0_recall-std;0_f1-score-mean;0_f1-score-std;macro avg_precision-mean;macro avg_precision-std;macro avg_recall-mean;macro avg_recall-std;macro avg_f1-score-mean;macro avg_f1-score-std;weighted avg_precision-mean;weighted avg_precision-std;weighted avg_recall-mean;weighted avg_recall-std;weighted avg_f1-score-mean;weighted avg_f1-score-std;accuracy-mean;accuracy-std;time-mean;time-std
0.1_0.0005_300_3;0.39916628357906375;0.031893756250700164;0.2701298701298701;0.02648841305762485;0.3216791652702879;0.02651114800033959;0.8445547793209792;0.004776738302957719;0.9067445598417407;0.010188504171282928;0.8745143904440402;0.005663631144100946;0.6218605314500215;0.01792898826188457;0.5884372149858055;0.01331488541804611;0.598096777857164;0.015048508494304646;0.7616561675484157;0.009377904022796438;0.7882519797405575;0.008863790979248854;0.7716160308877773;0.008475149237785955;0.7882519797405575;0.008863790979248854;10.64402666091919;0.6231332692347133
