Parameters;1_precision-mean;1_precision-std;1_recall-mean;1_recall-std;1_f1-score-mean;1_f1-score-std;-1_precision-mean;-1_precision-std;-1_recall-mean;-1_recall-std;-1_f1-score-mean;-1_f1-score-std;macro avg_precision-mean;macro avg_precision-std;macro avg_recall-mean;macro avg_recall-std;macro avg_f1-score-mean;macro avg_f1-score-std;weighted avg_precision-mean;weighted avg_precision-std;weighted avg_recall-mean;weighted avg_recall-std;weighted avg_f1-score-mean;weighted avg_f1-score-std;accuracy-mean;accuracy-std;time-mean;time-std
48_3_0.3_0.0001_300;0.8372125612237378;0.01269863214688655;0.8515084075173096;0.07883903056046522;0.8425383879506153;0.04236468260514677;0.3317927583583211;0.100316643184554;0.27662337662337666;0.08316759816407983;0.28582484334991276;0.06335332549770337;0.5845026597910293;0.054272950530099624;0.5640658920703432;0.036245826473214136;0.564181615650264;0.041604357080688166;0.7431451467097909;0.026242974598503728;0.7445157969844779;0.05623258032110362;0.7389278085954583;0.038650922185136265;0.7445157969844779;0.05623258032110362;355.74709475040436;59.63642062176667
