Parameters;1_precision-mean;1_precision-std;1_recall-mean;1_recall-std;1_f1-score-mean;1_f1-score-std;-1_precision-mean;-1_precision-std;-1_recall-mean;-1_recall-std;-1_f1-score-mean;-1_f1-score-std;macro avg_precision-mean;macro avg_precision-std;macro avg_recall-mean;macro avg_recall-std;macro avg_f1-score-mean;macro avg_f1-score-std;weighted avg_precision-mean;weighted avg_precision-std;weighted avg_recall-mean;weighted avg_recall-std;weighted avg_f1-score-mean;weighted avg_f1-score-std;accuracy-mean;accuracy-std;time-mean;time-std
kernel:poly_gamma:scale_nu:0.065;0.8272296240503143;0.00518554713672623;0.9340672248127737;0.00990485958901351;0.8773748484869561;0.00523794838851062;0.33628667426105757;0.05157221575155105;0.14675324675324675;0.03236346959578471;0.20348156752609894;0.039305740566900456;0.581758149155686;0.028186173804231673;0.5404102357830103;0.015528512159416887;0.5404282080065276;0.020923334556954932;0.7358534009241479;0.013575299432986737;0.787528511773169;0.008574396411837696;0.7519468509043014;0.009926252048970068;0.787528511773169;0.008574396411837696;0.04082014560699463;0.0013891173510965705
