Parameters;1_precision-mean;1_precision-std;1_recall-mean;1_recall-std;1_f1-score-mean;1_f1-score-std;-1_precision-mean;-1_precision-std;-1_recall-mean;-1_recall-std;-1_f1-score-mean;-1_f1-score-std;macro avg_precision-mean;macro avg_precision-std;macro avg_recall-mean;macro avg_recall-std;macro avg_f1-score-mean;macro avg_f1-score-std;weighted avg_precision-mean;weighted avg_precision-std;weighted avg_recall-mean;weighted avg_recall-std;weighted avg_f1-score-mean;weighted avg_f1-score-std;accuracy-mean;accuracy-std;time-mean;time-std
kernel:poly_gamma:scale_nu:0.25;0.823782547011431;0.005577095150328915;0.7496237812632471;0.01364906331768461;0.7848874173546532;0.008270118281432795;0.21422164457683013;0.016034299592010894;0.29870129870129863;0.028453119870398242;0.24934237996401407;0.020021960002110387;0.5190020957941307;0.010794219470523255;0.5241625399822729;0.013555389605377464;0.5171148986593336;0.011801795420886668;0.7103272057397426;0.00754832375165264;0.6656958042367033;0.010608744179885703;0.6852086156191806;0.008553883182262207;0.6656958042367033;0.010608744179885703;0.12101986408233642;0.0049759459877842275
