Parameters;1_precision-mean;1_precision-std;1_recall-mean;1_recall-std;1_f1-score-mean;1_f1-score-std;-1_precision-mean;-1_precision-std;-1_recall-mean;-1_recall-std;-1_f1-score-mean;-1_f1-score-std;macro avg_precision-mean;macro avg_precision-std;macro avg_recall-mean;macro avg_recall-std;macro avg_f1-score-mean;macro avg_f1-score-std;weighted avg_precision-mean;weighted avg_precision-std;weighted avg_recall-mean;weighted avg_recall-std;weighted avg_f1-score-mean;weighted avg_f1-score-std;accuracy-mean;accuracy-std;time-mean;time-std
kernel:poly_gamma:auto_nu:0.05;0.8394431713474175;0.021726114645682762;0.6305602656492864;0.06993223574895405;0.717594578581377;0.04689404852658875;0.22591092783186212;0.029092005603803855;0.4688311688311688;0.09966210411921907;0.30275724518846825;0.038920875993717824;0.5326770495896398;0.0242345611230323;0.5496957172402277;0.03756358192422438;0.5101759118849226;0.03124635944483362;0.7252502460189141;0.022329500484748712;0.6004491700880795;0.0468252742151618;0.6403795072092793;0.03919782340766073;0.6004491700880795;0.0468252742151618;0.07597155570983886;0.003121585178245228
