Parameters;1_precision-mean;1_precision-std;1_recall-mean;1_recall-std;1_f1-score-mean;1_f1-score-std;-1_precision-mean;-1_precision-std;-1_recall-mean;-1_recall-std;-1_f1-score-mean;-1_f1-score-std;macro avg_precision-mean;macro avg_precision-std;macro avg_recall-mean;macro avg_recall-std;macro avg_f1-score-mean;macro avg_f1-score-std;weighted avg_precision-mean;weighted avg_precision-std;weighted avg_recall-mean;weighted avg_recall-std;weighted avg_f1-score-mean;weighted avg_f1-score-std;accuracy-mean;accuracy-std;time-mean;time-std
kernel:rbf_gamma:auto_nu:0.2;0.8323170882773624;0.008521155057607987;0.7977612335735481;0.021259031992869666;0.8145691609037697;0.013854028501341613;0.2525828641868471;0.03269362172646845;0.29740259740259734;0.03647940754594323;0.27276077533012655;0.03325258838304341;0.5424499762321047;0.020557470186336545;0.5475819154880728;0.022485711997823492;0.5436649681169481;0.021874400410124232;0.7244172167258446;0.012902397202271945;0.7046314816764337;0.01946941312813459;0.7137265419191567;0.016012450430388597;0.7046314816764337;0.01946941312813459;0.20067951679229737;0.060556220046731904
