Parameters;1_precision-mean;1_precision-std;1_recall-mean;1_recall-std;1_f1-score-mean;1_f1-score-std;0_precision-mean;0_precision-std;0_recall-mean;0_recall-std;0_f1-score-mean;0_f1-score-std;macro avg_precision-mean;macro avg_precision-std;macro avg_recall-mean;macro avg_recall-std;macro avg_f1-score-mean;macro avg_f1-score-std;weighted avg_precision-mean;weighted avg_precision-std;weighted avg_recall-mean;weighted avg_recall-std;weighted avg_f1-score-mean;weighted avg_f1-score-std;accuracy-mean;accuracy-std;time-mean;time-std
0.2_0.0005_300_3;0.3238460238233646;0.029688155878288065;0.412987012987013;0.03170533926164597;0.3623501999018605;0.026961236066658827;0.8564681041082828;0.007444791845622638;0.8012999858697187;0.024209062056693095;0.8278081114522907;0.014831823539378562;0.5901570639658237;0.018146730535160385;0.6071434994283659;0.01912849919264676;0.5950791556770756;0.019437524089441546;0.7573316016965771;0.011239923404272358;0.7290223532301645;0.020120326283124036;0.741172221264896;0.016054616604128873;0.7290223532301645;0.020120326283124036;5.165130376815796;0.09360576172299538
