Parameters;1_precision-mean;1_precision-std;1_recall-mean;1_recall-std;1_f1-score-mean;1_f1-score-std;0_precision-mean;0_precision-std;0_recall-mean;0_recall-std;0_f1-score-mean;0_f1-score-std;macro avg_precision-mean;macro avg_precision-std;macro avg_recall-mean;macro avg_recall-std;macro avg_f1-score-mean;macro avg_f1-score-std;weighted avg_precision-mean;weighted avg_precision-std;weighted avg_recall-mean;weighted avg_recall-std;weighted avg_f1-score-mean;weighted avg_f1-score-std;accuracy-mean;accuracy-std;time-mean;time-std
0.1_0.0005_300_3;0.40584522294265923;0.039917667480520884;0.2805194805194805;0.023376623376623377;0.3302389262117395;0.020586527995674557;0.8460732615158832;0.0037007856573718816;0.9043706726013848;0.018450435793216983;0.874161858688311;0.009132848646647537;0.6259592422292714;0.020994451017093727;0.5924450765604325;0.010693163920084387;0.6022003924500254;0.012794964333448795;0.7641365536805227;0.009364604078467105;0.7882549040249851;0.013373031223727436;0.7729237892530316;0.009590333223805689;0.7882549040249851;0.013373031223727436;10.526548790931702;0.825290860311023
