Parameters;1_precision-mean;1_precision-std;1_recall-mean;1_recall-std;1_f1-score-mean;1_f1-score-std;-1_precision-mean;-1_precision-std;-1_recall-mean;-1_recall-std;-1_f1-score-mean;-1_f1-score-std;macro avg_precision-mean;macro avg_precision-std;macro avg_recall-mean;macro avg_recall-std;macro avg_f1-score-mean;macro avg_f1-score-std;weighted avg_precision-mean;weighted avg_precision-std;weighted avg_recall-mean;weighted avg_recall-std;weighted avg_f1-score-mean;weighted avg_f1-score-std;accuracy-mean;accuracy-std;time-mean;time-std
kernel:poly_gamma:scale_nu:0.15;0.9937158326798275;0.002662792688943268;0.8482240002826057;0.013927215213788533;0.9151728228224162;0.008782149743148596;0.5962008176257998;0.023931230765827753;0.9766233766233766;0.009718590614997254;0.7401946995748065;0.020119131200877216;0.7949583251528136;0.01284690688646868;0.912423688452991;0.01048445176772825;0.8276837611986114;0.014440942181425172;0.9197261467308305;0.006112031414814436;0.8721222116947981;0.012423055448704489;0.8826035827334338;0.01090420278529309;0.8721222116947981;0.012423055448704489;0.14687519073486327;0.00656481038090652
