Parameters;1_precision-mean;1_precision-std;1_recall-mean;1_recall-std;1_f1-score-mean;1_f1-score-std;-1_precision-mean;-1_precision-std;-1_recall-mean;-1_recall-std;-1_f1-score-mean;-1_f1-score-std;macro avg_precision-mean;macro avg_precision-std;macro avg_recall-mean;macro avg_recall-std;macro avg_f1-score-mean;macro avg_f1-score-std;weighted avg_precision-mean;weighted avg_precision-std;weighted avg_recall-mean;weighted avg_recall-std;weighted avg_f1-score-mean;weighted avg_f1-score-std;accuracy-mean;accuracy-std;time-mean;time-std
kernel:poly_gamma:scale_nu:0.055;0.981610385965937;0.0058437962743240635;0.946240462060195;0.012139620167553093;0.9635237348437264;0.004460893118477555;0.7988891430976445;0.0326399231046948;0.9220779220779219;0.025974025974025983;0.8551842599616059;0.013157414661910767;0.8902497645317906;0.014327658752201674;0.9341591920690584;0.008949475990337635;0.9093539974026662;0.008730009971544491;0.9476000932409955;0.004170197833498861;0.9417441602039981;0.006709685604691268;0.9433588084310942;0.006012419826816165;0.9417441602039981;0.006709685604691268;0.036755919456481934;0.0011528925198339103
