Parameters;1_precision-mean;1_precision-std;1_recall-mean;1_recall-std;1_f1-score-mean;1_f1-score-std;-1_precision-mean;-1_precision-std;-1_recall-mean;-1_recall-std;-1_f1-score-mean;-1_f1-score-std;macro avg_precision-mean;macro avg_precision-std;macro avg_recall-mean;macro avg_recall-std;macro avg_f1-score-mean;macro avg_f1-score-std;weighted avg_precision-mean;weighted avg_precision-std;weighted avg_recall-mean;weighted avg_recall-std;weighted avg_f1-score-mean;weighted avg_f1-score-std;accuracy-mean;accuracy-std;time-mean;time-std
kernel:poly_gamma:scale_nu:0.1;0.9654237111392506;0.008566662194228766;0.8927882577363289;0.012934966221641937;0.927602491808892;0.006993694036539225;0.6481479048620727;0.02596938639694605;0.8597402597402597;0.03664087267445681;0.7384798466877573;0.021816279494905694;0.8067858080006616;0.013919550964002549;0.8762642587382944;0.017266295696850748;0.8330411692483247;0.014131643524075558;0.9063723774236616;0.00874362054615561;0.8866325110245523;0.010450307147982863;0.8924010276970471;0.009509156418456014;0.8866325110245523;0.010450307147982863;0.06194794178009033;0.004179338480694995
