Parameters;1_precision-mean;1_precision-std;1_recall-mean;1_recall-std;1_f1-score-mean;1_f1-score-std;0_precision-mean;0_precision-std;0_recall-mean;0_recall-std;0_f1-score-mean;0_f1-score-std;macro avg_precision-mean;macro avg_precision-std;macro avg_recall-mean;macro avg_recall-std;macro avg_f1-score-mean;macro avg_f1-score-std;weighted avg_precision-mean;weighted avg_precision-std;weighted avg_recall-mean;weighted avg_recall-std;weighted avg_f1-score-mean;weighted avg_f1-score-std;accuracy-mean;accuracy-std;time-mean;time-std
0.2_0.0005_300_3;0.3271627783228223;0.03847038201076324;0.3935064935064935;0.026006473239611406;0.35631832673304575;0.029769599346635995;0.8539750029833133;0.007668015567427562;0.8119974918750883;0.029621318790291663;0.8322600799158038;0.018394742555586794;0.5905688906530678;0.02275964973493834;0.602751992690791;0.02117464535111892;0.5942892033244248;0.023277172038737623;0.7559216225748701;0.013085742191152114;0.73410534442222;0.025320469649516678;0.7436749467112767;0.019946436104305364;0.73410534442222;0.025320469649516678;5.271898174285889;0.10374789452018492
