Parameters;1_precision-mean;1_precision-std;1_recall-mean;1_recall-std;1_f1-score-mean;1_f1-score-std;0_precision-mean;0_precision-std;0_recall-mean;0_recall-std;0_f1-score-mean;0_f1-score-std;macro avg_precision-mean;macro avg_precision-std;macro avg_recall-mean;macro avg_recall-std;macro avg_f1-score-mean;macro avg_f1-score-std;weighted avg_precision-mean;weighted avg_precision-std;weighted avg_recall-mean;weighted avg_recall-std;weighted avg_f1-score-mean;weighted avg_f1-score-std;accuracy-mean;accuracy-std;time-mean;time-std
0.2_0.0005_300_3;0.29561544110349647;0.03126920970640593;0.35454545454545455;0.033890878832986734;0.32129805995213506;0.026319374442037597;0.8449387318600972;0.007271571739364047;0.8045711459658046;0.028844685674134365;0.8240290015581468;0.01671708326241143;0.5702770864817969;0.018766894286324547;0.5795583002556296;0.01878317486281495;0.5726635307551409;0.01923929115057354;0.7426947390560736;0.011270933701384626;0.7208080382730346;0.022478259735206597;0.7304566128136745;0.016937337748984472;0.7208080382730346;0.022478259735206597;5.265600061416626;0.1774591235625968
