Parameters;1_precision-mean;1_precision-std;1_recall-mean;1_recall-std;1_f1-score-mean;1_f1-score-std;0_precision-mean;0_precision-std;0_recall-mean;0_recall-std;0_f1-score-mean;0_f1-score-std;macro avg_precision-mean;macro avg_precision-std;macro avg_recall-mean;macro avg_recall-std;macro avg_f1-score-mean;macro avg_f1-score-std;weighted avg_precision-mean;weighted avg_precision-std;weighted avg_recall-mean;weighted avg_recall-std;weighted avg_f1-score-mean;weighted avg_f1-score-std;accuracy-mean;accuracy-std;time-mean;time-std
0.2_0.0001_500_3;0.27404873600698787;0.021551273483478572;0.3103896103896104;0.0196529168187293;0.2907746242151578;0.01873290928452712;0.8371790346928867;0.005001569850111907;0.8111046347322312;0.01694750186348095;0.8238685018179919;0.010399933346588128;0.5556138853499373;0.01317211033481693;0.5607471225609207;0.013083776527021222;0.5573215630165749;0.01348554509144716;0.7323642828279382;0.00805773421152076;0.7179059784070838;0.01436595076640787;0.7246438329346259;0.011207164878020247;0.7179059784070838;0.01436595076640787;7.454404544830322;0.10196102150063452
