Parameters;1_precision-mean;1_precision-std;1_recall-mean;1_recall-std;1_f1-score-mean;1_f1-score-std;-1_precision-mean;-1_precision-std;-1_recall-mean;-1_recall-std;-1_f1-score-mean;-1_f1-score-std;macro avg_precision-mean;macro avg_precision-std;macro avg_recall-mean;macro avg_recall-std;macro avg_f1-score-mean;macro avg_f1-score-std;weighted avg_precision-mean;weighted avg_precision-std;weighted avg_recall-mean;weighted avg_recall-std;weighted avg_f1-score-mean;weighted avg_f1-score-std;accuracy-mean;accuracy-std;time-mean;time-std
kernel:poly_gamma:auto_nu:0.045;1.0;0.0;0.9536597428288823;0.011637730895846873;0.9762437122094392;0.006139346687444664;0.8329524015957472;0.033706962435868716;1.0;0.0;0.9084887458571205;0.020422581562663942;0.9164762007978737;0.016853481217934358;0.9768298714144411;0.005818865447923444;0.9423662290332799;0.013279138734636393;0.9689046501951568;0.006295428627527332;0.9622860885941209;0.009465069565094415;0.9636312906472642;0.008805232558091224;0.9622860885941209;0.009465069565094415;0.03576383590698242;0.006963929870821102
