Parameters;1_precision-mean;1_precision-std;1_recall-mean;1_recall-std;1_f1-score-mean;1_f1-score-std;-1_precision-mean;-1_precision-std;-1_recall-mean;-1_recall-std;-1_f1-score-mean;-1_f1-score-std;macro avg_precision-mean;macro avg_precision-std;macro avg_recall-mean;macro avg_recall-std;macro avg_f1-score-mean;macro avg_f1-score-std;weighted avg_precision-mean;weighted avg_precision-std;weighted avg_recall-mean;weighted avg_recall-std;weighted avg_f1-score-mean;weighted avg_f1-score-std;accuracy-mean;accuracy-std;time-mean;time-std
kernel:poly_gamma:auto_nu:0.075;0.8423873910066184;0.01469908142159892;0.664679595873958;0.024074673273940687;0.7428335180329733;0.01751977833370771;0.23714269576202257;0.025325030610769173;0.4558441558441557;0.05703945780778634;0.3116915175654331;0.0342375400109091;0.5397650433843204;0.019931326667612156;0.5602618758590567;0.030517431457639944;0.5272625177992032;0.023213505439265588;0.7297349972209148;0.016666389776132235;0.6258073949304604;0.02193370474693056;0.6625854700287688;0.018644481856488992;0.6258073949304604;0.02193370474693056;0.051531004905700686;0.00173972137211952
