Parameters;1_precision-mean;1_precision-std;1_recall-mean;1_recall-std;1_f1-score-mean;1_f1-score-std;-1_precision-mean;-1_precision-std;-1_recall-mean;-1_recall-std;-1_f1-score-mean;-1_f1-score-std;macro avg_precision-mean;macro avg_precision-std;macro avg_recall-mean;macro avg_recall-std;macro avg_f1-score-mean;macro avg_f1-score-std;weighted avg_precision-mean;weighted avg_precision-std;weighted avg_recall-mean;weighted avg_recall-std;weighted avg_f1-score-mean;weighted avg_f1-score-std;accuracy-mean;accuracy-std;time-mean;time-std
kernel:poly_gamma:scale_nu:0.1;0.9830647577706413;0.007306139830291721;0.8904240850642928;0.0224793603219035;0.9342635100794592;0.011863689968572438;0.6636794504742911;0.04346272350153859;0.9324675324675324;0.03006710883841618;0.7742878068610891;0.029681548258333974;0.8233721041224662;0.021497884950500565;0.9114458087659125;0.0152054026116746;0.8542756584702742;0.020621054602665917;0.92362458100991;0.009271143745026687;0.8982471839140962;0.017111318621105563;0.9044904436679746;0.015035167783524497;0.8982471839140962;0.017111318621105563;0.06832637786865234;0.012925946694941891
