Parameters;1_precision-mean;1_precision-std;1_recall-mean;1_recall-std;1_f1-score-mean;1_f1-score-std;-1_precision-mean;-1_precision-std;-1_recall-mean;-1_recall-std;-1_f1-score-mean;-1_f1-score-std;macro avg_precision-mean;macro avg_precision-std;macro avg_recall-mean;macro avg_recall-std;macro avg_f1-score-mean;macro avg_f1-score-std;weighted avg_precision-mean;weighted avg_precision-std;weighted avg_recall-mean;weighted avg_recall-std;weighted avg_f1-score-mean;weighted avg_f1-score-std;accuracy-mean;accuracy-std;time-mean;time-std
kernel:poly_gamma:auto_nu:0.03;0.8625237462034026;0.05218065510011089;0.4437853219999089;0.08868966311813112;0.5793549588558087;0.06908873997301712;0.49252976942522053;0.035328711204648144;0.8764542936288089;0.07092927469805882;0.6286242699451492;0.030634869811761518;0.6775267578143116;0.03323252049177761;0.6601198078143587;0.03480383702123941;0.603989614400479;0.04446034839648788;0.7224507778720634;0.03651185359837718;0.6075912763621885;0.04318078892557777;0.5980111410524442;0.049943594053642744;0.6075912763621885;0.04318078892557777;0.059489655494689944;0.005466503578607354
