Parameters;1_precision-mean;1_precision-std;1_recall-mean;1_recall-std;1_f1-score-mean;1_f1-score-std;0_precision-mean;0_precision-std;0_recall-mean;0_recall-std;0_f1-score-mean;0_f1-score-std;macro avg_precision-mean;macro avg_precision-std;macro avg_recall-mean;macro avg_recall-std;macro avg_f1-score-mean;macro avg_f1-score-std;weighted avg_precision-mean;weighted avg_precision-std;weighted avg_recall-mean;weighted avg_recall-std;weighted avg_f1-score-mean;weighted avg_f1-score-std;accuracy-mean;accuracy-std;time-mean;time-std
0.2_0.0005_500_3;0.6712054478894135;0.02017323881571207;0.704432132963989;0.012995794022980494;0.6872189147955104;0.012870974744189054;0.8142267010152995;0.007131500160134213;0.7892253657536119;0.01974242712868535;0.8014279129462215;0.012168822347920931;0.7427160744523567;0.012597477595724722;0.7468287493588004;0.011163682341792238;0.7443234138708661;0.01219929912761129;0.7600820015913217;0.010945067099538559;0.7571286525393714;0.012674756169053385;0.7581929341391443;0.012137798517381818;0.7571286525393713;0.0126747561690534;14.66886510848999;0.9657352940439927
