Parameters;1_precision-mean;1_precision-std;1_recall-mean;1_recall-std;1_f1-score-mean;1_f1-score-std;-1_precision-mean;-1_precision-std;-1_recall-mean;-1_recall-std;-1_f1-score-mean;-1_f1-score-std;macro avg_precision-mean;macro avg_precision-std;macro avg_recall-mean;macro avg_recall-std;macro avg_f1-score-mean;macro avg_f1-score-std;weighted avg_precision-mean;weighted avg_precision-std;weighted avg_recall-mean;weighted avg_recall-std;weighted avg_f1-score-mean;weighted avg_f1-score-std;accuracy-mean;accuracy-std;time-mean;time-std
kernel:poly_gamma:scale_nu:0.4;0.7285775544740396;0.005353615100468766;0.6014211407866552;0.008589309532087065;0.6588772883114012;0.005495607077871548;0.4914078094115575;0.005009836827164353;0.6321329639889196;0.011340437390835855;0.5529159049700019;0.006196251522775611;0.6099926819427985;0.004816565824031152;0.6167770523877874;0.005142673207462847;0.6058965966407015;0.004867605254870884;0.6387937562932153;0.004893223731865459;0.6130455298395666;0.00491990294421373;0.6187632155836218;0.004828059458014313;0.6130455298395666;0.00491990294421373;0.8320357799530029;0.20354739162322852
