Parameters;1_precision-mean;1_precision-std;1_recall-mean;1_recall-std;1_f1-score-mean;1_f1-score-std;0_precision-mean;0_precision-std;0_recall-mean;0_recall-std;0_f1-score-mean;0_f1-score-std;macro avg_precision-mean;macro avg_precision-std;macro avg_recall-mean;macro avg_recall-std;macro avg_f1-score-mean;macro avg_f1-score-std;weighted avg_precision-mean;weighted avg_precision-std;weighted avg_recall-mean;weighted avg_recall-std;weighted avg_f1-score-mean;weighted avg_f1-score-std;accuracy-mean;accuracy-std;time-mean;time-std
0.2_0.0005_300_3;0.6751521100960927;0.02744546944724051;0.6747922437673132;0.019279459990365996;0.6744694049512878;0.015156428825705172;0.8017590392820493;0.00868377860967054;0.8010288956747642;0.02698048653501349;0.8011705680956919;0.01503622802087603;0.738455574689071;0.015925586909968786;0.7379105697210385;0.013021995621670479;0.7378199865234899;0.014426894075944871;0.7538262742023194;0.0134632742534786;0.7532452962178356;0.015353215848448794;0.7532066244298303;0.01446834386845386;0.7532452962178356;0.01535321584844879;12.944844222068786;1.8379403781624957
