Parameters;1_precision-mean;1_precision-std;1_recall-mean;1_recall-std;1_f1-score-mean;1_f1-score-std;-1_precision-mean;-1_precision-std;-1_recall-mean;-1_recall-std;-1_f1-score-mean;-1_f1-score-std;macro avg_precision-mean;macro avg_precision-std;macro avg_recall-mean;macro avg_recall-std;macro avg_f1-score-mean;macro avg_f1-score-std;weighted avg_precision-mean;weighted avg_precision-std;weighted avg_recall-mean;weighted avg_recall-std;weighted avg_f1-score-mean;weighted avg_f1-score-std;accuracy-mean;accuracy-std;time-mean;time-std
kernel:poly_gamma:auto_nu:0.015;0.7633001182555026;0.059038146923728524;0.5273170092520851;0.10841289884636578;0.6127607441761943;0.05359628337245509;0.47789566770403313;0.01684802762806827;0.7085872576177284;0.15373237486396482;0.5628242646780713;0.06242145417589966;0.6205978929797679;0.03175782214424885;0.6179521334349068;0.029362496836203733;0.587792504427133;0.022129084002972546;0.6552546804249363;0.03806550179285568;0.5959528664858408;0.020321058551981155;0.5938619478903711;0.02315751549388078;0.5959528664858408;0.020321058551981155;0.08018255233764648;0.009280167342185853
