Parameters;1_precision-mean;1_precision-std;1_recall-mean;1_recall-std;1_f1-score-mean;1_f1-score-std;-1_precision-mean;-1_precision-std;-1_recall-mean;-1_recall-std;-1_f1-score-mean;-1_f1-score-std;macro avg_precision-mean;macro avg_precision-std;macro avg_recall-mean;macro avg_recall-std;macro avg_f1-score-mean;macro avg_f1-score-std;weighted avg_precision-mean;weighted avg_precision-std;weighted avg_recall-mean;weighted avg_recall-std;weighted avg_f1-score-mean;weighted avg_f1-score-std;accuracy-mean;accuracy-std;time-mean;time-std
kernel:poly_gamma:scale_nu:0.4;0.8249289409511551;0.011900882927240985;0.6002449751606582;0.023129725505095792;0.6946489858584763;0.017295609756652074;0.5468448978796624;0.014576148688080697;0.7908587257617729;0.0164930478078717;0.646450327437165;0.012465482742110333;0.6858869194154087;0.011928329809181163;0.6955518504612155;0.013128379394228137;0.6705496566478206;0.014308082618128866;0.7196576697439353;0.011663160280985008;0.6724002982966732;0.014766188848045219;0.676401274905779;0.014948642704543333;0.6724002982966732;0.014766188848045219;0.8232121229171753;0.18902575757007936
