Parameters;1_precision-mean;1_precision-std;1_recall-mean;1_recall-std;1_f1-score-mean;1_f1-score-std;-1_precision-mean;-1_precision-std;-1_recall-mean;-1_recall-std;-1_f1-score-mean;-1_f1-score-std;macro avg_precision-mean;macro avg_precision-std;macro avg_recall-mean;macro avg_recall-std;macro avg_f1-score-mean;macro avg_f1-score-std;weighted avg_precision-mean;weighted avg_precision-std;weighted avg_recall-mean;weighted avg_recall-std;weighted avg_f1-score-mean;weighted avg_f1-score-std;accuracy-mean;accuracy-std;time-mean;time-std
kernel:rbf_gamma:auto_nu:0.35;0.7354867461377517;0.00956479002058597;0.6461271136228979;0.01386633043831834;0.6878077750569283;0.008774826867730418;0.5156335850118829;0.009713666074834199;0.6182825484764544;0.020795927289887495;0.5621807056410235;0.012288043069558682;0.6255601655748173;0.009054611735374698;0.6322048310496761;0.009700274877432554;0.6249942403489759;0.009059848141694114;0.6522569392494713;0.009068150120746318;0.6355903568340956;0.00882220230953598;0.6402512543761487;0.008664035688620163;0.6355903568340956;0.00882220230953598;0.9930977821350098;0.2446281735366995
