Parameters;1_precision-mean;1_precision-std;1_recall-mean;1_recall-std;1_f1-score-mean;1_f1-score-std;0_precision-mean;0_precision-std;0_recall-mean;0_recall-std;0_f1-score-mean;0_f1-score-std;macro avg_precision-mean;macro avg_precision-std;macro avg_recall-mean;macro avg_recall-std;macro avg_f1-score-mean;macro avg_f1-score-std;weighted avg_precision-mean;weighted avg_precision-std;weighted avg_recall-mean;weighted avg_recall-std;weighted avg_f1-score-mean;weighted avg_f1-score-std;accuracy-mean;accuracy-std;time-mean;time-std
0.2_0.0001_500_3;0.5602932133326488;0.015534794399421523;0.4224376731301939;0.012526780115894746;0.4814930291549162;0.009647012784659733;0.6939189761271085;0.004498482129378061;0.7976687480060163;0.01442308363276783;0.7421341473149898;0.00762834198611965;0.6271060947298788;0.009540166999149575;0.6100532105681051;0.007039045462626353;0.6118135882349531;0.007380982281777763;0.6433323702617681;0.008162059412710579;0.6556196805409817;0.007993255906143087;0.6434644500223834;0.007188805733901002;0.6556196805409817;0.007993255906143087;9.521711182594299;0.04458590979764362
