Parameters;1_precision-mean;1_precision-std;1_recall-mean;1_recall-std;1_f1-score-mean;1_f1-score-std;0_precision-mean;0_precision-std;0_recall-mean;0_recall-std;0_f1-score-mean;0_f1-score-std;macro avg_precision-mean;macro avg_precision-std;macro avg_recall-mean;macro avg_recall-std;macro avg_f1-score-mean;macro avg_f1-score-std;weighted avg_precision-mean;weighted avg_precision-std;weighted avg_recall-mean;weighted avg_recall-std;weighted avg_f1-score-mean;weighted avg_f1-score-std;accuracy-mean;accuracy-std;time-mean;time-std
0.2_0.0005_300_3;0.6596329758792969;0.019381592243538272;0.6498614958448753;0.018466297299167815;0.6545829734062159;0.01652587784420556;0.7885860909760154;0.010031988174917787;0.795476505172964;0.015238109156666424;0.7919626285252496;0.011067238713363297;0.7241095334276562;0.01391765813230587;0.7226690005089196;0.013281829616254699;0.7232728009657328;0.013496267095079144;0.7397685923624923;0.012762714454121443;0.7403529843966201;0.01302490045650915;0.7399559432542622;0.012834785008828342;0.7403529843966201;0.01302490045650915;13.42159969806671;0.9910018767762837
