Parameters;1_precision-mean;1_precision-std;1_recall-mean;1_recall-std;1_f1-score-mean;1_f1-score-std;-1_precision-mean;-1_precision-std;-1_recall-mean;-1_recall-std;-1_f1-score-mean;-1_f1-score-std;macro avg_precision-mean;macro avg_precision-std;macro avg_recall-mean;macro avg_recall-std;macro avg_f1-score-mean;macro avg_f1-score-std;weighted avg_precision-mean;weighted avg_precision-std;weighted avg_recall-mean;weighted avg_recall-std;weighted avg_f1-score-mean;weighted avg_f1-score-std;accuracy-mean;accuracy-std;time-mean;time-std
48_2_0.4_0.0005_500;0.9281066483434974;0.0062785003706929314;0.9534205368943987;0.012364313755764815;0.9405376575816635;0.006484784622986572;0.9204157479245041;0.01905258067553558;0.8786703601108034;0.011804584904522167;0.8988900006850443;0.009735631205776358;0.9242611981340009;0.009721908928249017;0.9160454485026011;0.007298315951225164;0.9197138291333541;0.008077529238395047;0.9251936951589732;0.007846694926231631;0.9251233553536113;0.0077780188107936235;0.9247708954467617;0.007688476632469626;0.9251233553536113;0.0077780188107936235;282.99559421539306;126.11258409882537
