Parameters;1_precision-mean;1_precision-std;1_recall-mean;1_recall-std;1_f1-score-mean;1_f1-score-std;-1_precision-mean;-1_precision-std;-1_recall-mean;-1_recall-std;-1_f1-score-mean;-1_f1-score-std;macro avg_precision-mean;macro avg_precision-std;macro avg_recall-mean;macro avg_recall-std;macro avg_f1-score-mean;macro avg_f1-score-std;weighted avg_precision-mean;weighted avg_precision-std;weighted avg_recall-mean;weighted avg_recall-std;weighted avg_f1-score-mean;weighted avg_f1-score-std;accuracy-mean;accuracy-std;time-mean;time-std
kernel:sigmoid_gamma:auto_nu:0.25;0.7007116410146713;0.007164801626783364;0.7500863110159063;0.023611587348585795;0.7244295339379494;0.013627466399783114;0.5370965013470972;0.022339563609799815;0.4742382271468144;0.015512465373961209;0.5033589047848277;0.012894345875117995;0.6189040711808842;0.014294896094151618;0.6121622690813603;0.011475459477178578;0.6138942193613885;0.0120288973628802;0.638772744445712;0.012417953022999645;0.6456581995287969;0.013640928643874931;0.64073910798342;0.012207064475648852;0.6456581995287969;0.013640928643874931;1.0828123569488526;0.2184874510173943
