Parameters;1_precision-mean;1_precision-std;1_recall-mean;1_recall-std;1_f1-score-mean;1_f1-score-std;0_precision-mean;0_precision-std;0_recall-mean;0_recall-std;0_f1-score-mean;0_f1-score-std;macro avg_precision-mean;macro avg_precision-std;macro avg_recall-mean;macro avg_recall-std;macro avg_f1-score-mean;macro avg_f1-score-std;weighted avg_precision-mean;weighted avg_precision-std;weighted avg_recall-mean;weighted avg_recall-std;weighted avg_f1-score-mean;weighted avg_f1-score-std;accuracy-mean;accuracy-std;time-mean;time-std
0.2_0.0001_500_3;0.5281496388445515;0.01446904235934001;0.44653739612188376;0.013949782063173606;0.48383534063870715;0.012734057949824842;0.6918128675541324;0.006502710940505743;0.7568342372726857;0.011774273397986928;0.7228343025712216;0.00792671010430378;0.6099812531993419;0.01028683908259631;0.6016858166972848;0.009353956734113955;0.6033348216049643;0.009675081612163927;0.6298556319786737;0.00931467502384658;0.6393662515591281;0.009243443040025182;0.6323573901582616;0.009095443164124249;0.6393662515591281;0.009243443040025182;10.35862672328949;0.7712752943417797
