Parameters;1_precision-mean;1_precision-std;1_recall-mean;1_recall-std;1_f1-score-mean;1_f1-score-std;-1_precision-mean;-1_precision-std;-1_recall-mean;-1_recall-std;-1_f1-score-mean;-1_f1-score-std;macro avg_precision-mean;macro avg_precision-std;macro avg_recall-mean;macro avg_recall-std;macro avg_f1-score-mean;macro avg_f1-score-std;weighted avg_precision-mean;weighted avg_precision-std;weighted avg_recall-mean;weighted avg_recall-std;weighted avg_f1-score-mean;weighted avg_f1-score-std;accuracy-mean;accuracy-std;time-mean;time-std
kernel:sigmoid_gamma:scale_nu:0.3;0.6891536752106868;0.008383435963064454;0.6999712296613646;0.01652334392931275;0.6944480049465055;0.01099548204062392;0.49466604257510205;0.015522147342762934;0.48171745152354567;0.017626524398817775;0.4879615232245623;0.014435771258883966;0.5919098588928945;0.01172870877206873;0.5908443405924552;0.01141350735684186;0.591204764085534;0.011574849967922723;0.6155280814582916;0.010844450844045672;0.6173471834502543;0.011612949901080683;0.6162793512361551;0.011172796148019767;0.6173471834502543;0.011612949901080683;1.3457846641540527;0.26643308078655076
