Parameters;1_precision-mean;1_precision-std;1_recall-mean;1_recall-std;1_f1-score-mean;1_f1-score-std;0_precision-mean;0_precision-std;0_recall-mean;0_recall-std;0_f1-score-mean;0_f1-score-std;macro avg_precision-mean;macro avg_precision-std;macro avg_recall-mean;macro avg_recall-std;macro avg_f1-score-mean;macro avg_f1-score-std;weighted avg_precision-mean;weighted avg_precision-std;weighted avg_recall-mean;weighted avg_recall-std;weighted avg_f1-score-mean;weighted avg_f1-score-std;accuracy-mean;accuracy-std;time-mean;time-std
0.1_0.0001_500_3;0.7955596373024562;0.03007664243507185;0.4196675900277008;0.01830142566111793;0.5491977131154845;0.019281860791616923;0.7254517879434086;0.007037703758311401;0.9340119525090014;0.011501247115049313;0.8165982755592669;0.007543977201124233;0.7605057126229323;0.017518884946054566;0.676839771268351;0.011254828997236555;0.6828979943373756;0.012986066996402108;0.7519881613909805;0.014587447229122572;0.7392994867801337;0.01048815406733469;0.7153686419782334;0.011574057256396118;0.7392994867801337;0.01048815406733469;9.86065170764923;1.2130591471903007
