Parameters;1_precision-mean;1_precision-std;1_recall-mean;1_recall-std;1_f1-score-mean;1_f1-score-std;-1_precision-mean;-1_precision-std;-1_recall-mean;-1_recall-std;-1_f1-score-mean;-1_f1-score-std;macro avg_precision-mean;macro avg_precision-std;macro avg_recall-mean;macro avg_recall-std;macro avg_f1-score-mean;macro avg_f1-score-std;weighted avg_precision-mean;weighted avg_precision-std;weighted avg_recall-mean;weighted avg_recall-std;weighted avg_f1-score-mean;weighted avg_f1-score-std;accuracy-mean;accuracy-std;time-mean;time-std
kernel:poly_gamma:scale_nu:0.5;0.8261598120741139;0.016983767881751776;0.5010098104006199;0.01434474148516439;0.6235940217462769;0.012785581268625;0.5022952420940174;0.008962165390769213;0.8265927977839335;0.020513582915871038;0.6248168029052656;0.011524304272979326;0.6642275270840656;0.012329605287220324;0.6638013040922768;0.011857091438683654;0.6242054123257713;0.011197098059102701;0.7035550777542393;0.013371591727062863;0.6242661923837556;0.011170643646133885;0.6240575913300493;0.01142183152032075;0.6242661923837556;0.011170643646133885;1.28307204246521;0.2691636820740395
