Parameters;1_precision-mean;1_precision-std;1_recall-mean;1_recall-std;1_f1-score-mean;1_f1-score-std;-1_precision-mean;-1_precision-std;-1_recall-mean;-1_recall-std;-1_f1-score-mean;-1_f1-score-std;macro avg_precision-mean;macro avg_precision-std;macro avg_recall-mean;macro avg_recall-std;macro avg_f1-score-mean;macro avg_f1-score-std;weighted avg_precision-mean;weighted avg_precision-std;weighted avg_recall-mean;weighted avg_recall-std;weighted avg_f1-score-mean;weighted avg_f1-score-std;accuracy-mean;accuracy-std;time-mean;time-std
kernel:rbf_gamma:auto_nu:0.3;0.7175817286565154;0.013500417879345146;0.6935451893714963;0.02564739751408362;0.7052724907483534;0.01935273473332803;0.5240357192151224;0.025861004970980105;0.552354570637119;0.016813286321876463;0.5376796859867972;0.020416265114428823;0.6208087239358189;0.019570468173033102;0.6229498800043076;0.018980636076741754;0.6214760883675752;0.019573297296075223;0.6443109533937308;0.018087213009362252;0.6400954945323275;0.02031746784509303;0.6418272604190186;0.01947673073603092;0.6400954945323275;0.02031746784509303;0.9133530616760254;0.22836836737523664
