Parameters;1_precision-mean;1_precision-std;1_recall-mean;1_recall-std;1_f1-score-mean;1_f1-score-std;-1_precision-mean;-1_precision-std;-1_recall-mean;-1_recall-std;-1_f1-score-mean;-1_f1-score-std;macro avg_precision-mean;macro avg_precision-std;macro avg_recall-mean;macro avg_recall-std;macro avg_f1-score-mean;macro avg_f1-score-std;weighted avg_precision-mean;weighted avg_precision-std;weighted avg_recall-mean;weighted avg_recall-std;weighted avg_f1-score-mean;weighted avg_f1-score-std;accuracy-mean;accuracy-std;time-mean;time-std
48_3_0.4_0.0005_300;0.9395781797065649;0.01022437659870474;0.9303062759217902;0.014449023378628413;0.9347733635872195;0.004528328343383165;0.888112908564428;0.0194065563403088;0.9013850415512467;0.019039158202149103;0.8943304805626365;0.006213337580486096;0.9138455441354966;0.006765017960145025;0.9158456587365184;0.0054758447002969;0.9145519220749281;0.005217307724457245;0.9200951473290152;0.004925564952871152;0.9193576062351925;0.005136925997137806;0.9194629937422135;0.005017967905195881;0.9193576062351925;0.005136925997137806;192.65900740623474;43.25855960754979
