Parameters;1_precision-mean;1_precision-std;1_recall-mean;1_recall-std;1_f1-score-mean;1_f1-score-std;-1_precision-mean;-1_precision-std;-1_recall-mean;-1_recall-std;-1_f1-score-mean;-1_f1-score-std;macro avg_precision-mean;macro avg_precision-std;macro avg_recall-mean;macro avg_recall-std;macro avg_f1-score-mean;macro avg_f1-score-std;weighted avg_precision-mean;weighted avg_precision-std;weighted avg_recall-mean;weighted avg_recall-std;weighted avg_f1-score-mean;weighted avg_f1-score-std;accuracy-mean;accuracy-std;time-mean;time-std
48_3_0.4_0.0005_300;0.9334669203433144;0.008166992080691698;0.9481937354724034;0.007364767392321052;0.9407353793921054;0.005074924968970292;0.9128423870167547;0.011060767051843744;0.8889196675900276;0.014837409131126971;0.9006144413946279;0.008826134240378784;0.9231546536800346;0.006676412063298199;0.9185567015312154;0.007512074350852363;0.9206749103933667;0.006918289485208207;0.9256597520777786;0.006386865446879414;0.9257531661024107;0.006413014183444214;0.9255465137977443;0.006466777787053224;0.9257531661024107;0.006413014183444214;221.92752299308776;63.61141966614996
