Parameters;1_precision-mean;1_precision-std;1_recall-mean;1_recall-std;1_f1-score-mean;1_f1-score-std;-1_precision-mean;-1_precision-std;-1_recall-mean;-1_recall-std;-1_f1-score-mean;-1_f1-score-std;macro avg_precision-mean;macro avg_precision-std;macro avg_recall-mean;macro avg_recall-std;macro avg_f1-score-mean;macro avg_f1-score-std;weighted avg_precision-mean;weighted avg_precision-std;weighted avg_recall-mean;weighted avg_recall-std;weighted avg_f1-score-mean;weighted avg_f1-score-std;accuracy-mean;accuracy-std;time-mean;time-std
kernel:poly_gamma:auto_nu:0.025;0.9926181153533978;0.0030377169583180436;0.9741818969053371;0.005441647542858744;0.9833022703253042;0.002939547841986168;0.9589482297142944;0.008228506330998458;0.9880886426592796;0.004963011874562033;0.9732731063157407;0.004569685902395511;0.9757831725338463;0.004185845818782391;0.9811352697823083;0.003354754299532273;0.9782876883205226;0.0037536227877540533;0.9798720914613221;0.003413703186354433;0.9794462373042429;0.003577190046154447;0.979505557089821;0.003555586237228764;0.9794462373042429;0.003577190046154447;0.054516172409057616;0.00386941905243058
