Parameters;1_precision-mean;1_precision-std;1_recall-mean;1_recall-std;1_f1-score-mean;1_f1-score-std;-1_precision-mean;-1_precision-std;-1_recall-mean;-1_recall-std;-1_f1-score-mean;-1_f1-score-std;macro avg_precision-mean;macro avg_precision-std;macro avg_recall-mean;macro avg_recall-std;macro avg_f1-score-mean;macro avg_f1-score-std;weighted avg_precision-mean;weighted avg_precision-std;weighted avg_recall-mean;weighted avg_recall-std;weighted avg_f1-score-mean;weighted avg_f1-score-std;accuracy-mean;accuracy-std;time-mean;time-std
kernel:rbf_gamma:auto_nu:0.075;0.6966727848998187;0.004472934100443199;0.9235580648101728;0.010560543944329348;0.7942076241945537;0.005718393791665646;0.7312433802230592;0.027465234004038556;0.3398891966759003;0.012877162658359515;0.46382367843683703;0.013836777393530923;0.713958082561439;0.015245900620803093;0.6317236307430365;0.007691750316430031;0.6290156513156954;0.00909526388211223;0.7097604327675917;0.012345024513905251;0.7026004166474182;0.007573477195565854;0.6691352353219748;0.00808099847297795;0.7026004166474182;0.007573477195565854;0.39199578762054443;0.11098021514111024
