Parameters;1_precision-mean;1_precision-std;1_recall-mean;1_recall-std;1_f1-score-mean;1_f1-score-std;-1_precision-mean;-1_precision-std;-1_recall-mean;-1_recall-std;-1_f1-score-mean;-1_f1-score-std;macro avg_precision-mean;macro avg_precision-std;macro avg_recall-mean;macro avg_recall-std;macro avg_f1-score-mean;macro avg_f1-score-std;weighted avg_precision-mean;weighted avg_precision-std;weighted avg_recall-mean;weighted avg_recall-std;weighted avg_f1-score-mean;weighted avg_f1-score-std;accuracy-mean;accuracy-std;time-mean;time-std
kernel:poly_gamma:scale_nu:0.04;0.9880171389241218;0.0026066595240509865;0.959667973200857;0.004983800707795888;0.9736284526502447;0.002938304626972764;0.9368273175722379;0.0073277610790023215;0.9808864265927978;0.0041918963851583346;0.9583329728370458;0.004459171634307093;0.9624222282481798;0.004011506300415495;0.9702771998968274;0.0033295335455952287;0.9659807127436453;0.003697557500354545;0.9686382780447428;0.0033565301190296355;0.967700365831392;0.003542681069402885;0.9678379406255717;0.003514377375509844;0.967700365831392;0.003542681069402885;0.08816676139831543;0.018702180560724573
