Parameters;1_precision-mean;1_precision-std;1_recall-mean;1_recall-std;1_f1-score-mean;1_f1-score-std;-1_precision-mean;-1_precision-std;-1_recall-mean;-1_recall-std;-1_f1-score-mean;-1_f1-score-std;macro avg_precision-mean;macro avg_precision-std;macro avg_recall-mean;macro avg_recall-std;macro avg_f1-score-mean;macro avg_f1-score-std;weighted avg_precision-mean;weighted avg_precision-std;weighted avg_recall-mean;weighted avg_recall-std;weighted avg_f1-score-mean;weighted avg_f1-score-std;accuracy-mean;accuracy-std;time-mean;time-std
kernel:poly_gamma:auto_nu:0.065;0.9709450809489597;0.0052601553819973425;0.9343586208468165;0.01104139791310998;0.9522481512790477;0.005273861655027908;0.8988168106054919;0.014960722386236197;0.9540166204986148;0.00877727397105533;0.9254828638742456;0.007369589486452225;0.9348809457772258;0.00701607840514001;0.9441876206727157;0.005307601826888704;0.9388655075766469;0.006306334230134874;0.9436404674401115;0.005468306696583563;0.9417998112547599;0.006150592719062224;0.9421157537241178;0.006051415946114436;0.9417998112547599;0.006150592719062224;0.11938083171844482;0.005562957660490036
