Parameters;1_precision-mean;1_precision-std;1_recall-mean;1_recall-std;1_f1-score-mean;1_f1-score-std;0_precision-mean;0_precision-std;0_recall-mean;0_recall-std;0_f1-score-mean;0_f1-score-std;macro avg_precision-mean;macro avg_precision-std;macro avg_recall-mean;macro avg_recall-std;macro avg_f1-score-mean;macro avg_f1-score-std;weighted avg_precision-mean;weighted avg_precision-std;weighted avg_recall-mean;weighted avg_recall-std;weighted avg_f1-score-mean;weighted avg_f1-score-std;accuracy-mean;accuracy-std;time-mean;time-std
0.1_0.0005_500_3;0.8044894838861445;0.011206142194641494;0.750415512465374;0.028958963336740702;0.7761756183761682;0.01689188237620089;0.8541938814470752;0.013463338797890181;0.888799792625678;0.00891939388650283;0.8710478621098113;0.006647629794492737;0.8293416826666098;0.0090739316650445;0.8196076525455259;0.01293746011041823;0.8236117402429899;0.011592407409565741;0.8353797931563459;0.00965978333886845;0.8364081428832264;0.00962403195229;0.835131452895444;0.010345918028253838;0.8364081428832264;0.00962403195229;9.83135678768158;0.12123118453841267
