Parameters;1_precision-mean;1_precision-std;1_recall-mean;1_recall-std;1_f1-score-mean;1_f1-score-std;-1_precision-mean;-1_precision-std;-1_recall-mean;-1_recall-std;-1_f1-score-mean;-1_f1-score-std;macro avg_precision-mean;macro avg_precision-std;macro avg_recall-mean;macro avg_recall-std;macro avg_f1-score-mean;macro avg_f1-score-std;weighted avg_precision-mean;weighted avg_precision-std;weighted avg_recall-mean;weighted avg_recall-std;weighted avg_f1-score-mean;weighted avg_f1-score-std;accuracy-mean;accuracy-std;time-mean;time-std
kernel:poly_gamma:auto_nu:0.085;0.9713619772946485;0.004264026894158091;0.9146136228977714;0.007477605980423777;0.9421056754669843;0.0034808193248006304;0.8722254963362127;0.00940730815660363;0.9556786703601107;0.007007817529459011;0.9119919644119543;0.004658435529609678;0.9217937368154306;0.004285270310810055;0.9351461466289411;0.003559686534598223;0.9270488199394693;0.004049345541317426;0.9338323067854104;0.003445819312257168;0.9301595315246347;0.003981188384254335;0.9307057009151685;0.003906252130781013;0.9301595315246347;0.003981188384254335;0.14090423583984374;0.004316651991914222
