Parameters;1_precision-mean;1_precision-std;1_recall-mean;1_recall-std;1_f1-score-mean;1_f1-score-std;-1_precision-mean;-1_precision-std;-1_recall-mean;-1_recall-std;-1_f1-score-mean;-1_f1-score-std;macro avg_precision-mean;macro avg_precision-std;macro avg_recall-mean;macro avg_recall-std;macro avg_f1-score-mean;macro avg_f1-score-std;weighted avg_precision-mean;weighted avg_precision-std;weighted avg_recall-mean;weighted avg_recall-std;weighted avg_f1-score-mean;weighted avg_f1-score-std;accuracy-mean;accuracy-std;time-mean;time-std
kernel:rbf_gamma:auto_nu:0.45;0.8473253343696528;0.009039350760287933;0.5482561186819197;0.011343830989639815;0.6656494412212073;0.008398070447987412;0.5304775833486604;0.005766669941227411;0.8376731301939058;0.012400570241329312;0.649546051826644;0.006280476620691126;0.6889014588591567;0.00640620417962456;0.6929646244379127;0.006438957658155998;0.6575977465239257;0.006581264690965942;0.7273765306262707;0.006898532461383149;0.6578223682907997;0.0066451943845537145;0.659554267434282;0.006912795609255813;0.6578223682907997;0.0066451943845537145;1.214320921897888;0.2792852105339685
