Parameters;1_precision-mean;1_precision-std;1_recall-mean;1_recall-std;1_f1-score-mean;1_f1-score-std;-1_precision-mean;-1_precision-std;-1_recall-mean;-1_recall-std;-1_f1-score-mean;-1_f1-score-std;macro avg_precision-mean;macro avg_precision-std;macro avg_recall-mean;macro avg_recall-std;macro avg_f1-score-mean;macro avg_f1-score-std;weighted avg_precision-mean;weighted avg_precision-std;weighted avg_recall-mean;weighted avg_recall-std;weighted avg_f1-score-mean;weighted avg_f1-score-std;accuracy-mean;accuracy-std;time-mean;time-std
kernel:poly_gamma:scale_nu:0.1;0.9802955869465684;0.0036184343944113645;0.8977416708445375;0.01056635209627831;0.9371686846452386;0.006014917284744982;0.8527163670754974;0.012936931566094927;0.9703601108033242;0.00554708708988941;0.9076828352833806;0.007735776344690853;0.9165059770110329;0.0068194736635601196;0.9340508908239308;0.005832676584487856;0.9224257599643095;0.006867878019505988;0.9319995650247849;0.005505628391237821;0.9252313669071078;0.00678827366233043;0.9260063630295248;0.006657957379166878;0.9252313669071078;0.00678827366233043;0.19709067344665526;0.04034242482677403
