Parameters;1_precision-mean;1_precision-std;1_recall-mean;1_recall-std;1_f1-score-mean;1_f1-score-std;0_precision-mean;0_precision-std;0_recall-mean;0_recall-std;0_f1-score-mean;0_f1-score-std;macro avg_precision-mean;macro avg_precision-std;macro avg_recall-mean;macro avg_recall-std;macro avg_f1-score-mean;macro avg_f1-score-std;weighted avg_precision-mean;weighted avg_precision-std;weighted avg_recall-mean;weighted avg_recall-std;weighted avg_f1-score-mean;weighted avg_f1-score-std;accuracy-mean;accuracy-std;time-mean;time-std
0.1_0.0001_500_3;0.7152044913947926;0.0341779995974307;0.435180055401662;0.042128037287467446;0.5401865795337929;0.0388687974221962;0.7224937948904688;0.014251259485935322;0.8945250900141289;0.014794524792647527;0.7992260101044149;0.010632800274008133;0.7188491431426307;0.02250727009841601;0.6648525727078954;0.020792628221058533;0.669706294819104;0.024065135066760814;0.7197310184282644;0.020002607948777645;0.7206338364339908;0.01667962847753563;0.7011618567170634;0.02059372968771006;0.7206338364339908;0.01667962847753563;9.696463298797607;0.12005308100065705
