Parameters;1_precision-mean;1_precision-std;1_recall-mean;1_recall-std;1_f1-score-mean;1_f1-score-std;-1_precision-mean;-1_precision-std;-1_recall-mean;-1_recall-std;-1_f1-score-mean;-1_f1-score-std;macro avg_precision-mean;macro avg_precision-std;macro avg_recall-mean;macro avg_recall-std;macro avg_f1-score-mean;macro avg_f1-score-std;weighted avg_precision-mean;weighted avg_precision-std;weighted avg_recall-mean;weighted avg_recall-std;weighted avg_f1-score-mean;weighted avg_f1-score-std;accuracy-mean;accuracy-std;time-mean;time-std
kernel:sigmoid_gamma:scale_nu:0.3;0.6935889760088598;0.006804214498594004;0.6991235016635523;0.022234722198498386;0.6962032454331627;0.013002456197093447;0.5001222004204998;0.016232762818195405;0.4930747922437673;0.016804156108701486;0.49628890433899553;0.011397583924288718;0.5968555882146799;0.011091113108475126;0.5960991469536598;0.010021220676499838;0.5962460748860792;0.010437933518170519;0.6203493372174917;0.009912079006140934;0.6211215382957053;0.011957481255019747;0.6205231759904126;0.010763912020326677;0.6211215382957053;0.01195748125501976;1.3175681114196778;0.26903600433581104
