Parameters;1_precision-mean;1_precision-std;1_recall-mean;1_recall-std;1_f1-score-mean;1_f1-score-std;0_precision-mean;0_precision-std;0_recall-mean;0_recall-std;0_f1-score-mean;0_f1-score-std;macro avg_precision-mean;macro avg_precision-std;macro avg_recall-mean;macro avg_recall-std;macro avg_f1-score-mean;macro avg_f1-score-std;weighted avg_precision-mean;weighted avg_precision-std;weighted avg_recall-mean;weighted avg_recall-std;weighted avg_f1-score-mean;weighted avg_f1-score-std;accuracy-mean;accuracy-std;time-mean;time-std
0.4_0.0001_500_3;0.5192353128235777;0.008897998909188676;0.7479224376731302;0.03385852984065934;0.6127222875451859;0.016349215198773536;0.7908778260047503;0.0180422957204667;0.5783020372818011;0.015927705386172927;0.667774635463706;0.009151116065393365;0.6550565694141641;0.012721546901151463;0.6631122374774657;0.013060831632503375;0.6402484615044458;0.010427613443562127;0.6880429224203536;0.013904683905316116;0.6425161852343148;0.009687282878326257;0.646934331887002;0.009498831291938814;0.6425161852343148;0.009687282878326257;9.800197219848632;0.3406300716954822
