Parameters;1_precision-mean;1_precision-std;1_recall-mean;1_recall-std;1_f1-score-mean;1_f1-score-std;-1_precision-mean;-1_precision-std;-1_recall-mean;-1_recall-std;-1_f1-score-mean;-1_f1-score-std;macro avg_precision-mean;macro avg_precision-std;macro avg_recall-mean;macro avg_recall-std;macro avg_f1-score-mean;macro avg_f1-score-std;weighted avg_precision-mean;weighted avg_precision-std;weighted avg_recall-mean;weighted avg_recall-std;weighted avg_f1-score-mean;weighted avg_f1-score-std;accuracy-mean;accuracy-std;time-mean;time-std
kernel:poly_gamma:scale_nu:0.3;0.5600417180503472;0.010198073631396208;0.6990306234853492;0.02894381392884735;0.6216281023236365;0.014719140987550535;0.7037530007235161;0.017139659991383838;0.564888888888889;0.02033788655759564;0.6263602257098663;0.01252302685481878;0.6318973593869317;0.012459291561719982;0.6319597561871191;0.011918069090727708;0.6239941640167513;0.011113196507938301;0.6402294167130422;0.012917088006688258;0.6241781742261416;0.01114588771934688;0.6242663038117428;0.010998209812584116;0.6241781742261416;0.01114588771934688;0.16527700424194336;0.005616009221401517
