Parameters;1_precision-mean;1_precision-std;1_recall-mean;1_recall-std;1_f1-score-mean;1_f1-score-std;-1_precision-mean;-1_precision-std;-1_recall-mean;-1_recall-std;-1_f1-score-mean;-1_f1-score-std;macro avg_precision-mean;macro avg_precision-std;macro avg_recall-mean;macro avg_recall-std;macro avg_f1-score-mean;macro avg_f1-score-std;weighted avg_precision-mean;weighted avg_precision-std;weighted avg_recall-mean;weighted avg_recall-std;weighted avg_f1-score-mean;weighted avg_f1-score-std;accuracy-mean;accuracy-std;time-mean;time-std
48_2_0.35_0.0005_500;0.9758601719750646;0.02026984482361242;0.9497867686400404;0.016103811665510066;0.9623846444832249;0.00947253285514666;0.9612686906642238;0.011642216020188412;0.9808888888888889;0.01727625931162384;0.9708164381115305;0.007875379106016654;0.9685644313196441;0.008929300779023687;0.9653378287644646;0.00827525443989383;0.9666005412973776;0.008650958721954694;0.9677166038941241;0.008153954444071045;0.9671428044314482;0.008571499995458752;0.9670893462127461;0.008558833616103349;0.9671428044314482;0.008571499995458752;936.1025238037109;534.4065132841781
