Parameters;1_precision-mean;1_precision-std;1_recall-mean;1_recall-std;1_f1-score-mean;1_f1-score-std;-1_precision-mean;-1_precision-std;-1_recall-mean;-1_recall-std;-1_f1-score-mean;-1_f1-score-std;macro avg_precision-mean;macro avg_precision-std;macro avg_recall-mean;macro avg_recall-std;macro avg_f1-score-mean;macro avg_f1-score-std;weighted avg_precision-mean;weighted avg_precision-std;weighted avg_recall-mean;weighted avg_recall-std;weighted avg_f1-score-mean;weighted avg_f1-score-std;accuracy-mean;accuracy-std;time-mean;time-std
kernel:rbf_gamma:scale_nu:0.25;0.8447205006214513;0.014136442013146141;0.7492289050451642;0.02562779593040855;0.7938082422748182;0.015321531750962817;0.8179314990763663;0.014576111932673004;0.8906666666666668;0.012602175003340287;0.852616913251589;0.008719004817750719;0.8313259998489088;0.010456772096964656;0.8199477858559154;0.012101456206392365;0.8232125777632036;0.011770091707461555;0.8297748921902629;0.010556106654377194;0.8281448614941839;0.010991966778150383;0.8266215617575454;0.011377747401258577;0.8281448614941839;0.010991966778150383;0.19039902687072754;0.00503740308570071
