Parameters;1_precision-mean;1_precision-std;1_recall-mean;1_recall-std;1_f1-score-mean;1_f1-score-std;-1_precision-mean;-1_precision-std;-1_recall-mean;-1_recall-std;-1_f1-score-mean;-1_f1-score-std;macro avg_precision-mean;macro avg_precision-std;macro avg_recall-mean;macro avg_recall-std;macro avg_f1-score-mean;macro avg_f1-score-std;weighted avg_precision-mean;weighted avg_precision-std;weighted avg_recall-mean;weighted avg_recall-std;weighted avg_f1-score-mean;weighted avg_f1-score-std;accuracy-mean;accuracy-std;time-mean;time-std
kernel:rbf_gamma:auto_nu:0.2;0.8899070968488804;0.013844914518828976;0.7952310137538161;0.0382484783171485;0.83957358256378;0.025367153818678063;0.8510225325623401;0.024665523712129076;0.9222222222222223;0.008888888888888877;0.8850346492131701;0.015223601229623261;0.8704648147056101;0.01758060568400568;0.8587266179880192;0.021061309624009605;0.8623041158884751;0.020271572938053026;0.868211931850453;0.018291958991593426;0.8660872145402664;0.019166757698271183;0.8649395738241298;0.019679821440024996;0.8660872145402664;0.019166757698271183;0.15827658176422119;0.00861224966443428
