Parameters;1_precision-mean;1_precision-std;1_recall-mean;1_recall-std;1_f1-score-mean;1_f1-score-std;-1_precision-mean;-1_precision-std;-1_recall-mean;-1_recall-std;-1_f1-score-mean;-1_f1-score-std;macro avg_precision-mean;macro avg_precision-std;macro avg_recall-mean;macro avg_recall-std;macro avg_f1-score-mean;macro avg_f1-score-std;weighted avg_precision-mean;weighted avg_precision-std;weighted avg_recall-mean;weighted avg_recall-std;weighted avg_f1-score-mean;weighted avg_f1-score-std;accuracy-mean;accuracy-std;time-mean;time-std
kernel:poly_gamma:auto_nu:0.6;0.996485943349775;0.0035215042861602023;0.3991549428760269;0.014670890581206521;0.5698410654447572;0.014988418575665206;0.6773048939602692;0.005372549919186075;0.9988888888888889;0.0011111111111111183;0.8072366852617309;0.003908588840105205;0.8368954186550219;0.003611387406596361;0.699021915882458;0.007442760880811356;0.688538875353244;0.009435584780954279;0.8183926449719012;0.00373647756706969;0.7337876397895584;0.006594104133232992;0.7023006156186125;0.00878628207858142;0.7337876397895584;0.006594104133232992;0.34159820079803466;0.006677889012702504
