Parameters;1_precision-mean;1_precision-std;1_recall-mean;1_recall-std;1_f1-score-mean;1_f1-score-std;-1_precision-mean;-1_precision-std;-1_recall-mean;-1_recall-std;-1_f1-score-mean;-1_f1-score-std;macro avg_precision-mean;macro avg_precision-std;macro avg_recall-mean;macro avg_recall-std;macro avg_f1-score-mean;macro avg_f1-score-std;weighted avg_precision-mean;weighted avg_precision-std;weighted avg_recall-mean;weighted avg_recall-std;weighted avg_f1-score-mean;weighted avg_f1-score-std;accuracy-mean;accuracy-std;time-mean;time-std
kernel:rbf_gamma:auto_nu:0.2;0.7630207964567365;0.011425356766551695;0.79380212759261;0.02099582191424827;0.7780044179896299;0.014019987777214133;0.8314759890954002;0.014440755626229537;0.8046666666666666;0.010631887745693945;0.817774757491852;0.009743991496126406;0.7972483927760683;0.011623365602888918;0.7992343971296383;0.012147263426200325;0.797889587740741;0.011714917517809086;0.8012140627460352;0.011815362954286077;0.7998702420815383;0.011412718326767712;0.8001967277776897;0.011454725739284409;0.7998702420815383;0.011412718326767712;0.15579695701599122;0.005868196019365725
