Parameters;1_precision-mean;1_precision-std;1_recall-mean;1_recall-std;1_f1-score-mean;1_f1-score-std;-1_precision-mean;-1_precision-std;-1_recall-mean;-1_recall-std;-1_f1-score-mean;-1_f1-score-std;macro avg_precision-mean;macro avg_precision-std;macro avg_recall-mean;macro avg_recall-std;macro avg_f1-score-mean;macro avg_f1-score-std;weighted avg_precision-mean;weighted avg_precision-std;weighted avg_recall-mean;weighted avg_recall-std;weighted avg_f1-score-mean;weighted avg_f1-score-std;accuracy-mean;accuracy-std;time-mean;time-std
kernel:poly_gamma:auto_nu:0.6;0.902090251372992;0.020620593599311385;0.3994303339313253;0.02357615224522013;0.5529890668675217;0.019390759795487277;0.6699251207157798;0.0069526187159682645;0.9651111111111111;0.009739825333693835;0.7908024562603381;0.0032341799808679413;0.7860076860443858;0.00858160160720059;0.6822707225212182;0.008085319810424636;0.6718957615639297;0.010871538810778287;0.7725483073803634;0.007349561887918561;0.7150642178703097;0.006449028336531429;0.6856826513092397;0.009881910470750873;0.7150642178703097;0.006449028336531429;0.4242678165435791;0.11843488766724984
