Parameters;1_precision-mean;1_precision-std;1_recall-mean;1_recall-std;1_f1-score-mean;1_f1-score-std;-1_precision-mean;-1_precision-std;-1_recall-mean;-1_recall-std;-1_f1-score-mean;-1_f1-score-std;macro avg_precision-mean;macro avg_precision-std;macro avg_recall-mean;macro avg_recall-std;macro avg_f1-score-mean;macro avg_f1-score-std;weighted avg_precision-mean;weighted avg_precision-std;weighted avg_recall-mean;weighted avg_recall-std;weighted avg_f1-score-mean;weighted avg_f1-score-std;accuracy-mean;accuracy-std;time-mean;time-std
kernel:rbf_gamma:scale_nu:0.15;0.8402887464808092;0.012732026255022634;0.8420655902810561;0.024954915908500908;0.840988750208121;0.015293439421823207;0.8750068631471389;0.017308310319316667;0.8731111111111112;0.01190289932519297;0.8739316598845246;0.010516346842295743;0.8576478048139741;0.012265575297289198;0.8575883506960837;0.013386953197179193;0.8574602050463229;0.012792456291226996;0.8596602108471358;0.012622170764337744;0.8593891538369294;0.012410923670991461;0.8593703540322636;0.01251059527819647;0.8593891538369294;0.012410923670991461;0.11968145370483399;0.0034563529393568395
