Parameters;1_precision-mean;1_precision-std;1_recall-mean;1_recall-std;1_f1-score-mean;1_f1-score-std;0_precision-mean;0_precision-std;0_recall-mean;0_recall-std;0_f1-score-mean;0_f1-score-std;macro avg_precision-mean;macro avg_precision-std;macro avg_recall-mean;macro avg_recall-std;macro avg_f1-score-mean;macro avg_f1-score-std;weighted avg_precision-mean;weighted avg_precision-std;weighted avg_recall-mean;weighted avg_recall-std;weighted avg_f1-score-mean;weighted avg_f1-score-std;accuracy-mean;accuracy-std;time-mean;time-std
0.1_0.0005_300_3;0.8916355899282312;0.017144208223656723;0.6431111111111111;0.024408053720437285;0.746801819980327;0.015056933614801907;0.6669326177897843;0.012497319803671261;0.9006869039750732;0.020128011836373708;0.7661728945451982;0.009331387947609286;0.7792841038590078;0.009895667771448015;0.7718990075430922;0.010313926672047223;0.7564873572627625;0.011311576312843238;0.7923041151521749;0.010377581828819019;0.7569780241743308;0.01102780461431788;0.7553672600480221;0.011675637824883837;0.7569780241743308;0.01102780461431788;5.626195192337036;0.11439861798810617
