Parameters;1_precision-mean;1_precision-std;1_recall-mean;1_recall-std;1_f1-score-mean;1_f1-score-std;-1_precision-mean;-1_precision-std;-1_recall-mean;-1_recall-std;-1_f1-score-mean;-1_f1-score-std;macro avg_precision-mean;macro avg_precision-std;macro avg_recall-mean;macro avg_recall-std;macro avg_f1-score-mean;macro avg_f1-score-std;weighted avg_precision-mean;weighted avg_precision-std;weighted avg_recall-mean;weighted avg_recall-std;weighted avg_f1-score-mean;weighted avg_f1-score-std;accuracy-mean;accuracy-std;time-mean;time-std
kernel:rbf_gamma:auto_nu:0.2;0.8984066477541018;0.014456042170543554;0.788508324678186;0.037654080951346904;0.8394497247810071;0.023296260655785196;0.8478965797964092;0.024183005167677844;0.9293333333333333;0.010740485309861835;0.886546733679649;0.013922421796058685;0.8731516137752555;0.015941741257524757;0.8589208290057595;0.019448552641921173;0.862998229230328;0.018562615829490387;0.8702268045267327;0.016671766267455982;0.8670802315963606;0.017544459567694033;0.8657278631812748;0.018017715362706136;0.8670802315963606;0.017544459567694033;0.16411221027374268;0.008628288840940263
