Parameters;1_precision-mean;1_precision-std;1_recall-mean;1_recall-std;1_f1-score-mean;1_f1-score-std;-1_precision-mean;-1_precision-std;-1_recall-mean;-1_recall-std;-1_f1-score-mean;-1_f1-score-std;macro avg_precision-mean;macro avg_precision-std;macro avg_recall-mean;macro avg_recall-std;macro avg_f1-score-mean;macro avg_f1-score-std;weighted avg_precision-mean;weighted avg_precision-std;weighted avg_recall-mean;weighted avg_recall-std;weighted avg_f1-score-mean;weighted avg_f1-score-std;accuracy-mean;accuracy-std;time-mean;time-std
kernel:poly_gamma:scale_nu:0.65;1.0;0.0;0.35063497309035974;0.011592287758857758;0.5191057416781322;0.0127309612798788;0.6603334732423665;0.004085810907228498;1.0;0.0;0.7954154072662147;0.0029665332396895433;0.8301667366211831;0.0020429054536142462;0.6753174865451799;0.005796143879428882;0.6572605744721735;0.007846037327676234;0.8104778066163956;0.002245855530591631;0.7129581115610615;0.005184472699471812;0.673276594448782;0.007307203433060096;0.7129581115610615;0.005184472699471812;0.4815912961959839;0.11730044932706331
