Parameters;1_precision-mean;1_precision-std;1_recall-mean;1_recall-std;1_f1-score-mean;1_f1-score-std;0_precision-mean;0_precision-std;0_recall-mean;0_recall-std;0_f1-score-mean;0_f1-score-std;macro avg_precision-mean;macro avg_precision-std;macro avg_recall-mean;macro avg_recall-std;macro avg_f1-score-mean;macro avg_f1-score-std;weighted avg_precision-mean;weighted avg_precision-std;weighted avg_recall-mean;weighted avg_recall-std;weighted avg_f1-score-mean;weighted avg_f1-score-std;accuracy-mean;accuracy-std;time-mean;time-std
0.1_0.0005_500_3;0.9690118945186107;0.00975521741441367;0.8046666666666666;0.019637454764546997;0.8789808071154711;0.008221742151876805;0.7972904223252437;0.014983261775697712;0.9671867623453876;0.011808326924942276;0.8738632047908442;0.00517710822158759;0.8831511584219272;0.0040969690911764264;0.8859267145060272;0.00530696728854517;0.8764220059531578;0.006644721431803913;0.8931066945412711;0.0033833988012137405;0.8765042847786582;0.006731367503952011;0.8767185548687755;0.006822747994529055;0.8765042847786582;0.006731367503952011;13.26076762676239;0.5615081305462397
