Parameters;1_precision-mean;1_precision-std;1_recall-mean;1_recall-std;1_f1-score-mean;1_f1-score-std;-1_precision-mean;-1_precision-std;-1_recall-mean;-1_recall-std;-1_f1-score-mean;-1_f1-score-std;macro avg_precision-mean;macro avg_precision-std;macro avg_recall-mean;macro avg_recall-std;macro avg_f1-score-mean;macro avg_f1-score-std;weighted avg_precision-mean;weighted avg_precision-std;weighted avg_recall-mean;weighted avg_recall-std;weighted avg_f1-score-mean;weighted avg_f1-score-std;accuracy-mean;accuracy-std;time-mean;time-std
kernel:sigmoid_gamma:auto_nu:0.25;0.7495645380078947;0.0301008229676884;0.7792543983885689;0.08811610932413547;0.7627408466255883;0.05675084655564767;0.8237241153701073;0.057675640946445714;0.7955555555555556;0.018751131653092428;0.808393446420055;0.03163125215677732;0.786644326689001;0.042383431311254924;0.7874049769720622;0.0462582576902674;0.7855671465228217;0.043980078844779696;0.7909465788337624;0.04405380580465694;0.7883436186470123;0.041670147309995326;0.7882120423746282;0.04252121583303182;0.7883436186470123;0.041670147309995326;0.26685338020324706;0.005937234798909627
