Parameters;1_precision-mean;1_precision-std;1_recall-mean;1_recall-std;1_f1-score-mean;1_f1-score-std;0_precision-mean;0_precision-std;0_recall-mean;0_recall-std;0_f1-score-mean;0_f1-score-std;macro avg_precision-mean;macro avg_precision-std;macro avg_recall-mean;macro avg_recall-std;macro avg_f1-score-mean;macro avg_f1-score-std;weighted avg_precision-mean;weighted avg_precision-std;weighted avg_recall-mean;weighted avg_recall-std;weighted avg_f1-score-mean;weighted avg_f1-score-std;accuracy-mean;accuracy-std;time-mean;time-std
0.1_0.0001_500_3;0.9521403874376837;0.013880617494411173;0.5528888888888889;0.023618364898820316;0.6993034000872836;0.020585929337797255;0.6311784312655335;0.01307961920812633;0.9649395713341515;0.010122050255606068;0.7630970777762947;0.011229476771519266;0.7916594093516086;0.01179571733402483;0.7589142301115203;0.013938400305266996;0.7312002389317892;0.01577794924175625;0.8102647816037566;0.011895743613748507;0.7350295645115168;0.0148924232449216;0.7275028254833208;0.016323384092829255;0.7350295645115168;0.0148924232449216;8.188794946670532;0.17176468578091456
