Parameters;1_precision-mean;1_precision-std;1_recall-mean;1_recall-std;1_f1-score-mean;1_f1-score-std;0_precision-mean;0_precision-std;0_recall-mean;0_recall-std;0_f1-score-mean;0_f1-score-std;macro avg_precision-mean;macro avg_precision-std;macro avg_recall-mean;macro avg_recall-std;macro avg_f1-score-mean;macro avg_f1-score-std;weighted avg_precision-mean;weighted avg_precision-std;weighted avg_recall-mean;weighted avg_recall-std;weighted avg_f1-score-mean;weighted avg_f1-score-std;accuracy-mean;accuracy-std;time-mean;time-std
0.5_0.0005_500_2;0.5568137804842097;0.012817400254646436;0.6846666666666665;0.10555649122392319;0.6111661944901408;0.03631566683206991;0.39432331652287844;0.1340796873747971;0.31168051490259024;0.10884763446915643;0.34800596097416375;0.1199478268716468;0.475568548503544;0.06846199070118694;0.4981735907846285;0.017560951769784637;0.4795860777321522;0.045016812975560476;0.4849739388238968;0.060989811750593384;0.5197710172467337;0.02034460974688578;0.4948243199072069;0.036759764011909085;0.5197710172467337;0.02034460974688578;8.90199613571167;0.10744150829559795
