Parameters;1_precision-mean;1_precision-std;1_recall-mean;1_recall-std;1_f1-score-mean;1_f1-score-std;-1_precision-mean;-1_precision-std;-1_recall-mean;-1_recall-std;-1_f1-score-mean;-1_f1-score-std;macro avg_precision-mean;macro avg_precision-std;macro avg_recall-mean;macro avg_recall-std;macro avg_f1-score-mean;macro avg_f1-score-std;weighted avg_precision-mean;weighted avg_precision-std;weighted avg_recall-mean;weighted avg_recall-std;weighted avg_f1-score-mean;weighted avg_f1-score-std;accuracy-mean;accuracy-std;time-mean;time-std
48_2_0.35_0.0005_500;0.9864555283274058;0.005779361053346464;0.9562293456708527;0.014465247412394357;0.971032603656792;0.007312053593029545;0.9662850595313976;0.010703498680990388;0.9895555555555555;0.004559618784151811;0.9777400962532697;0.005357687630508187;0.9763702939294019;0.005457325033255123;0.9728924506132041;0.006956264114555436;0.9743863499550308;0.006332973308222875;0.9751990504277185;0.005928493500986484;0.9748271175600592;0.006185172205011214;0.9747756005068877;0.006218259537215559;0.9748271175600592;0.006185172205011214;962.4811788797379;813.4707488627846
