Parameters;1_precision-mean;1_precision-std;1_recall-mean;1_recall-std;1_f1-score-mean;1_f1-score-std;0_precision-mean;0_precision-std;0_recall-mean;0_recall-std;0_f1-score-mean;0_f1-score-std;macro avg_precision-mean;macro avg_precision-std;macro avg_recall-mean;macro avg_recall-std;macro avg_f1-score-mean;macro avg_f1-score-std;weighted avg_precision-mean;weighted avg_precision-std;weighted avg_recall-mean;weighted avg_recall-std;weighted avg_f1-score-mean;weighted avg_f1-score-std;accuracy-mean;accuracy-std;time-mean;time-std
0.01_0.0005_500_3;0.9943088910223856;0.0075931551411871035;0.32955555555555555;0.02231204070661909;0.4945482904670383;0.025011165474215863;0.5411252782322615;0.007739146600854699;0.9974750574387059;0.0034272643480467483;0.7015812307172451;0.006182678145656333;0.7677170846273237;0.003959277022205301;0.6635153064971308;0.010315565298727807;0.5980647605921416;0.015555146962005151;0.793986525776777;0.0040052930346601906;0.6247985216206826;0.011684190089549767;0.5860640418246279;0.016648862350031986;0.6247985216206826;0.011684190089549767;13.982257652282716;0.39728668385736654
