Parameters;1_precision-mean;1_precision-std;1_recall-mean;1_recall-std;1_f1-score-mean;1_f1-score-std;-1_precision-mean;-1_precision-std;-1_recall-mean;-1_recall-std;-1_f1-score-mean;-1_f1-score-std;macro avg_precision-mean;macro avg_precision-std;macro avg_recall-mean;macro avg_recall-std;macro avg_f1-score-mean;macro avg_f1-score-std;weighted avg_precision-mean;weighted avg_precision-std;weighted avg_recall-mean;weighted avg_recall-std;weighted avg_f1-score-mean;weighted avg_f1-score-std;accuracy-mean;accuracy-std;time-mean;time-std
48_2_0.35_0.0005_500;0.9872197057314984;0.006862784372508742;0.9450193560570297;0.015635616363464788;0.965547990907177;0.0067890079071584696;0.958038249825146;0.011298820193386785;0.9902222222222221;0.005370242654930918;0.9738045667524455;0.004763736642927639;0.9726289777783222;0.004592095444773172;0.9676207891396258;0.006534565542723579;0.9696762788298111;0.005773847217404259;0.9709379233421578;0.005165506557026478;0.9702408516055236;0.005604749353214225;0.9701550353760915;0.005655718014715136;0.9702408516055236;0.005604749353214225;781.6284289836883;288.23077203232225
