Parameters;1_precision-mean;1_precision-std;1_recall-mean;1_recall-std;1_f1-score-mean;1_f1-score-std;-1_precision-mean;-1_precision-std;-1_recall-mean;-1_recall-std;-1_f1-score-mean;-1_f1-score-std;macro avg_precision-mean;macro avg_precision-std;macro avg_recall-mean;macro avg_recall-std;macro avg_f1-score-mean;macro avg_f1-score-std;weighted avg_precision-mean;weighted avg_precision-std;weighted avg_recall-mean;weighted avg_recall-std;weighted avg_f1-score-mean;weighted avg_f1-score-std;accuracy-mean;accuracy-std;time-mean;time-std
kernel:poly_gamma:auto_nu:0.6;1.0;0.0;0.3999976395052403;0.01654899473089639;0.5712261906120035;0.016919040278789193;0.6778659517190556;0.005995020170136075;1.0;0.0;0.8079944456860048;0.004259221395113409;0.8389329758595278;0.0029975100850680734;0.6999988197526201;0.00827449736544821;0.6896103181490043;0.010585825627985846;0.8202598192308697;0.003353085896034799;0.7347795806543858;0.007294275298974046;0.7033355569520502;0.00984239051163558;0.7347795806543858;0.007294275298974046;0.6582193374633789;0.13954861746022043
