Parameters;1_precision-mean;1_precision-std;1_recall-mean;1_recall-std;1_f1-score-mean;1_f1-score-std;0_precision-mean;0_precision-std;0_recall-mean;0_recall-std;0_f1-score-mean;0_f1-score-std;macro avg_precision-mean;macro avg_precision-std;macro avg_recall-mean;macro avg_recall-std;macro avg_f1-score-mean;macro avg_f1-score-std;weighted avg_precision-mean;weighted avg_precision-std;weighted avg_recall-mean;weighted avg_recall-std;weighted avg_f1-score-mean;weighted avg_f1-score-std;accuracy-mean;accuracy-std;time-mean;time-std
0.1_0.0005_500_3;0.9486932002356951;0.005597874690680792;0.8902222222222222;0.013920408678547392;0.9184422297951995;0.006426189543326593;0.871703006979673;0.013750424278666497;0.9391291347999875;0.007547381763836868;0.9040575019989255;0.006083168977651204;0.9101981036076842;0.006067859404300348;0.9146756785111048;0.005523750410133421;0.9112498658970625;0.006226998867807552;0.9146599489904281;0.00535868572548809;0.9118419474757165;0.006298777309056195;0.9120838030517863;0.006248186091184688;0.9118419474757165;0.006298777309056195;7.9673579454422;0.07883369149103268
