Parameters;1_precision-mean;1_precision-std;1_recall-mean;1_recall-std;1_f1-score-mean;1_f1-score-std;0_precision-mean;0_precision-std;0_recall-mean;0_recall-std;0_f1-score-mean;0_f1-score-std;macro avg_precision-mean;macro avg_precision-std;macro avg_recall-mean;macro avg_recall-std;macro avg_f1-score-mean;macro avg_f1-score-std;weighted avg_precision-mean;weighted avg_precision-std;weighted avg_recall-mean;weighted avg_recall-std;weighted avg_f1-score-mean;weighted avg_f1-score-std;accuracy-mean;accuracy-std;time-mean;time-std
0.5_0.0005_300_2;0.5503716928717971;0.00935036600645907;0.8428888888888888;0.1925246176338541;0.6581727548208169;0.07120080199342993;0.16390463536384675;0.20075130830088675;0.13773486922859032;0.16890154562907378;0.14964752950960106;0.1833710517187174;0.3571381641178219;0.09573081141127789;0.4903118790587396;0.011925271683739493;0.403910142165209;0.05608835452432037;0.3795402794318793;0.08355635728159597;0.5311843331150203;0.03280795113430979;0.43338610182116016;0.04133287916207691;0.5311843331150203;0.03280795113430979;5.767838454246521;0.09559590229730858
