Parameters;1_precision-mean;1_precision-std;1_recall-mean;1_recall-std;1_f1-score-mean;1_f1-score-std;0_precision-mean;0_precision-std;0_recall-mean;0_recall-std;0_f1-score-mean;0_f1-score-std;macro avg_precision-mean;macro avg_precision-std;macro avg_recall-mean;macro avg_recall-std;macro avg_f1-score-mean;macro avg_f1-score-std;weighted avg_precision-mean;weighted avg_precision-std;weighted avg_recall-mean;weighted avg_recall-std;weighted avg_f1-score-mean;weighted avg_f1-score-std;accuracy-mean;accuracy-std;time-mean;time-std
0.1_0.0005_500_3;0.9620463838033333;0.008276384810209309;0.7682222222222223;0.02385242695418935;0.8540127814081118;0.014300864263607835;0.7671699804096417;0.01700209541533158;0.9615672111541247;0.009151998207035932;0.8532808730798902;0.009973551778834225;0.8646081821064875;0.008351037189909124;0.8648947166881735;0.010627485325270528;0.853646827244001;0.01206586554059267;0.8759042263274874;0.0076208623764952715;0.8536874925050965;0.012017004803460558;0.8536892390250396;0.01232052589681053;0.8536874925050965;0.012017004803460558;8.085185265541076;0.14295857647737656
