Parameters;1_precision-mean;1_precision-std;1_recall-mean;1_recall-std;1_f1-score-mean;1_f1-score-std;-1_precision-mean;-1_precision-std;-1_recall-mean;-1_recall-std;-1_f1-score-mean;-1_f1-score-std;macro avg_precision-mean;macro avg_precision-std;macro avg_recall-mean;macro avg_recall-std;macro avg_f1-score-mean;macro avg_f1-score-std;weighted avg_precision-mean;weighted avg_precision-std;weighted avg_recall-mean;weighted avg_recall-std;weighted avg_f1-score-mean;weighted avg_f1-score-std;accuracy-mean;accuracy-std;time-mean;time-std
kernel:rbf_gamma:auto_nu:0.6;0.9053452101004889;0.01911538544015028;0.39971280647090296;0.036385980455398134;0.5536687369878983;0.03533745678507058;0.6705818808570763;0.013380351744257123;0.9668888888888889;0.007466798940627312;0.7918351026432331;0.0094157872299909;0.7879635454787826;0.013346850176024164;0.683300847679896;0.017896618515577552;0.6727519198155658;0.022224560058946557;0.774358117559854;0.013022710627051284;0.7161785370563402;0.015806852385307924;0.6865591972818067;0.020688342626823984;0.7161785370563402;0.015806852385307924;0.4029972791671753;0.008209740233006572
