Parameters;1_precision-mean;1_precision-std;1_recall-mean;1_recall-std;1_f1-score-mean;1_f1-score-std;-1_precision-mean;-1_precision-std;-1_recall-mean;-1_recall-std;-1_f1-score-mean;-1_f1-score-std;macro avg_precision-mean;macro avg_precision-std;macro avg_recall-mean;macro avg_recall-std;macro avg_f1-score-mean;macro avg_f1-score-std;weighted avg_precision-mean;weighted avg_precision-std;weighted avg_recall-mean;weighted avg_recall-std;weighted avg_f1-score-mean;weighted avg_f1-score-std;accuracy-mean;accuracy-std;time-mean;time-std
kernel:poly_gamma:scale_nu:0.6;0.8813456379150095;0.010171906420261027;0.39999842633682686;0.014898388458465583;0.5501093026396044;0.014700756499873756;0.6682615803008967;0.0054571732983102975;0.9573333333333334;0.003950308629918026;0.7870797769666733;0.0040463421677748475;0.7748036091079531;0.006682883665341179;0.6786658798350801;0.007468741233734979;0.668594539803139;0.009269894110008994;0.7624526253888386;0.006395009515567536;0.7109728461569209;0.006659194189729693;0.6823312879725891;0.008639009362810401;0.7109728461569209;0.006659194189729693;0.5373027324676514;0.08265155299486489
