Parameters;1_precision-mean;1_precision-std;1_recall-mean;1_recall-std;1_f1-score-mean;1_f1-score-std;-1_precision-mean;-1_precision-std;-1_recall-mean;-1_recall-std;-1_f1-score-mean;-1_f1-score-std;macro avg_precision-mean;macro avg_precision-std;macro avg_recall-mean;macro avg_recall-std;macro avg_f1-score-mean;macro avg_f1-score-std;weighted avg_precision-mean;weighted avg_precision-std;weighted avg_recall-mean;weighted avg_recall-std;weighted avg_f1-score-mean;weighted avg_f1-score-std;accuracy-mean;accuracy-std;time-mean;time-std
kernel:rbf_gamma:scale_nu:0.15;0.829144095622353;0.013604144835465102;0.8580744657413527;0.014850855466985982;0.8431638061486574;0.006164870203564627;0.8845218198118345;0.009423938759999397;0.8595555555555554;0.015228303732454955;0.8717153025471275;0.006241328840191153;0.8568329577170937;0.005843246997916797;0.8588150106484541;0.005676856346081656;0.8574395543478925;0.0059011679540899534;0.8600459754669643;0.005472035943650583;0.8588967194615353;0.005961521542948409;0.8590940063171697;0.005911341195488895;0.8588967194615353;0.005961521542948409;0.20180768966674806;0.04284259200234713
