Parameters;1_precision-mean;1_precision-std;1_recall-mean;1_recall-std;1_f1-score-mean;1_f1-score-std;-1_precision-mean;-1_precision-std;-1_recall-mean;-1_recall-std;-1_f1-score-mean;-1_f1-score-std;macro avg_precision-mean;macro avg_precision-std;macro avg_recall-mean;macro avg_recall-std;macro avg_f1-score-mean;macro avg_f1-score-std;weighted avg_precision-mean;weighted avg_precision-std;weighted avg_recall-mean;weighted avg_recall-std;weighted avg_f1-score-mean;weighted avg_f1-score-std;accuracy-mean;accuracy-std;time-mean;time-std
kernel:poly_gamma:scale_nu:0.65;0.9930068577490416;0.006534479586494796;0.3500723885059642;0.014551592481438929;0.5174503996465262;0.01548942065356493;0.6597052331028971;0.0048701800150927135;0.998;0.0018459164139818063;0.7943205547557611;0.00329455404682408;0.8263560454259693;0.003086353390265794;0.6740361942529821;0.006858339727319346;0.6558854772011438;0.009374887495734058;0.8070372202089822;0.0030125343772585884;0.711593501034681;0.005990151098917631;0.6719343276609768;0.008675248717519032;0.711593501034681;0.005990151098917631;0.5586616039276123;0.08861554982578679
