Parameters;1_precision-mean;1_precision-std;1_recall-mean;1_recall-std;1_f1-score-mean;1_f1-score-std;-1_precision-mean;-1_precision-std;-1_recall-mean;-1_recall-std;-1_f1-score-mean;-1_f1-score-std;macro avg_precision-mean;macro avg_precision-std;macro avg_recall-mean;macro avg_recall-std;macro avg_f1-score-mean;macro avg_f1-score-std;weighted avg_precision-mean;weighted avg_precision-std;weighted avg_recall-mean;weighted avg_recall-std;weighted avg_f1-score-mean;weighted avg_f1-score-std;accuracy-mean;accuracy-std;time-mean;time-std
kernel:rbf_gamma:auto_nu:0.2;0.7797939311383449;0.012526137898644159;0.7952491108803073;0.024821802022421263;0.7872606758182856;0.015192690846055153;0.8355203661444296;0.016784070164778623;0.8219999999999998;0.012549162580884902;0.8285686661889201;0.01021458882666677;0.8076571486413873;0.012267050577165728;0.8086245554401537;0.013044683750977226;0.8079146710036028;0.012488429406730998;0.8108899277289348;0.012604973130205494;0.8101704686966709;0.012105208974932809;0.8103080454465236;0.012203463939320109;0.8101704686966709;0.012105208974932809;0.1926846981048584;0.054669763345036974
