Parameters;1_precision-mean;1_precision-std;1_recall-mean;1_recall-std;1_f1-score-mean;1_f1-score-std;-1_precision-mean;-1_precision-std;-1_recall-mean;-1_recall-std;-1_f1-score-mean;-1_f1-score-std;macro avg_precision-mean;macro avg_precision-std;macro avg_recall-mean;macro avg_recall-std;macro avg_f1-score-mean;macro avg_f1-score-std;weighted avg_precision-mean;weighted avg_precision-std;weighted avg_recall-mean;weighted avg_recall-std;weighted avg_f1-score-mean;weighted avg_f1-score-std;accuracy-mean;accuracy-std;time-mean;time-std
kernel:rbf_gamma:auto_nu:0.65;0.5709186523578265;0.02173018480694581;0.3514674409089478;0.033845227011368;0.43455919985595826;0.030509646526453563;0.6065696507945213;0.011419665734619614;0.7913333333333334;0.013893776917636061;0.6866159929381175;0.008458005591317418;0.588744151576174;0.016249873515983716;0.5714003871211406;0.015202908363235422;0.5605875963970379;0.01828164478734361;0.5908106954980028;0.015646063249957643;0.5969002616682195;0.013480158449814119;0.5751998583487712;0.016925895499800586;0.5969002616682195;0.013480158449814119;0.4190565347671509;0.010854550724632818
