Parameters;1_precision-mean;1_precision-std;1_recall-mean;1_recall-std;1_f1-score-mean;1_f1-score-std;-1_precision-mean;-1_precision-std;-1_recall-mean;-1_recall-std;-1_f1-score-mean;-1_f1-score-std;macro avg_precision-mean;macro avg_precision-std;macro avg_recall-mean;macro avg_recall-std;macro avg_f1-score-mean;macro avg_f1-score-std;weighted avg_precision-mean;weighted avg_precision-std;weighted avg_recall-mean;weighted avg_recall-std;weighted avg_f1-score-mean;weighted avg_f1-score-std;accuracy-mean;accuracy-std;time-mean;time-std
kernel:rbf_gamma:scale_nu:0.2;0.892176795155055;0.014526296663524176;0.7944119220721997;0.03932144264819129;0.8400562612151834;0.025032080404362222;0.850813064631007;0.025914104942412804;0.924;0.01078636542178809;0.8857046398747472;0.015733283536223105;0.8714949298930309;0.01775657659483194;0.8592059610360998;0.02128269548402008;0.8628804505449654;0.020328274396765312;0.8691010199155815;0.018536682112871596;0.8667115592166559;0.019377112040141937;0.8655251921718742;0.019791691664202755;0.8667115592166559;0.019377112040141937;0.15799157619476317;0.0031929327790821043
