Parameters;1_precision-mean;1_precision-std;1_recall-mean;1_recall-std;1_f1-score-mean;1_f1-score-std;0_precision-mean;0_precision-std;0_recall-mean;0_recall-std;0_f1-score-mean;0_f1-score-std;macro avg_precision-mean;macro avg_precision-std;macro avg_recall-mean;macro avg_recall-std;macro avg_f1-score-mean;macro avg_f1-score-std;weighted avg_precision-mean;weighted avg_precision-std;weighted avg_recall-mean;weighted avg_recall-std;weighted avg_f1-score-mean;weighted avg_f1-score-std;accuracy-mean;accuracy-std;time-mean;time-std
0.1_0.0005_500_3;0.964709293958332;0.012102268739228374;0.7726666666666667;0.042;0.8572649391006657;0.024015379824973027;0.7720772272498038;0.031224195823958457;0.963806533849495;0.013669620624382955;0.8568287513247688;0.016843252148829417;0.8683932606040677;0.013980752278148064;0.8682366002580807;0.01767172650870188;0.8570468452127171;0.02035676388373987;0.8795602150365742;0.012301635331689797;0.8571557494749724;0.020342498892114994;0.8570718772793402;0.020775749181214182;0.8571557494749724;0.020342498892114994;13.951037073135376;0.571900040415543
