Parameters;1_precision-mean;1_precision-std;1_recall-mean;1_recall-std;1_f1-score-mean;1_f1-score-std;-1_precision-mean;-1_precision-std;-1_recall-mean;-1_recall-std;-1_f1-score-mean;-1_f1-score-std;macro avg_precision-mean;macro avg_precision-std;macro avg_recall-mean;macro avg_recall-std;macro avg_f1-score-mean;macro avg_f1-score-std;weighted avg_precision-mean;weighted avg_precision-std;weighted avg_recall-mean;weighted avg_recall-std;weighted avg_f1-score-mean;weighted avg_f1-score-std;accuracy-mean;accuracy-std;time-mean;time-std
kernel:poly_gamma:auto_nu:0.01;0.2770745559919036;0.024940111610459757;0.3332142857142857;0.05769168337937683;0.3017238529263234;0.037446657600512495;0.8580044688688586;0.008775062176669294;0.8233333333333333;0.016321689232671976;0.8401575568748243;0.006930510378276814;0.567539512430381;0.016651411485075145;0.5782738095238095;0.02353925592232427;0.5709407049005739;0.0186286598311827;0.7592961611067031;0.011212421440692837;0.7400725616376685;0.00926709353711116;0.7486779704868466;0.007998008741304498;0.7400725616376685;0.00926709353711116;0.010341072082519531;0.0005890680279585216
