Parameters;1_precision-mean;1_precision-std;1_recall-mean;1_recall-std;1_f1-score-mean;1_f1-score-std;-1_precision-mean;-1_precision-std;-1_recall-mean;-1_recall-std;-1_f1-score-mean;-1_f1-score-std;macro avg_precision-mean;macro avg_precision-std;macro avg_recall-mean;macro avg_recall-std;macro avg_f1-score-mean;macro avg_f1-score-std;weighted avg_precision-mean;weighted avg_precision-std;weighted avg_recall-mean;weighted avg_recall-std;weighted avg_f1-score-mean;weighted avg_f1-score-std;accuracy-mean;accuracy-std;time-mean;time-std
kernel:rbf_gamma:scale_nu:0.5;0.7079419134774038;0.024468396275868793;0.48467032967032964;0.028348110540171608;0.5749933598954495;0.024571759455234588;0.9009297485842319;0.004860718164766482;0.9590196078431372;0.004509803921568636;0.9290551912793144;0.003284711662466616;0.8044358310308178;0.013585340595755812;0.7218449687567335;0.014063966309020792;0.7520242755873818;0.013758057221358125;0.8681368264104774;0.007067612508206659;0.8784184740870209;0.005724544413636746;0.8688929178645168;0.006714490169262751;0.8784184740870209;0.005724544413636746;0.10637006759643555;0.0030800447523163135
