Parameters;1_precision-mean;1_precision-std;1_recall-mean;1_recall-std;1_f1-score-mean;1_f1-score-std;-1_precision-mean;-1_precision-std;-1_recall-mean;-1_recall-std;-1_f1-score-mean;-1_f1-score-std;macro avg_precision-mean;macro avg_precision-std;macro avg_recall-mean;macro avg_recall-std;macro avg_f1-score-mean;macro avg_f1-score-std;weighted avg_precision-mean;weighted avg_precision-std;weighted avg_recall-mean;weighted avg_recall-std;weighted avg_f1-score-mean;weighted avg_f1-score-std;accuracy-mean;accuracy-std;time-mean;time-std
kernel:sigmoid_gamma:auto_nu:0.07;0.8739541789692684;0.020125572699591494;0.9186446886446886;0.033104774315263694;0.8953106848581827;0.018754993677203097;0.9832090693058525;0.006721971255556247;0.9727450980392156;0.005366247915060376;0.9779261944991537;0.003826090797498232;0.9285816241375603;0.010494039226948153;0.9456948933419522;0.016153328153024556;0.9366184396786682;0.011266952674571406;0.9646423523568947;0.00647810671644322;0.9635443976589604;0.00633884197618799;0.9638830621890919;0.006366112343868516;0.9635443976589604;0.00633884197618799;0.02447330951690674;0.0010698445683844583
