Parameters;1_precision-mean;1_precision-std;1_recall-mean;1_recall-std;1_f1-score-mean;1_f1-score-std;-1_precision-mean;-1_precision-std;-1_recall-mean;-1_recall-std;-1_f1-score-mean;-1_f1-score-std;macro avg_precision-mean;macro avg_precision-std;macro avg_recall-mean;macro avg_recall-std;macro avg_f1-score-mean;macro avg_f1-score-std;weighted avg_precision-mean;weighted avg_precision-std;weighted avg_recall-mean;weighted avg_recall-std;weighted avg_f1-score-mean;weighted avg_f1-score-std;accuracy-mean;accuracy-std;time-mean;time-std
kernel:rbf_gamma:scale_nu:0.3;0.746232409675635;0.032953757760833056;0.6839468864468865;0.049955384198745366;0.7130667029531768;0.037743396474118555;0.9364615747200794;0.009526639788024847;0.9523529411764706;0.007017854967911115;0.9443106187749788;0.006513780059456533;0.8413469921978572;0.01967248383994085;0.8181499138116785;0.02577696998542887;0.8286886608640776;0.022032847766095057;0.904135318158516;0.012122375029504666;0.9067402875983157;0.011071834469756589;0.9050138539506248;0.011747142462711663;0.9067402875983157;0.011071834469756589;0.07631857395172119;0.0036265708875447113
