Parameters;1_precision-mean;1_precision-std;1_recall-mean;1_recall-std;1_f1-score-mean;1_f1-score-std;0_precision-mean;0_precision-std;0_recall-mean;0_recall-std;0_f1-score-mean;0_f1-score-std;macro avg_precision-mean;macro avg_precision-std;macro avg_recall-mean;macro avg_recall-std;macro avg_f1-score-mean;macro avg_f1-score-std;weighted avg_precision-mean;weighted avg_precision-std;weighted avg_recall-mean;weighted avg_recall-std;weighted avg_f1-score-mean;weighted avg_f1-score-std;accuracy-mean;accuracy-std;time-mean;time-std
0.5_0.0005_300_128;0.9532818459404282;0.005847379476896421;0.9231372549019609;0.01453627685713775;0.9378918820151194;0.007580447481805091;0.677101119734553;0.0374468172988986;0.7787454212454212;0.02977757969860881;0.7234672399781612;0.024162145573506297;0.8151914828374907;0.01900677378058712;0.8509413380736911;0.014426887961791377;0.8306795609966402;0.01565787929266636;0.9063417623565938;0.008171039194448724;0.8986051746510949;0.011601326489530281;0.9014516494883231;0.010287769558825365;0.8986051746510949;0.011601326489530281;11.671280527114869;0.1807347078804332
