Parameters;1_precision-mean;1_precision-std;1_recall-mean;1_recall-std;1_f1-score-mean;1_f1-score-std;0_precision-mean;0_precision-std;0_recall-mean;0_recall-std;0_f1-score-mean;0_f1-score-std;macro avg_precision-mean;macro avg_precision-std;macro avg_recall-mean;macro avg_recall-std;macro avg_f1-score-mean;macro avg_f1-score-std;weighted avg_precision-mean;weighted avg_precision-std;weighted avg_recall-mean;weighted avg_recall-std;weighted avg_f1-score-mean;weighted avg_f1-score-std;accuracy-mean;accuracy-std;time-mean;time-std
0.1_0.0005_300_128;0.9341929645176437;0.00891539667164684;0.8613725490196078;0.06940761037750856;0.8945372004229168;0.037838236523929474;0.531774582509338;0.08713048783621392;0.7012728937728938;0.05539020605855825;0.5971905593288968;0.05351612965355033;0.7329837735134908;0.04192720311303919;0.7813227213962508;0.020166541322295183;0.7458638798759069;0.04500616283740855;0.8658343937457843;0.013519381401566288;0.8341336299356479;0.05026224016384481;0.8440111843177464;0.04001087960365127;0.8341336299356479;0.05026224016384481;7.3248124599456785;1.24000715241475
