Parameters;1_precision-mean;1_precision-std;1_recall-mean;1_recall-std;1_f1-score-mean;1_f1-score-std;-1_precision-mean;-1_precision-std;-1_recall-mean;-1_recall-std;-1_f1-score-mean;-1_f1-score-std;macro avg_precision-mean;macro avg_precision-std;macro avg_recall-mean;macro avg_recall-std;macro avg_f1-score-mean;macro avg_f1-score-std;weighted avg_precision-mean;weighted avg_precision-std;weighted avg_recall-mean;weighted avg_recall-std;weighted avg_f1-score-mean;weighted avg_f1-score-std;accuracy-mean;accuracy-std;time-mean;time-std
kernel:poly_gamma:scale_nu:0.2;0.8434658598584626;0.020871962615976673;0.7566758241758242;0.04401555514338805;0.7969963748320177;0.026788127790706707;0.9513013246982378;0.008368301820565605;0.9711764705882352;0.004388829271686139;0.961108416841604;0.004311326154952443;0.8973835922783502;0.011762754858306003;0.8639261473820298;0.021557630209603926;0.8790523958368108;0.015513352446508838;0.9329774847212369;0.008211591633913865;0.9347323958581605;0.0074419903102464985;0.9332244826637153;0.00808561417398295;0.9347323958581605;0.0074419903102464985;0.03775122165679932;0.0010508306241479154
