Parameters;1_precision-mean;1_precision-std;1_recall-mean;1_recall-std;1_f1-score-mean;1_f1-score-std;0_precision-mean;0_precision-std;0_recall-mean;0_recall-std;0_f1-score-mean;0_f1-score-std;macro avg_precision-mean;macro avg_precision-std;macro avg_recall-mean;macro avg_recall-std;macro avg_f1-score-mean;macro avg_f1-score-std;weighted avg_precision-mean;weighted avg_precision-std;weighted avg_recall-mean;weighted avg_recall-std;weighted avg_f1-score-mean;weighted avg_f1-score-std;accuracy-mean;accuracy-std;time-mean;time-std
0.1_0.0005_300_128;0.9249228392021827;0.01061934280392609;0.917450980392157;0.021181008954500764;0.9209679000778055;0.009949416040171005;0.6167089259736157;0.053240586681129104;0.6351190476190476;0.05830411758817308;0.6230648148868421;0.03667931064783433;0.7708158825878991;0.02710759148557786;0.7762850140056022;0.0255991997671139;0.7720163574823238;0.022305970501443242;0.8725668882336801;0.012542999684523102;0.8694621434813697;0.015236039869738857;0.8703487527455309;0.013501841353276983;0.8694621434813697;0.015236039869738857;8.179908156394958;0.10411239259005695
