Parameters;1_precision-mean;1_precision-std;1_recall-mean;1_recall-std;1_f1-score-mean;1_f1-score-std;-1_precision-mean;-1_precision-std;-1_recall-mean;-1_recall-std;-1_f1-score-mean;-1_f1-score-std;macro avg_precision-mean;macro avg_precision-std;macro avg_recall-mean;macro avg_recall-std;macro avg_f1-score-mean;macro avg_f1-score-std;weighted avg_precision-mean;weighted avg_precision-std;weighted avg_recall-mean;weighted avg_recall-std;weighted avg_f1-score-mean;weighted avg_f1-score-std;accuracy-mean;accuracy-std;time-mean;time-std
kernel:linear_gamma:scale_nu:0.09;0.8751476157814604;0.02830935569404815;0.9081410256410256;0.03322201075418074;0.8905493793873618;0.01615096805236078;0.9810973929981189;0.006678962355138463;0.9731372549019607;0.007596615932474685;0.9770609704298765;0.0035011813738365714;0.9281225043897898;0.012957703707195362;0.9406391402714931;0.014871223777446102;0.933805174908619;0.009780733508896649;0.9631008244721088;0.005435435750637583;0.9620783347898625;0.00572561003031231;0.9623570243020252;0.005624559513886369;0.9620783347898625;0.00572561003031231;0.02072303295135498;0.001983374786325677
