Parameters;1_precision-mean;1_precision-std;1_recall-mean;1_recall-std;1_f1-score-mean;1_f1-score-std;0_precision-mean;0_precision-std;0_recall-mean;0_recall-std;0_f1-score-mean;0_f1-score-std;macro avg_precision-mean;macro avg_precision-std;macro avg_recall-mean;macro avg_recall-std;macro avg_f1-score-mean;macro avg_f1-score-std;weighted avg_precision-mean;weighted avg_precision-std;weighted avg_recall-mean;weighted avg_recall-std;weighted avg_f1-score-mean;weighted avg_f1-score-std;accuracy-mean;accuracy-std;time-mean;time-std
0.2_0.0005_300_128;0.8699849119942826;0.010671072487075958;0.8849019607843138;0.011700806861047604;0.8773280482860443;0.008921075260399113;0.3852764501184522;0.048573625614718015;0.3536446886446887;0.05706068572950956;0.36815580318363905;0.05159018325490224;0.6276306810563673;0.02927407275295814;0.619273324714501;0.029945748773160422;0.6227419257348418;0.029613035415763107;0.7876103222314728;0.016984867178070504;0.7946018378750562;0.014853300833635846;0.7907880755092249;0.015688901298566652;0.7946018378750562;0.014853300833635846;8.376302552223205;0.5137969330453911
