Parameters;1_precision-mean;1_precision-std;1_recall-mean;1_recall-std;1_f1-score-mean;1_f1-score-std;-1_precision-mean;-1_precision-std;-1_recall-mean;-1_recall-std;-1_f1-score-mean;-1_f1-score-std;macro avg_precision-mean;macro avg_precision-std;macro avg_recall-mean;macro avg_recall-std;macro avg_f1-score-mean;macro avg_f1-score-std;weighted avg_precision-mean;weighted avg_precision-std;weighted avg_recall-mean;weighted avg_recall-std;weighted avg_f1-score-mean;weighted avg_f1-score-std;accuracy-mean;accuracy-std;time-mean;time-std
kernel:poly_gamma:scale_nu:0.2;0.7633610439807006;0.02609740023273622;0.7624633699633699;0.06477760024467502;0.7616505387310077;0.03832932717533824;0.9515704266013246;0.012576860114398045;0.9515686274509804;0.0065649682520718625;0.9515055614682982;0.006284980358212058;0.8574657352910127;0.016215450446427977;0.8570159987071753;0.031619720763083434;0.8565780500996529;0.02222781447196753;0.9195915870908051;0.012593518234163287;0.9194338073673898;0.010824446556061712;0.9192446751839013;0.011651051586813371;0.9194338073673898;0.010824446556061712;0.03641035556793213;0.002145253399287367
