Parameters;1_precision-mean;1_precision-std;1_recall-mean;1_recall-std;1_f1-score-mean;1_f1-score-std;0_precision-mean;0_precision-std;0_recall-mean;0_recall-std;0_f1-score-mean;0_f1-score-std;macro avg_precision-mean;macro avg_precision-std;macro avg_recall-mean;macro avg_recall-std;macro avg_f1-score-mean;macro avg_f1-score-std;weighted avg_precision-mean;weighted avg_precision-std;weighted avg_recall-mean;weighted avg_recall-std;weighted avg_f1-score-mean;weighted avg_f1-score-std;accuracy-mean;accuracy-std;time-mean;time-std
0.1_0.0005_300_128;0.9057758713647667;0.01019257786213977;0.861372549019608;0.028184185770859533;0.8827152418051355;0.014648089056797868;0.4571818725114792;0.042486595663746594;0.5613186813186813;0.05817171301124353;0.5014934410422548;0.03723405735166037;0.6814788719381231;0.02318645154856866;0.7113456151691445;0.026060782354184082;0.6921043414236951;0.023831191619880416;0.829564387217345;0.012465529981033981;0.8103763141865947;0.020858688830960696;0.8179406850516239;0.016693209944035507;0.8103763141865947;0.020858688830960696;7.974981355667114;0.01834591777307364
