Parameters;1_precision-mean;1_precision-std;1_recall-mean;1_recall-std;1_f1-score-mean;1_f1-score-std;0_precision-mean;0_precision-std;0_recall-mean;0_recall-std;0_f1-score-mean;0_f1-score-std;macro avg_precision-mean;macro avg_precision-std;macro avg_recall-mean;macro avg_recall-std;macro avg_f1-score-mean;macro avg_f1-score-std;weighted avg_precision-mean;weighted avg_precision-std;weighted avg_recall-mean;weighted avg_recall-std;weighted avg_f1-score-mean;weighted avg_f1-score-std;accuracy-mean;accuracy-std;time-mean;time-std
0.1_0.0005_300_128;0.9345257263262102;0.009589536740978854;0.9401960784313725;0.01856542821892191;0.9371897426735842;0.007984574871236444;0.7055725509750465;0.05976289550484611;0.6772161172161172;0.05402875768023261;0.6877946285689516;0.030451646158531603;0.8200491386506285;0.02877060107194524;0.8087060978237448;0.022726326538941685;0.8124921856212678;0.018489348743801218;0.8956044789635875;0.0108865157139757;0.8955133603453298;0.012451956630461801;0.8948058928723472;0.011211345673492143;0.8955133603453298;0.012451956630461801;7.7721271276473995;0.03755762965169398
