Parameters;1_precision-mean;1_precision-std;1_recall-mean;1_recall-std;1_f1-score-mean;1_f1-score-std;0_precision-mean;0_precision-std;0_recall-mean;0_recall-std;0_f1-score-mean;0_f1-score-std;macro avg_precision-mean;macro avg_precision-std;macro avg_recall-mean;macro avg_recall-std;macro avg_f1-score-mean;macro avg_f1-score-std;weighted avg_precision-mean;weighted avg_precision-std;weighted avg_recall-mean;weighted avg_recall-std;weighted avg_f1-score-mean;weighted avg_f1-score-std;accuracy-mean;accuracy-std;time-mean;time-std
0.1_0.0005_300_128;0.9351552032981598;0.012365980484195658;0.9511764705882353;0.011481894879966554;0.9429550476684023;0.002818585916237174;0.7421943476295764;0.027609255572113252;0.6763003663003663;0.0676367179139051;0.7048934685126118;0.028002606969545457;0.838674775463868;0.010719387539765469;0.8137384184443007;0.02877385098422196;0.8239242580905071;0.015007581954290389;0.902373026632732;0.007978760571322723;0.9044596276581659;0.005096074971589637;0.9025021435386222;0.006593058694117686;0.9044596276581659;0.005096074971589637;7.86560366153717;0.053515519993728125
