Parameters;1_precision-mean;1_precision-std;1_recall-mean;1_recall-std;1_f1-score-mean;1_f1-score-std;0_precision-mean;0_precision-std;0_recall-mean;0_recall-std;0_f1-score-mean;0_f1-score-std;macro avg_precision-mean;macro avg_precision-std;macro avg_recall-mean;macro avg_recall-std;macro avg_f1-score-mean;macro avg_f1-score-std;weighted avg_precision-mean;weighted avg_precision-std;weighted avg_recall-mean;weighted avg_recall-std;weighted avg_f1-score-mean;weighted avg_f1-score-std;accuracy-mean;accuracy-std;time-mean;time-std
0.5_0.0005_300_128;0.9770929908598266;0.009924605474777708;0.9282352941176472;0.0163157992648743;0.9518898942842681;0.007011984574472139;0.721305034748909;0.040161338495518624;0.8928113553113552;0.04910031053847941;0.7961211757564499;0.023807281756544584;0.8491990128043676;0.01836935984360903;0.9105233247145013;0.020635293886189832;0.8740055350203588;0.015119119805787742;0.9336375317852061;0.007995875597582162;0.9222006832446175;0.010743413575552096;0.925419237436747;0.009609729355206986;0.9222006832446175;0.010743413575552096;11.11253354549408;0.29354992853204437
