Parameters;1_precision-mean;1_precision-std;1_recall-mean;1_recall-std;1_f1-score-mean;1_f1-score-std;0_precision-mean;0_precision-std;0_recall-mean;0_recall-std;0_f1-score-mean;0_f1-score-std;macro avg_precision-mean;macro avg_precision-std;macro avg_recall-mean;macro avg_recall-std;macro avg_f1-score-mean;macro avg_f1-score-std;weighted avg_precision-mean;weighted avg_precision-std;weighted avg_recall-mean;weighted avg_recall-std;weighted avg_f1-score-mean;weighted avg_f1-score-std;accuracy-mean;accuracy-std;time-mean;time-std
0.1_0.0005_300_128;0.9725699748907711;0.006090565580811415;0.9431372549019608;0.015538519808752125;0.9575386870028455;0.00773846184255258;0.7613519613073889;0.04707735924673813;0.8698076923076924;0.029997686773201034;0.8107303660961203;0.02694439398163646;0.8669609680990801;0.0231690651633256;0.9064724736048264;0.014221278130621953;0.8841345265494829;0.01726547796187875;0.9366784321624099;0.0086943391783578;0.9306665607372686;0.01208307256614098;0.9325877607838265;0.010963638246854037;0.9306665607372686;0.01208307256614098;17.82640826702118;0.19030011255128396
