Parameters;1_precision-mean;1_precision-std;1_recall-mean;1_recall-std;1_f1-score-mean;1_f1-score-std;-1_precision-mean;-1_precision-std;-1_recall-mean;-1_recall-std;-1_f1-score-mean;-1_f1-score-std;macro avg_precision-mean;macro avg_precision-std;macro avg_recall-mean;macro avg_recall-std;macro avg_f1-score-mean;macro avg_f1-score-std;weighted avg_precision-mean;weighted avg_precision-std;weighted avg_recall-mean;weighted avg_recall-std;weighted avg_f1-score-mean;weighted avg_f1-score-std;accuracy-mean;accuracy-std;time-mean;time-std
kernel:linear_gamma:scale_nu:0.065;0.881589637026812;0.023087721622173502;0.9281868131868132;0.031531467659307214;0.9038373049538897;0.01851406023412206;0.9851814017696556;0.006417079639778252;0.974313725490196;0.005911691541835797;0.9796936307421141;0.003842705275602909;0.9333855193982338;0.011745226724358626;0.9512502693385045;0.015340876887953554;0.941765467848002;0.011159218857636792;0.9675803454057774;0.006382888016480582;0.9664720213977385;0.006351463267198073;0.9668028987399957;0.00632044046508188;0.9664720213977385;0.006351463267198073;0.01861617565155029;0.002047167960233252
