Parameters;1_precision-mean;1_precision-std;1_recall-mean;1_recall-std;1_f1-score-mean;1_f1-score-std;-1_precision-mean;-1_precision-std;-1_recall-mean;-1_recall-std;-1_f1-score-mean;-1_f1-score-std;macro avg_precision-mean;macro avg_precision-std;macro avg_recall-mean;macro avg_recall-std;macro avg_f1-score-mean;macro avg_f1-score-std;weighted avg_precision-mean;weighted avg_precision-std;weighted avg_recall-mean;weighted avg_recall-std;weighted avg_f1-score-mean;weighted avg_f1-score-std;accuracy-mean;accuracy-std;time-mean;time-std
kernel:poly_gamma:scale_nu:0.25;0.7585581414349163;0.02776964827524189;0.7097344322344322;0.04048002422465327;0.732937976732795;0.03080911280086524;0.9414085589389435;0.007771984928480786;0.9537254901960784;0.005960268295517933;0.9475086487819413;0.005544209610510183;0.8499833501869298;0.01654209548341796;0.8317299612152553;0.021159508742117784;0.8402233127573682;0.018111845681879946;0.9103382999560123;0.010030292088500611;0.9122716559413151;0.00937047441006998;0.9110511876693353;0.00974821553099506;0.9122716559413151;0.00937047441006998;0.044237494468688965;0.0033122305323456513
