Parameters;1_precision-mean;1_precision-std;1_recall-mean;1_recall-std;1_f1-score-mean;1_f1-score-std;-1_precision-mean;-1_precision-std;-1_recall-mean;-1_recall-std;-1_f1-score-mean;-1_f1-score-std;macro avg_precision-mean;macro avg_precision-std;macro avg_recall-mean;macro avg_recall-std;macro avg_f1-score-mean;macro avg_f1-score-std;weighted avg_precision-mean;weighted avg_precision-std;weighted avg_recall-mean;weighted avg_recall-std;weighted avg_f1-score-mean;weighted avg_f1-score-std;accuracy-mean;accuracy-std;time-mean;time-std
kernel:sigmoid_gamma:scale_nu:0.03;0.9577925248573479;0.005496960728094251;0.9703999999999999;0.013994284547628733;0.9639954587165441;0.00735092239300439;0.9940726541269106;0.0027892730901700313;0.9914399999999999;0.00118928549978549;0.9927520207115895;0.0014293273620469007;0.9759325894921289;0.003035404526666322;0.98092;0.00693293588604423;0.9783737397140667;0.004389807623391814;0.9880259659153167;0.0024664875568768297;0.9879333333333333;0.002393509742802158;0.9879592603790819;0.002415939623129196;0.9879333333333333;0.002393509742802158;0.05893099308013916;0.0032177777223194063
