Parameters;1_precision-mean;1_precision-std;1_recall-mean;1_recall-std;1_f1-score-mean;1_f1-score-std;0_precision-mean;0_precision-std;0_recall-mean;0_recall-std;0_f1-score-mean;0_f1-score-std;macro avg_precision-mean;macro avg_precision-std;macro avg_recall-mean;macro avg_recall-std;macro avg_f1-score-mean;macro avg_f1-score-std;weighted avg_precision-mean;weighted avg_precision-std;weighted avg_recall-mean;weighted avg_recall-std;weighted avg_f1-score-mean;weighted avg_f1-score-std;accuracy-mean;accuracy-std;time-mean;time-std
0.1_0.0005_300_128;0.993226373719868;0.0028155948843769873;0.9956800000000001;0.001685704600456436;0.9944481774612273;0.0013838373227535873;0.9782358121405043;0.008339839205315202;0.9659999999999999;0.014226735395023005;0.9719909077533296;0.007135377801245847;0.9857310929301862;0.003988818645126557;0.98084;0.006878255592808397;0.9832195426072785;0.004259206038242237;0.9907279467899739;0.002348482387336854;0.9907333333333334;0.002318045153428496;0.9907052991765777;0.0023420217451717014;0.9907333333333334;0.002318045153428496;20.088048934936523;1.046830614539843
