Parameters;1_precision-mean;1_precision-std;1_recall-mean;1_recall-std;1_f1-score-mean;1_f1-score-std;-1_precision-mean;-1_precision-std;-1_recall-mean;-1_recall-std;-1_f1-score-mean;-1_f1-score-std;macro avg_precision-mean;macro avg_precision-std;macro avg_recall-mean;macro avg_recall-std;macro avg_f1-score-mean;macro avg_f1-score-std;weighted avg_precision-mean;weighted avg_precision-std;weighted avg_recall-mean;weighted avg_recall-std;weighted avg_f1-score-mean;weighted avg_f1-score-std;accuracy-mean;accuracy-std;time-mean;time-std
kernel:poly_gamma:scale_nu:0.6;0.716703266968929;0.017705929287864037;0.3888;0.04362751425419514;0.502787924543431;0.037677715766594545;0.888080516255697;0.006853515408651852;0.96928;0.003527265229607776;0.9268789172127327;0.0027496445743214605;0.8023918916123132;0.010368282562731637;0.6790399999999999;0.020498741424780215;0.7148334208780819;0.020138377057515918;0.8595176413745691;0.007140338085985127;0.8725333333333334;0.005373184447895972;0.8561970851011823;0.008471938080710974;0.8725333333333334;0.005373184447895972;0.4592525243759155;0.0073693831685400545
