Parameters;1_precision-mean;1_precision-std;1_recall-mean;1_recall-std;1_f1-score-mean;1_f1-score-std;-1_precision-mean;-1_precision-std;-1_recall-mean;-1_recall-std;-1_f1-score-mean;-1_f1-score-std;macro avg_precision-mean;macro avg_precision-std;macro avg_recall-mean;macro avg_recall-std;macro avg_f1-score-mean;macro avg_f1-score-std;weighted avg_precision-mean;weighted avg_precision-std;weighted avg_recall-mean;weighted avg_recall-std;weighted avg_f1-score-mean;weighted avg_f1-score-std;accuracy-mean;accuracy-std;time-mean;time-std
kernel:rbf_gamma:scale_nu:0.85;0.28916510977677257;0.020104638338430115;0.14799999999999996;0.0146424041741785;0.1956032126039827;0.016481500447648154;0.8447696115163186;0.002073761134694329;0.92728;0.005052682455884199;0.8840954522993311;0.002474240182718053;0.5669673606465456;0.011011309038724272;0.5376399999999999;0.0067277336451438035;0.539849332451657;0.008639380675146177;0.7521688612263943;0.004983869282564612;0.7974;0.003937850513499309;0.7693467456834397;0.0038320861399142488;0.7974;0.003937850513499309;0.8815558433532715;0.09427831919588553
