Parameters;1_precision-mean;1_precision-std;1_recall-mean;1_recall-std;1_f1-score-mean;1_f1-score-std;0_precision-mean;0_precision-std;0_recall-mean;0_recall-std;0_f1-score-mean;0_f1-score-std;macro avg_precision-mean;macro avg_precision-std;macro avg_recall-mean;macro avg_recall-std;macro avg_f1-score-mean;macro avg_f1-score-std;weighted avg_precision-mean;weighted avg_precision-std;weighted avg_recall-mean;weighted avg_recall-std;weighted avg_f1-score-mean;weighted avg_f1-score-std;accuracy-mean;accuracy-std;time-mean;time-std
0.01_0.0005_300_128;0.9937035438922128;0.002226011435297467;0.99648;0.0011973303637676598;0.9950877704811099;0.0010698120116111101;0.9822082183715064;0.005953602324630964;0.9683999999999999;0.011235657524150521;0.9752024579731733;0.005480433478991162;0.9879558811318597;0.0028263068331797606;0.9824400000000001;0.005438970490819014;0.9851451142271417;0.0032748639303350276;0.9917876563054285;0.0018034012768136424;0.9918000000000001;0.0017900962109463465;0.9917735517297872;0.001804654672855588;0.9918000000000001;0.0017900962109463465;12.039778590202332;0.11699714653028542
