Parameters;1_precision-mean;1_precision-std;1_recall-mean;1_recall-std;1_f1-score-mean;1_f1-score-std;0_precision-mean;0_precision-std;0_recall-mean;0_recall-std;0_f1-score-mean;0_f1-score-std;macro avg_precision-mean;macro avg_precision-std;macro avg_recall-mean;macro avg_recall-std;macro avg_f1-score-mean;macro avg_f1-score-std;weighted avg_precision-mean;weighted avg_precision-std;weighted avg_recall-mean;weighted avg_recall-std;weighted avg_f1-score-mean;weighted avg_f1-score-std;accuracy-mean;accuracy-std;time-mean;time-std
0.5_0.0001_300_128;0.9064011254369492;0.006436451496180096;0.9715999999999999;0.003705131576611024;0.9378473715679588;0.003014913485771892;0.778450863045973;0.01843666860060107;0.49799999999999994;0.039161205292993745;0.6064747539788226;0.03061631576901057;0.8424259942414611;0.010157908598623009;0.7348000000000001;0.018672760909945803;0.7721610627733908;0.016715145997123114;0.8850760817051198;0.0065246909310786635;0.8926666666666666;0.005561774297230453;0.8826186019697696;0.007491256042817065;0.8926666666666666;0.005561774297230453;7.862994146347046;0.42428697874987115
