Parameters;1_precision-mean;1_precision-std;1_recall-mean;1_recall-std;1_f1-score-mean;1_f1-score-std;-1_precision-mean;-1_precision-std;-1_recall-mean;-1_recall-std;-1_f1-score-mean;-1_f1-score-std;macro avg_precision-mean;macro avg_precision-std;macro avg_recall-mean;macro avg_recall-std;macro avg_f1-score-mean;macro avg_f1-score-std;weighted avg_precision-mean;weighted avg_precision-std;weighted avg_recall-mean;weighted avg_recall-std;weighted avg_f1-score-mean;weighted avg_f1-score-std;accuracy-mean;accuracy-std;time-mean;time-std
kernel:poly_gamma:scale_nu:0.045;0.9698882471007201;0.00833166180251746;0.8984;0.022570777567465415;0.9325947692427634;0.011949820453041504;0.9799962616931388;0.004368348727794732;0.9944000000000001;0.0016780941570722482;0.9871389356967866;0.0021297591954861812;0.9749422543969295;0.004334563319675776;0.9464;0.011073572142718875;0.9598668524697752;0.007038712184728457;0.9783115925944024;0.0036505396938595384;0.9784;0.0036172426576668018;0.9780482412877826;0.0037653169910983487;0.9784;0.0036172426576668018;0.08011670112609863;0.003700009485249005
