Parameters;1_precision-mean;1_precision-std;1_recall-mean;1_recall-std;1_f1-score-mean;1_f1-score-std;0_precision-mean;0_precision-std;0_recall-mean;0_recall-std;0_f1-score-mean;0_f1-score-std;macro avg_precision-mean;macro avg_precision-std;macro avg_recall-mean;macro avg_recall-std;macro avg_f1-score-mean;macro avg_f1-score-std;weighted avg_precision-mean;weighted avg_precision-std;weighted avg_recall-mean;weighted avg_recall-std;weighted avg_f1-score-mean;weighted avg_f1-score-std;accuracy-mean;accuracy-std;time-mean;time-std
0.01_0.0005_300_128;0.9883413788799164;0.007645896379381873;0.35432;0.28128629116969067;0.4722046063337297;0.24064923349212716;0.3113175032449343;0.24177931873714278;0.9843999999999999;0.009541488353501259;0.4334218852787256;0.20909954324489483;0.6498294410624252;0.12253069319627535;0.66936;0.1396638478633608;0.4528132458062277;0.2234372783165172;0.8755040662740861;0.04333835043266869;0.45933333333333326;0.23405811244218816;0.46574081949122903;0.23462943256310978;0.45933333333333326;0.23405811244218816;12.38328857421875;0.13518167843665635
