Parameters;1_precision-mean;1_precision-std;1_recall-mean;1_recall-std;1_f1-score-mean;1_f1-score-std;0_precision-mean;0_precision-std;0_recall-mean;0_recall-std;0_f1-score-mean;0_f1-score-std;macro avg_precision-mean;macro avg_precision-std;macro avg_recall-mean;macro avg_recall-std;macro avg_f1-score-mean;macro avg_f1-score-std;weighted avg_precision-mean;weighted avg_precision-std;weighted avg_recall-mean;weighted avg_recall-std;weighted avg_f1-score-mean;weighted avg_f1-score-std;accuracy-mean;accuracy-std;time-mean;time-std
0.2_0.0001_300_128;0.9595877350416542;0.004983714728441708;0.9775199999999998;0.003793889824441403;0.9684582664696768;0.0027466670639807148;0.8763908411447051;0.017850312706490873;0.794;0.026608269391300128;0.8328276162843687;0.016178641178740214;0.9179892880931796;0.009177750877425056;0.88576;0.012913496815347885;0.9006429413770227;0.009434497087931116;0.9457215860588292;0.005018952464777975;0.9469333333333333;0.004687572221665839;0.9458531581054587;0.004955593314879006;0.9469333333333333;0.004687572221665839;7.999261283874512;0.2593551199085421
