Parameters;1_precision-mean;1_precision-std;1_recall-mean;1_recall-std;1_f1-score-mean;1_f1-score-std;-1_precision-mean;-1_precision-std;-1_recall-mean;-1_recall-std;-1_f1-score-mean;-1_f1-score-std;macro avg_precision-mean;macro avg_precision-std;macro avg_recall-mean;macro avg_recall-std;macro avg_f1-score-mean;macro avg_f1-score-std;weighted avg_precision-mean;weighted avg_precision-std;weighted avg_recall-mean;weighted avg_recall-std;weighted avg_f1-score-mean;weighted avg_f1-score-std;accuracy-mean;accuracy-std;time-mean;time-std
kernel:poly_gamma:scale_nu:0.075;0.8697562671910835;0.012021102137375112;0.8860000000000001;0.016613247725836167;0.877714293866882;0.011410874659463836;0.9771239277584189;0.003266298771082306;0.9734399999999999;0.002719999999999981;0.975274323869457;0.0022279774732563737;0.9234400974747512;0.006658605873341979;0.92972;0.00853050994958686;0.9264943088681695;0.0068118483852951965;0.9592293176638631;0.0038082046308695688;0.9588666666666666;0.003724394059590236;0.9590143188690279;0.0037508184252675767;0.9588666666666666;0.003724394059590236;0.09032642841339111;0.004517257342495918
