Parameters;1_precision-mean;1_precision-std;1_recall-mean;1_recall-std;1_f1-score-mean;1_f1-score-std;-1_precision-mean;-1_precision-std;-1_recall-mean;-1_recall-std;-1_f1-score-mean;-1_f1-score-std;macro avg_precision-mean;macro avg_precision-std;macro avg_recall-mean;macro avg_recall-std;macro avg_f1-score-mean;macro avg_f1-score-std;weighted avg_precision-mean;weighted avg_precision-std;weighted avg_recall-mean;weighted avg_recall-std;weighted avg_f1-score-mean;weighted avg_f1-score-std;accuracy-mean;accuracy-std;time-mean;time-std
kernel:sigmoid_gamma:scale_nu:0.6;0.954935542914433;0.018483653368290942;0.3988;0.02277191252398445;0.5620757095300115;0.021628728419027035;0.8923139428805358;0.0035391127466123436;0.99616;0.0015919798993706106;0.9413757830337133;0.0016775118573928902;0.9236247428974844;0.008529665874326516;0.6974799999999999;0.010931129859259755;0.7517257462818626;0.011621508974410073;0.9027508762195187;0.0030687882691035166;0.8966000000000001;0.0031895663237081783;0.8781591041164297;0.004961694282152555;0.8966000000000001;0.0031895663237081783;0.8981374740600586;0.14834759558335914
