Parameters;1_precision-mean;1_precision-std;1_recall-mean;1_recall-std;1_f1-score-mean;1_f1-score-std;-1_precision-mean;-1_precision-std;-1_recall-mean;-1_recall-std;-1_f1-score-mean;-1_f1-score-std;macro avg_precision-mean;macro avg_precision-std;macro avg_recall-mean;macro avg_recall-std;macro avg_f1-score-mean;macro avg_f1-score-std;weighted avg_precision-mean;weighted avg_precision-std;weighted avg_recall-mean;weighted avg_recall-std;weighted avg_f1-score-mean;weighted avg_f1-score-std;accuracy-mean;accuracy-std;time-mean;time-std
kernel:rbf_gamma:auto_nu:0.025;0.9908424462610533;0.004011563545415059;0.9488;0.014837789592793107;0.9692944986018646;0.007510889611089404;0.9898553197056017;0.00290817379987965;0.99824;0.0007838367176905918;0.9940273464809698;0.001404171828682734;0.9903488829833276;0.002161291057044888;0.97352;0.007314205356701401;0.981660922541417;0.004457438051295902;0.9900198407981771;0.0023464068828492135;0.99;0.002366431913239833;0.9899052051677856;0.0024218633730173226;0.99;0.002366431913239833;0.07622289657592773;0.002569781782732342
