Parameters;1_precision-mean;1_precision-std;1_recall-mean;1_recall-std;1_f1-score-mean;1_f1-score-std;-1_precision-mean;-1_precision-std;-1_recall-mean;-1_recall-std;-1_f1-score-mean;-1_f1-score-std;macro avg_precision-mean;macro avg_precision-std;macro avg_recall-mean;macro avg_recall-std;macro avg_f1-score-mean;macro avg_f1-score-std;weighted avg_precision-mean;weighted avg_precision-std;weighted avg_recall-mean;weighted avg_recall-std;weighted avg_f1-score-mean;weighted avg_f1-score-std;accuracy-mean;accuracy-std;time-mean;time-std
kernel:rbf_gamma:auto_nu:0.02;0.988380386733331;0.004777853651688606;0.9495999999999999;0.010613199329137268;0.9685591907204371;0.0053987476810843545;0.9900033299638429;0.0020799446651018454;0.9977600000000001;0.0009329523031752329;0.9938649441145431;0.0010214517067093471;0.989191858348587;0.0023418212109445388;0.9736799999999999;0.00519322635747759;0.9812120674174901;0.0032097823191399194;0.9897328394254241;0.0017069660041079489;0.9897333333333334;0.001717879830230019;0.9896473185488588;0.0017506777767799368;0.9897333333333334;0.001717879830230019;0.0776792049407959;0.012687420453789759
