Parameters;1_precision-mean;1_precision-std;1_recall-mean;1_recall-std;1_f1-score-mean;1_f1-score-std;0_precision-mean;0_precision-std;0_recall-mean;0_recall-std;0_f1-score-mean;0_f1-score-std;macro avg_precision-mean;macro avg_precision-std;macro avg_recall-mean;macro avg_recall-std;macro avg_f1-score-mean;macro avg_f1-score-std;weighted avg_precision-mean;weighted avg_precision-std;weighted avg_recall-mean;weighted avg_recall-std;weighted avg_f1-score-mean;weighted avg_f1-score-std;accuracy-mean;accuracy-std;time-mean;time-std
0.3_0.0001_300_128;0.9427170213615691;0.006285626918803248;0.9813600000000001;0.00286328482690773;0.961636506270116;0.003378440752244428;0.8828952660333913;0.015694002411754518;0.7016;0.03483446569132357;0.7813932760174367;0.023468978241371938;0.9128061436974801;0.008981003905717403;0.8414800000000001;0.017251133296105503;0.8715148911437763;0.013399204110448412;0.9327467288068727;0.006276375217913248;0.9347333333333333;0.005921336185543095;0.9315959678946694;0.006699666026961747;0.9347333333333333;0.005921336185543095;7.8383365869522095;0.45040333666972676
