Parameters;1_precision-mean;1_precision-std;1_recall-mean;1_recall-std;1_f1-score-mean;1_f1-score-std;-1_precision-mean;-1_precision-std;-1_recall-mean;-1_recall-std;-1_f1-score-mean;-1_f1-score-std;macro avg_precision-mean;macro avg_precision-std;macro avg_recall-mean;macro avg_recall-std;macro avg_f1-score-mean;macro avg_f1-score-std;weighted avg_precision-mean;weighted avg_precision-std;weighted avg_recall-mean;weighted avg_recall-std;weighted avg_f1-score-mean;weighted avg_f1-score-std;accuracy-mean;accuracy-std;time-mean;time-std
kernel:poly_gamma:scale_nu:0.6;0.6952812717059944;0.022652114990362314;0.3916;0.021721878371816744;0.500796489995514;0.02178267116187354;0.8881082935136326;0.003606695943645388;0.9656800000000001;0.00291643618136933;0.9252664181639396;0.0025891468264874536;0.7916947826098136;0.01261464919449144;0.67864;0.011140125672540675;0.7130314540797269;0.01209590076448813;0.8559704565456929;0.0062144083128856595;0.8699999999999999;0.00460916960465162;0.8545214301358687;0.005682211228630318;0.8699999999999999;0.00460916960465162;0.4495629549026489;0.012488455020612108
