Parameters;1_precision-mean;1_precision-std;1_recall-mean;1_recall-std;1_f1-score-mean;1_f1-score-std;0_precision-mean;0_precision-std;0_recall-mean;0_recall-std;0_f1-score-mean;0_f1-score-std;macro avg_precision-mean;macro avg_precision-std;macro avg_recall-mean;macro avg_recall-std;macro avg_f1-score-mean;macro avg_f1-score-std;weighted avg_precision-mean;weighted avg_precision-std;weighted avg_recall-mean;weighted avg_recall-std;weighted avg_f1-score-mean;weighted avg_f1-score-std;accuracy-mean;accuracy-std;time-mean;time-std
0.1_0.0005_300_128;0.9988791646608515;0.0012993275555246014;0.9968;0.0012393546707863874;0.9978377876903173;0.0009504700704188975;0.9841961950887261;0.006019935955742733;0.9944;0.006499230723708774;0.9892546678776284;0.004737449022183683;0.9915376798747888;0.0031670452554619618;0.9955999999999999;0.0033799408278844486;0.9935462277839727;0.002843912018078992;0.9964320030654973;0.00157594803292081;0.9964000000000001;0.0015832456116050525;0.9964072677215359;0.0015815857502621922;0.9964000000000001;0.0015832456116050525;20.164810800552367;1.038873081102915
