Parameters;1_precision-mean;1_precision-std;1_recall-mean;1_recall-std;1_f1-score-mean;1_f1-score-std;0_precision-mean;0_precision-std;0_recall-mean;0_recall-std;0_f1-score-mean;0_f1-score-std;macro avg_precision-mean;macro avg_precision-std;macro avg_recall-mean;macro avg_recall-std;macro avg_f1-score-mean;macro avg_f1-score-std;weighted avg_precision-mean;weighted avg_precision-std;weighted avg_recall-mean;weighted avg_recall-std;weighted avg_f1-score-mean;weighted avg_f1-score-std;accuracy-mean;accuracy-std;time-mean;time-std
0.01_0.0005_300_128;0.9946868483170441;0.004599192608365543;0.50152;0.0878962661322994;0.6624705385849783;0.07785732930623926;0.28881879603247806;0.04009250186526632;0.9879999999999999;0.009633275663033845;0.44562723911542956;0.04787099208683452;0.641752822174761;0.021741991212341615;0.74476;0.04708543723912949;0.554048888850204;0.06265622628339683;0.8770421729362831;0.009786186788958857;0.5826;0.07425269168334724;0.6263299886733869;0.07276003192420677;0.5826;0.07425269168334724;12.450238704681396;0.07329554094973664
