Parameters;1_precision-mean;1_precision-std;1_recall-mean;1_recall-std;1_f1-score-mean;1_f1-score-std;0_precision-mean;0_precision-std;0_recall-mean;0_recall-std;0_f1-score-mean;0_f1-score-std;macro avg_precision-mean;macro avg_precision-std;macro avg_recall-mean;macro avg_recall-std;macro avg_f1-score-mean;macro avg_f1-score-std;weighted avg_precision-mean;weighted avg_precision-std;weighted avg_recall-mean;weighted avg_recall-std;weighted avg_f1-score-mean;weighted avg_f1-score-std;accuracy-mean;accuracy-std;time-mean;time-std
0.01_0.0005_300_128;0.9992783958409268;0.000666268948745027;0.99688;0.0012106196760337314;0.9980774359608489;0.0007976338380293121;0.984612549139678;0.0058997159313311145;0.9964000000000001;0.003322649545167233;0.9904635004183595;0.003939396493591769;0.9919454724903023;0.0030979414067906458;0.99664;0.0019774731350893147;0.9942704681896043;0.0023685063826632507;0.9968340880573854;0.0013080574354296928;0.9968;0.00132664991614215;0.9968084467037673;0.0013212522001540229;0.9968;0.00132664991614215;21.929511260986327;4.874865232370085
