Parameters;1_precision-mean;1_precision-std;1_recall-mean;1_recall-std;1_f1-score-mean;1_f1-score-std;0_precision-mean;0_precision-std;0_recall-mean;0_recall-std;0_f1-score-mean;0_f1-score-std;macro avg_precision-mean;macro avg_precision-std;macro avg_recall-mean;macro avg_recall-std;macro avg_f1-score-mean;macro avg_f1-score-std;weighted avg_precision-mean;weighted avg_precision-std;weighted avg_recall-mean;weighted avg_recall-std;weighted avg_f1-score-mean;weighted avg_f1-score-std;accuracy-mean;accuracy-std;time-mean;time-std
0.1_0.0005_300_128;0.9922755040312857;0.0017499157658277407;0.8382564102564103;0.01304034883124073;0.9087302236094189;0.007642647171964603;0.17992187073170723;0.01273892303036787;0.8440290550446488;0.035709001678136905;0.2964131200285749;0.018177300477402115;0.5860986873814965;0.006776408698207516;0.8411427326505295;0.018122507061210436;0.6025716718189968;0.012546935510261996;0.9596467983450209;0.0020145117886992006;0.8384852964104791;0.012397039750461702;0.8841356159382802;0.007979618129617595;0.8384852964104791;0.012397039750461702;13.337888264656067;0.07840030650641087
