Parameters;1_precision-mean;1_precision-std;1_recall-mean;1_recall-std;1_f1-score-mean;1_f1-score-std;0_precision-mean;0_precision-std;0_recall-mean;0_recall-std;0_f1-score-mean;0_f1-score-std;macro avg_precision-mean;macro avg_precision-std;macro avg_recall-mean;macro avg_recall-std;macro avg_f1-score-mean;macro avg_f1-score-std;weighted avg_precision-mean;weighted avg_precision-std;weighted avg_recall-mean;weighted avg_recall-std;weighted avg_f1-score-mean;weighted avg_f1-score-std;accuracy-mean;accuracy-std;time-mean;time-std
0.2_0.0005_300_128;0.9878943022822598;0.0025395666174638618;0.9334358974358976;0.004635095611771675;0.9598815370590434;0.0018382535654249473;0.31343263117731546;0.013256935673412228;0.7263494602159136;0.05877053683519706;0.4374835755271585;0.020585145802930298;0.6506634667297877;0.007388774257602253;0.8298926788259054;0.027802250882583503;0.698682556293101;0.01057813883189935;0.9608045453371125;0.002778787278489775;0.9251164175941742;0.00324964281060933;0.9388990865035843;0.0021338385210313117;0.9251164175941742;0.00324964281060933;13.232062339782715;0.051983035732010296
