Parameters;1_precision-mean;1_precision-std;1_recall-mean;1_recall-std;1_f1-score-mean;1_f1-score-std;0_precision-mean;0_precision-std;0_recall-mean;0_recall-std;0_f1-score-mean;0_f1-score-std;macro avg_precision-mean;macro avg_precision-std;macro avg_recall-mean;macro avg_recall-std;macro avg_f1-score-mean;macro avg_f1-score-std;weighted avg_precision-mean;weighted avg_precision-std;weighted avg_recall-mean;weighted avg_recall-std;weighted avg_f1-score-mean;weighted avg_f1-score-std;accuracy-mean;accuracy-std;time-mean;time-std
0.1_0.0005_300_128;0.9924751928952336;0.0016623588189706618;0.9283076923076923;0.003061881563426651;0.9593154066627194;0.0015449589088393431;0.3268549247117141;0.010812280293755559;0.8316340130614421;0.03771741302558757;0.4691590978104504;0.01558366654965794;0.6596650588034738;0.005977899349760159;0.8799708526845673;0.01834702700438155;0.714237252236585;0.008307982266595298;0.9657400438008302;0.0018745656308918023;0.9244275919604241;0.0027672565405497105;0.939628438935709;0.0019711366084311276;0.9244275919604241;0.0027672565405497105;39.65727128982544;0.41974697516703996
