Parameters;1_precision-mean;1_precision-std;1_recall-mean;1_recall-std;1_f1-score-mean;1_f1-score-std;0_precision-mean;0_precision-std;0_recall-mean;0_recall-std;0_f1-score-mean;0_f1-score-std;macro avg_precision-mean;macro avg_precision-std;macro avg_recall-mean;macro avg_recall-std;macro avg_f1-score-mean;macro avg_f1-score-std;weighted avg_precision-mean;weighted avg_precision-std;weighted avg_recall-mean;weighted avg_recall-std;weighted avg_f1-score-mean;weighted avg_f1-score-std;accuracy-mean;accuracy-std;time-mean;time-std
0.01_0.0005_300_128;0.9972482764227586;0.000980104568911086;0.6213333333333333;0.010597408289714446;0.7655882772249503;0.008190642570771806;0.09590558812631689;0.003001276128739484;0.9591763294682126;0.014067237458484637;0.17436846544468335;0.0051370832556254;0.5465769322745377;0.0019103876484197555;0.7902548314007729;0.01068928876380947;0.4699783713348168;0.006569087816470807;0.9610453052275375;0.001117288160164122;0.6349030327149375;0.010426553077139697;0.741842091772361;0.00811899494816352;0.6349030327149375;0.010426553077139708;42.04784746170044;0.5453083213235498
