Parameters;1_precision-mean;1_precision-std;1_recall-mean;1_recall-std;1_f1-score-mean;1_f1-score-std;0_precision-mean;0_precision-std;0_recall-mean;0_recall-std;0_f1-score-mean;0_f1-score-std;macro avg_precision-mean;macro avg_precision-std;macro avg_recall-mean;macro avg_recall-std;macro avg_f1-score-mean;macro avg_f1-score-std;weighted avg_precision-mean;weighted avg_precision-std;weighted avg_recall-mean;weighted avg_recall-std;weighted avg_f1-score-mean;weighted avg_f1-score-std;accuracy-mean;accuracy-std;time-mean;time-std
0.5_0.0001_300_128;0.9778003212168095;0.0022725231476425876;0.9375726495726496;0.006622602568623712;0.9572470012978884;0.003086666461702597;0.247931685944768;0.019386579959805948;0.49099027055844335;0.05539502183851254;0.32881950392913384;0.026395379046003337;0.6128660035807887;0.010430691220584291;0.7142814600655465;0.026053925530809964;0.6430332526135112;0.013754298889064844;0.9484842030513067;0.002734206697318561;0.919636779690363;0.005505793967898947;0.9320057652254352;0.0034796979167440695;0.919636779690363;0.005505793967898947;11.664791917800903;0.39352602911321
