Parameters;1_precision-mean;1_precision-std;1_recall-mean;1_recall-std;1_f1-score-mean;1_f1-score-std;0_precision-mean;0_precision-std;0_recall-mean;0_recall-std;0_f1-score-mean;0_f1-score-std;macro avg_precision-mean;macro avg_precision-std;macro avg_recall-mean;macro avg_recall-std;macro avg_f1-score-mean;macro avg_f1-score-std;weighted avg_precision-mean;weighted avg_precision-std;weighted avg_recall-mean;weighted avg_recall-std;weighted avg_f1-score-mean;weighted avg_f1-score-std;accuracy-mean;accuracy-std;time-mean;time-std
0.2_0.0005_300_128;0.9884481718647684;0.0013573497204263545;0.93582905982906;0.004256513231171237;0.9614129918537346;0.0021764681306171594;0.3255252469875259;0.015035995113877201;0.7385845661735305;0.031193672921775408;0.45163543301595316;0.01748102265239963;0.6569867094261472;0.007787884869798797;0.8372068130012952;0.015152752918280063;0.7065242124348438;0.009622862645182665;0.9618228202435641;0.0016220734326275036;0.9279054222258976;0.003916642490228291;0.9409383608747414;0.0026397562351662194;0.9279054222258976;0.003916642490228291;13.131913375854491;0.07383967642024886
