Parameters;1_precision-mean;1_precision-std;1_recall-mean;1_recall-std;1_f1-score-mean;1_f1-score-std;0_precision-mean;0_precision-std;0_recall-mean;0_recall-std;0_f1-score-mean;0_f1-score-std;macro avg_precision-mean;macro avg_precision-std;macro avg_recall-mean;macro avg_recall-std;macro avg_f1-score-mean;macro avg_f1-score-std;weighted avg_precision-mean;weighted avg_precision-std;weighted avg_recall-mean;weighted avg_recall-std;weighted avg_f1-score-mean;weighted avg_f1-score-std;accuracy-mean;accuracy-std;time-mean;time-std
0.1_0.0001_300_128;0.9946764794114561;0.001426542125590902;0.8488547008547009;0.007930518637988618;0.9159769570959504;0.004530459211132378;0.19822107869032216;0.009149319295969434;0.8913301346128216;0.02950486829548226;0.3242185366513446;0.013063978150757249;0.596448779050889;0.004909560337350997;0.8700924177337612;0.014396452174890906;0.6200977468736475;0.008470471837400627;0.9626868478623166;0.0015481314092611166;0.850560983782508;0.007441657547325023;0.8922091170405115;0.0047721919036292585;0.850560983782508;0.007441657547325023;42.29480814933777;0.4627811145961003
