Parameters;1_precision-mean;1_precision-std;1_recall-mean;1_recall-std;1_f1-score-mean;1_f1-score-std;-1_precision-mean;-1_precision-std;-1_recall-mean;-1_recall-std;-1_f1-score-mean;-1_f1-score-std;macro avg_precision-mean;macro avg_precision-std;macro avg_recall-mean;macro avg_recall-std;macro avg_f1-score-mean;macro avg_f1-score-std;weighted avg_precision-mean;weighted avg_precision-std;weighted avg_recall-mean;weighted avg_recall-std;weighted avg_f1-score-mean;weighted avg_f1-score-std;accuracy-mean;accuracy-std;time-mean;time-std
kernel:poly_gamma:scale_nu:0.7;0.33574870879161106;0.03112352965505305;0.2810809009729442;0.04266906803505667;0.3056134915528087;0.03758980996884517;0.9701266694252793;0.0017333325262475635;0.9768888888888888;0.0011960926963785225;0.973494557005979;0.0008863602322528027;0.6529376891084452;0.016382488864374194;0.6289848949309166;0.021134659993225106;0.6395540242793939;0.019159391819595025;0.9446458066412505;0.002895734680839401;0.9489401713487815;0.0017288650452378113;0.9466677708524379;0.0022844736623723015;0.9489401713487815;0.0017288650452378113;0.20088489055633546;0.009570898528577659
