Parameters;1_precision-mean;1_precision-std;1_recall-mean;1_recall-std;1_f1-score-mean;1_f1-score-std;-1_precision-mean;-1_precision-std;-1_recall-mean;-1_recall-std;-1_f1-score-mean;-1_f1-score-std;macro avg_precision-mean;macro avg_precision-std;macro avg_recall-mean;macro avg_recall-std;macro avg_f1-score-mean;macro avg_f1-score-std;weighted avg_precision-mean;weighted avg_precision-std;weighted avg_recall-mean;weighted avg_recall-std;weighted avg_f1-score-mean;weighted avg_f1-score-std;accuracy-mean;accuracy-std;time-mean;time-std
kernel:rbf_gamma:scale_nu:0.8;0.3564006371722697;0.03334347214106642;0.19931360789017727;0.03129239852256175;0.25474872068338755;0.03223929273007503;0.9671057299791068;0.001178736268165157;0.984957264957265;0.0019400014986818612;0.9759479392219426;0.0008107318443009396;0.6617531835756882;0.017043355503290145;0.5921354364237211;0.015149754027831622;0.615348329952665;0.016244737701222537;0.9425792172520572;0.0021864243339944534;0.9534028027223542;0.0015421596518579478;0.9469824044178953;0.0016490073832476698;0.9534028027223542;0.0015421596518579478;0.6671258926391601;0.1533775169230778
