Parameters;1_precision-mean;1_precision-std;1_recall-mean;1_recall-std;1_f1-score-mean;1_f1-score-std;0_precision-mean;0_precision-std;0_recall-mean;0_recall-std;0_f1-score-mean;0_f1-score-std;macro avg_precision-mean;macro avg_precision-std;macro avg_recall-mean;macro avg_recall-std;macro avg_f1-score-mean;macro avg_f1-score-std;weighted avg_precision-mean;weighted avg_precision-std;weighted avg_recall-mean;weighted avg_recall-std;weighted avg_f1-score-mean;weighted avg_f1-score-std;accuracy-mean;accuracy-std;time-mean;time-std
0.5_0.0001_300_128;0.9759866121466885;0.0028551729270310327;0.8292307692307693;0.003576695864282256;0.8966371471235439;0.0023773875044835195;0.11139672326667735;0.011705684678801814;0.512261761961882;0.05961730218497967;0.1829844593102916;0.01956251792560917;0.543691667706683;0.0072681842875126175;0.6707462655963254;0.029728281765794628;0.5398108032169178;0.010491494095298218;0.9412600642044919;0.0032165636543191904;0.8164993621366742;0.004040274124845814;0.8679730291181607;0.0028076829575394533;0.8164993621366742;0.004040274124845814;8.701067972183228;0.3167458331558748
