Parameters;1_precision-mean;1_precision-std;1_recall-mean;1_recall-std;1_f1-score-mean;1_f1-score-std;-1_precision-mean;-1_precision-std;-1_recall-mean;-1_recall-std;-1_f1-score-mean;-1_f1-score-std;macro avg_precision-mean;macro avg_precision-std;macro avg_recall-mean;macro avg_recall-std;macro avg_f1-score-mean;macro avg_f1-score-std;weighted avg_precision-mean;weighted avg_precision-std;weighted avg_recall-mean;weighted avg_recall-std;weighted avg_f1-score-mean;weighted avg_f1-score-std;accuracy-mean;accuracy-std;time-mean;time-std
kernel:poly_gamma:auto_nu:0.85;0.09793061836756917;0.024805433715924606;0.12417699586831932;0.03583355757335828;0.10939455057701755;0.029197975813819166;0.9629531063851944;0.0014430671597306381;0.9525470085470087;0.0025067080724544793;0.9577192059095418;0.0013203963629877871;0.5304418623763818;0.013113714150349755;0.538362002207664;0.017612645190445274;0.5335568782432797;0.014860863145589655;0.9282092292173758;0.0023824349868400707;0.9192754996739616;0.0024538442101920696;0.9236460803685385;0.002041165741438536;0.9192754996739616;0.0024538442101920696;0.22986385822296143;0.007264657855684603
