Parameters;1_precision-mean;1_precision-std;1_recall-mean;1_recall-std;1_f1-score-mean;1_f1-score-std;-1_precision-mean;-1_precision-std;-1_recall-mean;-1_recall-std;-1_f1-score-mean;-1_f1-score-std;macro avg_precision-mean;macro avg_precision-std;macro avg_recall-mean;macro avg_recall-std;macro avg_f1-score-mean;macro avg_f1-score-std;weighted avg_precision-mean;weighted avg_precision-std;weighted avg_recall-mean;weighted avg_recall-std;weighted avg_f1-score-mean;weighted avg_f1-score-std;accuracy-mean;accuracy-std;time-mean;time-std
kernel:sigmoid_gamma:scale_nu:0.4;0.2905085293599862;0.02013239573323032;0.5955484472877515;0.037591284467901255;0.39046282418189543;0.02584414039827175;0.9822979234628108;0.0016249927185472213;0.939076923076923;0.002712729494000304;0.9602000090299347;0.0019820850292284233;0.6364032264113983;0.010827986446348753;0.7673126851823374;0.019609070411038217;0.6753314166059151;0.013849331236210715;0.9545128007973138;0.0023069698587576165;0.9252804488214819;0.003674208896890619;0.937317390227078;0.002874092858637065;0.9252804488214819;0.003674208896890619;0.23738529682159423;0.0036775750733081397
