Parameters;1_precision-mean;1_precision-std;1_recall-mean;1_recall-std;1_f1-score-mean;1_f1-score-std;-1_precision-mean;-1_precision-std;-1_recall-mean;-1_recall-std;-1_f1-score-mean;-1_f1-score-std;macro avg_precision-mean;macro avg_precision-std;macro avg_recall-mean;macro avg_recall-std;macro avg_f1-score-mean;macro avg_f1-score-std;weighted avg_precision-mean;weighted avg_precision-std;weighted avg_recall-mean;weighted avg_recall-std;weighted avg_f1-score-mean;weighted avg_f1-score-std;accuracy-mean;accuracy-std;time-mean;time-std
kernel:sigmoid_gamma:scale_nu:0.35;0.3057081405689523;0.007526568074113479;0.6454151672664268;0.02977346286366148;0.4147683855267273;0.011552529399166851;0.9844424806401106;0.0012628118429763426;0.9386666666666666;0.00229442211768377;0.9610069702402493;0.000931087729123064;0.6450753106045315;0.0041636697972356725;0.7920409169665467;0.014155391266856866;0.6878876778834884;0.005923953969445225;0.9571812032191653;0.0014042001640700028;0.9268884587654309;0.0016671048711070923;0.9390674694747772;0.001103712808117769;0.9268884587654309;0.0016671048711070923;0.23502569198608397;0.007441724475819968
