Parameters;1_precision-mean;1_precision-std;1_recall-mean;1_recall-std;1_f1-score-mean;1_f1-score-std;-1_precision-mean;-1_precision-std;-1_recall-mean;-1_recall-std;-1_f1-score-mean;-1_f1-score-std;macro avg_precision-mean;macro avg_precision-std;macro avg_recall-mean;macro avg_recall-std;macro avg_f1-score-mean;macro avg_f1-score-std;weighted avg_precision-mean;weighted avg_precision-std;weighted avg_recall-mean;weighted avg_recall-std;weighted avg_f1-score-mean;weighted avg_f1-score-std;accuracy-mean;accuracy-std;time-mean;time-std
kernel:rbf_gamma:auto_nu:0.1;0.9942100909842846;0.01167396444292959;0.15788351326136213;0.08676103946348299;0.2628055577359094;0.12427056198370032;0.9659627540690572;0.003468381422953411;0.999931623931624;0.00013675213675212738;0.9826503783063144;0.0017473755741045705;0.9800864225266709;0.004852157262704199;0.5789075685964931;0.043332944529830254;0.622727968021112;0.06300730284733506;0.9670983756536385;0.0030334527597309538;0.9661025926280056;0.0034697185586991712;0.953726282407261;0.006730589050680106;0.9661025926280056;0.0034697185586991712;0.438086199760437;0.012693576009573658
