Parameters;1_precision-mean;1_precision-std;1_recall-mean;1_recall-std;1_f1-score-mean;1_f1-score-std;-1_precision-mean;-1_precision-std;-1_recall-mean;-1_recall-std;-1_f1-score-mean;-1_f1-score-std;macro avg_precision-mean;macro avg_precision-std;macro avg_recall-mean;macro avg_recall-std;macro avg_f1-score-mean;macro avg_f1-score-std;weighted avg_precision-mean;weighted avg_precision-std;weighted avg_recall-mean;weighted avg_recall-std;weighted avg_f1-score-mean;weighted avg_f1-score-std;accuracy-mean;accuracy-std;time-mean;time-std
kernel:poly_gamma:auto_nu:0.85;0.1767635828278808;0.023606851882346395;0.13973077435692388;0.029049416385349015;0.1556527033612315;0.026451107121695724;0.9643239607855605;0.0011424031093014964;0.9729914529914531;0.0024747980951594964;0.9686355061546852;0.000979642508113065;0.5705437718067208;0.0123132534954964;0.5563611136741884;0.013755224346659578;0.5621441047579584;0.01319794085171299;0.9326912266258368;0.0020119491344621886;0.9395221581056881;0.0018173793745255942;0.935981084460893;0.0013669788173636729;0.9395221581056881;0.0018173793745255942;0.3181984186172485;0.04070730069449393
