Parameters;1_precision-mean;1_precision-std;1_recall-mean;1_recall-std;1_f1-score-mean;1_f1-score-std;0_precision-mean;0_precision-std;0_recall-mean;0_recall-std;0_f1-score-mean;0_f1-score-std;macro avg_precision-mean;macro avg_precision-std;macro avg_recall-mean;macro avg_recall-std;macro avg_f1-score-mean;macro avg_f1-score-std;weighted avg_precision-mean;weighted avg_precision-std;weighted avg_recall-mean;weighted avg_recall-std;weighted avg_f1-score-mean;weighted avg_f1-score-std;accuracy-mean;accuracy-std;time-mean;time-std
0.5_0.0005_300_128;0.9778213091992013;0.002535350024047223;0.9514529914529914;0.012737967885246424;0.9644023821901927;0.005912855227258802;0.30154193514944544;0.040526833821547856;0.4837265093962415;0.06418712968636897;0.3672759415611807;0.03153567387510865;0.6396816221743234;0.02003850397128854;0.7175897504246166;0.028270597083239868;0.6658391618756866;0.01769290155078975;0.9506564852355602;0.0026852150481382715;0.9326643197947811;0.010705501778842396;0.9404164148521481;0.006540377002136486;0.9326643197947811;0.010705501778842396;10.447977995872497;1.2372496252207732
