Parameters;1_precision-mean;1_precision-std;1_recall-mean;1_recall-std;1_f1-score-mean;1_f1-score-std;-1_precision-mean;-1_precision-std;-1_recall-mean;-1_recall-std;-1_f1-score-mean;-1_f1-score-std;macro avg_precision-mean;macro avg_precision-std;macro avg_recall-mean;macro avg_recall-std;macro avg_f1-score-mean;macro avg_f1-score-std;weighted avg_precision-mean;weighted avg_precision-std;weighted avg_recall-mean;weighted avg_recall-std;weighted avg_f1-score-mean;weighted avg_f1-score-std;accuracy-mean;accuracy-std;time-mean;time-std
kernel:poly_gamma:scale_nu:0.15;0.44961699609972267;0.011939945516618053;0.7908769825403172;0.01604260369707923;0.5732105943109473;0.011814822251578426;0.9909609783871878;0.0007029225461413438;0.9594529914529915;0.0017579432659394839;0.9749515329782298;0.0009618125630355167;0.7202889872434552;0.00610762518035659;0.8751649869966543;0.008036172652722346;0.7740810636445885;0.006354448848038587;0.9692178874664712;0.0009889794467292238;0.952680974875679;0.0017838628236442327;0.9588152922966495;0.0013783419368728791;0.952680974875679;0.0017838628236442327;0.07485499382019042;0.0033961418373697778
