Parameters;1_precision-mean;1_precision-std;1_recall-mean;1_recall-std;1_f1-score-mean;1_f1-score-std;-1_precision-mean;-1_precision-std;-1_recall-mean;-1_recall-std;-1_f1-score-mean;-1_f1-score-std;macro avg_precision-mean;macro avg_precision-std;macro avg_recall-mean;macro avg_recall-std;macro avg_f1-score-mean;macro avg_f1-score-std;weighted avg_precision-mean;weighted avg_precision-std;weighted avg_recall-mean;weighted avg_recall-std;weighted avg_f1-score-mean;weighted avg_f1-score-std;accuracy-mean;accuracy-std;time-mean;time-std
kernel:rbf_gamma:auto_nu:0.025;0.9108116966882447;0.04985686114751623;0.18946421431427432;0.0784000138189822;0.30690980186884886;0.11036690560633482;0.9671860491778423;0.003038799307569234;0.9993162393162395;0.0003057870738461414;0.9829860746154852;0.0015330187381079523;0.9389988729330433;0.025816675804249057;0.5943902268152568;0.039156982322482214;0.644947938242167;0.05594678292385791;0.9649239043738606;0.004372455054334841;0.9667912459826671;0.003047178433164364;0.9558355139393313;0.005874199321911351;0.9667912459826671;0.003047178433164364;0.4569489240646362;0.007688280820964229
