Parameters;1_precision-mean;1_precision-std;1_recall-mean;1_recall-std;1_f1-score-mean;1_f1-score-std;0_precision-mean;0_precision-std;0_recall-mean;0_recall-std;0_f1-score-mean;0_f1-score-std;macro avg_precision-mean;macro avg_precision-std;macro avg_recall-mean;macro avg_recall-std;macro avg_f1-score-mean;macro avg_f1-score-std;weighted avg_precision-mean;weighted avg_precision-std;weighted avg_recall-mean;weighted avg_recall-std;weighted avg_f1-score-mean;weighted avg_f1-score-std;accuracy-mean;accuracy-std;time-mean;time-std
0.5_0.0005_300_128;0.7429811022551776;0.010624085745388366;0.7090909090909091;0.030882506558000896;0.7250720727891273;0.012896203925376479;0.5028769741563355;0.010386132415460712;0.5440861038762066;0.04214479780976982;0.5216552630827251;0.01691920310254433;0.6229290382057565;0.006575990781045059;0.6265885064835578;0.008575145859894183;0.6233636679359262;0.0067276385025744736;0.6588351263700509;0.007043169247397774;0.6512763081805835;0.008131380396910977;0.6537893784408012;0.006602084656475643;0.6512763081805835;0.008131380396910977;9.603958082199096;1.0197019288952407
