Parameters;1_precision-mean;1_precision-std;1_recall-mean;1_recall-std;1_f1-score-mean;1_f1-score-std;0_precision-mean;0_precision-std;0_recall-mean;0_recall-std;0_f1-score-mean;0_f1-score-std;macro avg_precision-mean;macro avg_precision-std;macro avg_recall-mean;macro avg_recall-std;macro avg_f1-score-mean;macro avg_f1-score-std;weighted avg_precision-mean;weighted avg_precision-std;weighted avg_recall-mean;weighted avg_recall-std;weighted avg_f1-score-mean;weighted avg_f1-score-std;accuracy-mean;accuracy-std;time-mean;time-std
0.1_0.0005_500_128;0.6668468822924941;0.009063983649237701;0.34482323232323236;0.005370245029832522;0.4545471847631137;0.005428096231621811;0.359123029646068;0.004408487925430161;0.6805527588697498;0.01303272988612765;0.470140984340251;0.006717406601238691;0.5129849559692811;0.0067265437629159515;0.512687995596491;0.006502951649226296;0.4623440845516824;0.005101143104376523;0.5590061658117882;0.007426441209264459;0.46247838190400625;0.005130001593873643;0.46001193682836056;0.004968099960461668;0.46247838190400625;0.005130001593873643;9.269471049308777;0.04114973425971883
