Parameters;1_precision-mean;1_precision-std;1_recall-mean;1_recall-std;1_f1-score-mean;1_f1-score-std;0_precision-mean;0_precision-std;0_recall-mean;0_recall-std;0_f1-score-mean;0_f1-score-std;macro avg_precision-mean;macro avg_precision-std;macro avg_recall-mean;macro avg_recall-std;macro avg_f1-score-mean;macro avg_f1-score-std;weighted avg_precision-mean;weighted avg_precision-std;weighted avg_recall-mean;weighted avg_recall-std;weighted avg_f1-score-mean;weighted avg_f1-score-std;accuracy-mean;accuracy-std;time-mean;time-std
0.5_0.0005_300_128;0.7637403471804813;0.017437345985116447;0.743560606060606;0.03101771901623498;0.7528272147278648;0.011948015148232925;0.5464756072873047;0.016931410405242445;0.5714832891943356;0.05512162246167561;0.5572652089792131;0.02747608100238993;0.6551079772338932;0.013214254977547482;0.657521947627471;0.016806612787218775;0.655046211853539;0.014343585784140762;0.6875989736055826;0.013712858345445018;0.683261810944203;0.011219061915629932;0.6842948821793315;0.011664321336460236;0.683261810944203;0.011219061915629932;9.76488654613495;0.8758628858716935
