Parameters;1_precision-mean;1_precision-std;1_recall-mean;1_recall-std;1_f1-score-mean;1_f1-score-std;-1_precision-mean;-1_precision-std;-1_recall-mean;-1_recall-std;-1_f1-score-mean;-1_f1-score-std;macro avg_precision-mean;macro avg_precision-std;macro avg_recall-mean;macro avg_recall-std;macro avg_f1-score-mean;macro avg_f1-score-std;weighted avg_precision-mean;weighted avg_precision-std;weighted avg_recall-mean;weighted avg_recall-std;weighted avg_f1-score-mean;weighted avg_f1-score-std;accuracy-mean;accuracy-std;time-mean;time-std
kernel:rbf_gamma:scale_nu:0.65;0.3817188618535274;0.016942296991974425;0.3470643918667513;0.022762298611758502;0.36344446075820575;0.019456641875684726;0.6643176191112294;0.008001275655790329;0.696969696969697;0.011489205218259926;0.6802011385358051;0.007831795454066776;0.5230182404823785;0.012451965099453791;0.522017044418224;0.011960722656801006;0.5218227996470055;0.012371004482111623;0.5652825674075597;0.011098231066638074;0.5743444640191504;0.010045490072277686;0.5691941082530806;0.01054029393263874;0.5743444640191504;0.010045490072277686;1.83587749004364;0.2893327944368126
