Parameters;1_precision-mean;1_precision-std;1_recall-mean;1_recall-std;1_f1-score-mean;1_f1-score-std;-1_precision-mean;-1_precision-std;-1_recall-mean;-1_recall-std;-1_f1-score-mean;-1_f1-score-std;macro avg_precision-mean;macro avg_precision-std;macro avg_recall-mean;macro avg_recall-std;macro avg_f1-score-mean;macro avg_f1-score-std;weighted avg_precision-mean;weighted avg_precision-std;weighted avg_recall-mean;weighted avg_recall-std;weighted avg_f1-score-mean;weighted avg_f1-score-std;accuracy-mean;accuracy-std;time-mean;time-std
kernel:poly_gamma:auto_nu:0.5;0.527810150388208;0.010812632087106224;0.48116122042504755;0.018473880510851262;0.5032993899441602;0.013685059984556498;0.7328895177992772;0.006749479468959143;0.7678030303030303;0.007914360577886286;0.7499039818398103;0.0051244124381364855;0.6303498340937426;0.008421501147635993;0.624482125364039;0.008919402727846708;0.6266016858919852;0.008764175255461283;0.6610201208412577;0.007823621443012019;0.6673502871205906;0.00699185197531178;0.6634821848005613;0.007446465919728631;0.6673502871205906;0.00699185197531178;0.8742585897445678;0.015786722672882156
