Parameters;1_precision-mean;1_precision-std;1_recall-mean;1_recall-std;1_f1-score-mean;1_f1-score-std;-1_precision-mean;-1_precision-std;-1_recall-mean;-1_recall-std;-1_f1-score-mean;-1_f1-score-std;macro avg_precision-mean;macro avg_precision-std;macro avg_recall-mean;macro avg_recall-std;macro avg_f1-score-mean;macro avg_f1-score-std;weighted avg_precision-mean;weighted avg_precision-std;weighted avg_recall-mean;weighted avg_recall-std;weighted avg_f1-score-mean;weighted avg_f1-score-std;accuracy-mean;accuracy-std;time-mean;time-std
kernel:poly_gamma:auto_nu:0.25;0.8797085552510346;0.01637655399640337;0.7409403795224233;0.02399883181261027;0.8041230081172349;0.016302546726337953;0.8712999808025078;0.010318682150072776;0.9452020202020203;0.008714865619564343;0.906694904368903;0.00679312134510236;0.8755042680267711;0.010421097632880443;0.8430711998622218;0.012233390863242594;0.855408956243069;0.011446604670418645;0.8742486050723244;0.009562167928181185;0.8736164418563993;0.009527282172104466;0.8707482749442239;0.010023859273282209;0.8736164418563993;0.009527282172104466;0.5499303817749024;0.013325859810614443
