Parameters;1_precision-mean;1_precision-std;1_recall-mean;1_recall-std;1_f1-score-mean;1_f1-score-std;-1_precision-mean;-1_precision-std;-1_recall-mean;-1_recall-std;-1_f1-score-mean;-1_f1-score-std;macro avg_precision-mean;macro avg_precision-std;macro avg_recall-mean;macro avg_recall-std;macro avg_f1-score-mean;macro avg_f1-score-std;weighted avg_precision-mean;weighted avg_precision-std;weighted avg_recall-mean;weighted avg_recall-std;weighted avg_f1-score-mean;weighted avg_f1-score-std;accuracy-mean;accuracy-std;time-mean;time-std
kernel:rbf_gamma:scale_nu:0.6;0.6454998483756808;0.015756219497976412;0.3952723850379741;0.02175583199997907;0.49007968764099197;0.019829164543089372;0.7302528622062041;0.006977094608446958;0.8829545454545453;0.00651324261440855;0.7993479882832922;0.004969624341047198;0.6878763552909423;0.0108013289685119;0.6391134652462598;0.010679769955633772;0.6447138379621421;0.012037387492079723;0.7005504175477226;0.009473499377176902;0.7120485751556638;0.007930502412818893;0.6909659507420659;0.009784581184902112;0.7120485751556638;0.007930502412818893;1.551974105834961;0.018074318960245993
