Parameters;1_precision-mean;1_precision-std;1_recall-mean;1_recall-std;1_f1-score-mean;1_f1-score-std;-1_precision-mean;-1_precision-std;-1_recall-mean;-1_recall-std;-1_f1-score-mean;-1_f1-score-std;macro avg_precision-mean;macro avg_precision-std;macro avg_recall-mean;macro avg_recall-std;macro avg_f1-score-mean;macro avg_f1-score-std;weighted avg_precision-mean;weighted avg_precision-std;weighted avg_recall-mean;weighted avg_recall-std;weighted avg_f1-score-mean;weighted avg_f1-score-std;accuracy-mean;accuracy-std;time-mean;time-std
kernel:rbf_gamma:auto_nu:0.5;0.48952728916808425;0.012656306239852417;0.4942694083915165;0.02532295872751027;0.49172641264076916;0.017703912074476316;0.7258971569816556;0.009357667933379957;0.7220959595959596;0.010060683389828969;0.7239182378169632;0.0064677503668262235;0.6077122230748699;0.0107027159961779;0.6081826839937381;0.011731732344194688;0.6078223252288661;0.011115714941917753;0.6430624327285787;0.010226393027738458;0.6422536612918409;0.00881731648681426;0.6425469274907653;0.0093694555376809;0.6422536612918409;0.00881731648681426;1.471307110786438;0.016266217247822713
