Parameters;1_precision-mean;1_precision-std;1_recall-mean;1_recall-std;1_f1-score-mean;1_f1-score-std;-1_precision-mean;-1_precision-std;-1_recall-mean;-1_recall-std;-1_f1-score-mean;-1_f1-score-std;macro avg_precision-mean;macro avg_precision-std;macro avg_recall-mean;macro avg_recall-std;macro avg_f1-score-mean;macro avg_f1-score-std;weighted avg_precision-mean;weighted avg_precision-std;weighted avg_recall-mean;weighted avg_recall-std;weighted avg_f1-score-mean;weighted avg_f1-score-std;accuracy-mean;accuracy-std;time-mean;time-std
kernel:poly_gamma:scale_nu:0.25;0.9059442985310154;0.00996322813520511;0.7388326511851868;0.016659586924549837;0.8137946957641142;0.011701776328180546;0.8718980024233431;0.007205312723192495;0.9585858585858587;0.00471756103340137;0.9131700640941947;0.004685876890922984;0.8889211504771793;0.006966885708541292;0.8487092548855226;0.00871657318414293;0.8634823799291546;0.008158291750974747;0.8838293871101882;0.006619399252069229;0.8815726408370205;0.006692150988809092;0.8783434820164866;0.007120046706500398;0.8815726408370205;0.006692150988809092;0.5563791275024415;0.009957091259514543
