Parameters;1_precision-mean;1_precision-std;1_recall-mean;1_recall-std;1_f1-score-mean;1_f1-score-std;0_precision-mean;0_precision-std;0_recall-mean;0_recall-std;0_f1-score-mean;0_f1-score-std;macro avg_precision-mean;macro avg_precision-std;macro avg_recall-mean;macro avg_recall-std;macro avg_f1-score-mean;macro avg_f1-score-std;weighted avg_precision-mean;weighted avg_precision-std;weighted avg_recall-mean;weighted avg_recall-std;weighted avg_f1-score-mean;weighted avg_f1-score-std;accuracy-mean;accuracy-std;time-mean;time-std
0.5_0.0001_300_128;0.8182279622129075;0.014352928266475872;0.8007575757575758;0.030584759397405823;0.8089027840619918;0.013227706632173642;0.6462866995547613;0.02897919167505031;0.6690970474293593;0.03990594899417401;0.6562169833717522;0.018556690089693947;0.7322573308838345;0.015039699014326167;0.7349273115934676;0.013775693904949888;0.732559883716872;0.013472589695492197;0.7579741966865823;0.01256483103378424;0.7546126225473715;0.01369273843088638;0.7553932951993071;0.012770379624537139;0.7546126225473715;0.01369273843088638;19.335355758666992;0.07178309769304737
