Parameters;1_precision-mean;1_precision-std;1_recall-mean;1_recall-std;1_f1-score-mean;1_f1-score-std;0_precision-mean;0_precision-std;0_recall-mean;0_recall-std;0_f1-score-mean;0_f1-score-std;macro avg_precision-mean;macro avg_precision-std;macro avg_recall-mean;macro avg_recall-std;macro avg_f1-score-mean;macro avg_f1-score-std;weighted avg_precision-mean;weighted avg_precision-std;weighted avg_recall-mean;weighted avg_recall-std;weighted avg_f1-score-mean;weighted avg_f1-score-std;accuracy-mean;accuracy-std;time-mean;time-std
0.5_0.0001_300_128;0.8208585618683154;0.014659251400587194;0.8063131313131311;0.029303811980562946;0.8129481065499741;0.007963976641947148;0.6539463128422212;0.022646167452304578;0.6721218455208037;0.0459819803584351;0.661170036556711;0.014882143751687964;0.7374024373552683;0.006190828606999806;0.7392174884169675;0.00959587602930961;0.7370590715533425;0.005900083931563429;0.7623632150694422;0.004799555947965083;0.7592887209349237;0.005403584066597911;0.7597586242373473;0.004568427419206863;0.7592887209349237;0.005403584066597911;20.735618710517883;3.114222719791118
