Parameters;1_precision-mean;1_precision-std;1_recall-mean;1_recall-std;1_f1-score-mean;1_f1-score-std;0_precision-mean;0_precision-std;0_recall-mean;0_recall-std;0_f1-score-mean;0_f1-score-std;macro avg_precision-mean;macro avg_precision-std;macro avg_recall-mean;macro avg_recall-std;macro avg_f1-score-mean;macro avg_f1-score-std;weighted avg_precision-mean;weighted avg_precision-std;weighted avg_recall-mean;weighted avg_recall-std;weighted avg_f1-score-mean;weighted avg_f1-score-std;accuracy-mean;accuracy-std;time-mean;time-std
0.4_0.0005_300_128;0.8385634415129036;0.014865305420188707;0.8007575757575758;0.018067471521801347;0.8189645418890237;0.00791194334366176;0.659398195181967;0.015500394058062856;0.7133319836284444;0.035122595547079284;0.6847132223116691;0.01651561817680908;0.7489808183474354;0.010418517963041543;0.75704477969301;0.013125157147281215;0.7518388821003462;0.010906759132088823;0.7757784768795705;0.010803678520147018;0.7701137051332051;0.009530744474013733;0.7719152212296085;0.009583593703669731;0.7701137051332051;0.009530744474013733;28.59531099796295;3.505057146570242
