Parameters;1_precision-mean;1_precision-std;1_recall-mean;1_recall-std;1_f1-score-mean;1_f1-score-std;-1_precision-mean;-1_precision-std;-1_recall-mean;-1_recall-std;-1_f1-score-mean;-1_f1-score-std;macro avg_precision-mean;macro avg_precision-std;macro avg_recall-mean;macro avg_recall-std;macro avg_f1-score-mean;macro avg_f1-score-std;weighted avg_precision-mean;weighted avg_precision-std;weighted avg_recall-mean;weighted avg_recall-std;weighted avg_f1-score-mean;weighted avg_f1-score-std;accuracy-mean;accuracy-std;time-mean;time-std
kernel:rbf_gamma:auto_nu:0.55;0.4805379704126821;0.020054084962868632;0.44676946310928234;0.03194976160535276;0.4627685388127517;0.02439319503242712;0.7126517315746133;0.01210444742808755;0.7396464646464647;0.014103032328730496;0.7257943203399846;0.009750661694834567;0.5965948509936477;0.015698226212411816;0.5932079638778734;0.016204211474548154;0.5942814295763681;0.015932181417970637;0.6313079488772452;0.014533633202364817;0.6370062131013059;0.013083422690513314;0.6336164144297122;0.013700994353088414;0.6370062131013059;0.013083422690513314;1.5528517961502075;0.015291081832561277
