Parameters;1_precision-mean;1_precision-std;1_recall-mean;1_recall-std;1_f1-score-mean;1_f1-score-std;0_precision-mean;0_precision-std;0_recall-mean;0_recall-std;0_f1-score-mean;0_f1-score-std;macro avg_precision-mean;macro avg_precision-std;macro avg_recall-mean;macro avg_recall-std;macro avg_f1-score-mean;macro avg_f1-score-std;weighted avg_precision-mean;weighted avg_precision-std;weighted avg_recall-mean;weighted avg_recall-std;weighted avg_f1-score-mean;weighted avg_f1-score-std;accuracy-mean;accuracy-std;time-mean;time-std
0.3_0.0005_500_128;0.6766843222612057;0.03340368695713455;0.6661616161616162;0.14996385987784622;0.6567558330170505;0.08296675924392918;0.3817347353878867;0.011637984260921759;0.38715226859856855;0.18953211013392035;0.3680960700677618;0.07744547241809752;0.5292095288245462;0.020902011794952265;0.5266569423800924;0.020489001837721694;0.5124259515424062;0.00812363884058367;0.5733216635361505;0.024537693283773317;0.5683560833254886;0.0314296994738804;0.555582627109201;0.027731602670043192;0.5683560833254886;0.0314296994738804;9.499902820587158;0.04022233506607313
