Parameters;1_precision-mean;1_precision-std;1_recall-mean;1_recall-std;1_f1-score-mean;1_f1-score-std;-1_precision-mean;-1_precision-std;-1_recall-mean;-1_recall-std;-1_f1-score-mean;-1_f1-score-std;macro avg_precision-mean;macro avg_precision-std;macro avg_recall-mean;macro avg_recall-std;macro avg_f1-score-mean;macro avg_f1-score-std;weighted avg_precision-mean;weighted avg_precision-std;weighted avg_recall-mean;weighted avg_recall-std;weighted avg_f1-score-mean;weighted avg_f1-score-std;accuracy-mean;accuracy-std;time-mean;time-std
kernel:sigmoid_gamma:scale_nu:0.2;0.8796728653686378;0.004205889140403716;0.7992065923964193;0.024036029837937425;0.8373393170727578;0.014088302760796775;0.896907814840446;0.010967096262969912;0.9410353535353535;0.0023315890546236426;0.9184010290899856;0.005458736315049145;0.8882903401045418;0.0065997272421748215;0.8701209729658865;0.011625001341784678;0.8778701730813717;0.009766021748646785;0.8908683293291995;0.007820489805127475;0.8913312443685364;0.007975853341579273;0.8899930543563256;0.008477013327304515;0.8913312443685364;0.007975853341579273;0.7133469581604004;0.010451169738052896
