Parameters;1_precision-mean;1_precision-std;1_recall-mean;1_recall-std;1_f1-score-mean;1_f1-score-std;-1_precision-mean;-1_precision-std;-1_recall-mean;-1_recall-std;-1_f1-score-mean;-1_f1-score-std;macro avg_precision-mean;macro avg_precision-std;macro avg_recall-mean;macro avg_recall-std;macro avg_f1-score-mean;macro avg_f1-score-std;weighted avg_precision-mean;weighted avg_precision-std;weighted avg_recall-mean;weighted avg_recall-std;weighted avg_f1-score-mean;weighted avg_f1-score-std;accuracy-mean;accuracy-std;time-mean;time-std
kernel:rbf_gamma:auto_nu:0.4;0.5129223525793466;0.012649842291822729;0.5970058438573835;0.029998677834241427;0.5515439352819105;0.01781480028819503;0.7617539723672908;0.012348330933553368;0.6941919191919191;0.01424922826228878;0.7262527873621757;0.00847678494396625;0.6373381624733186;0.011681775777599305;0.6455988815246514;0.013204610811549533;0.6388983613220429;0.011673644643840669;0.6745518085967901;0.01171377577379199;0.6601330706437688;0.010195394818510608;0.6650265327172249;0.010239349944208435;0.6601330706437688;0.010195394818510608;1.3888132095336914;0.23350246364852603
