Parameters;1_precision-mean;1_precision-std;1_recall-mean;1_recall-std;1_f1-score-mean;1_f1-score-std;0_precision-mean;0_precision-std;0_recall-mean;0_recall-std;0_f1-score-mean;0_f1-score-std;macro avg_precision-mean;macro avg_precision-std;macro avg_recall-mean;macro avg_recall-std;macro avg_f1-score-mean;macro avg_f1-score-std;weighted avg_precision-mean;weighted avg_precision-std;weighted avg_recall-mean;weighted avg_recall-std;weighted avg_f1-score-mean;weighted avg_f1-score-std;accuracy-mean;accuracy-std;time-mean;time-std
0.5_0.0005_300_128;0.766369327502167;0.020590879903038605;0.6743686868686869;0.04157646342570126;0.7162208490564592;0.019332029736484097;0.5057717428481014;0.016737722816013274;0.6159825122020618;0.06259133546160617;0.5538042137266641;0.027254326570051772;0.6360705351751343;0.014539566313896808;0.6451755995353745;0.017798373743392222;0.6350125313915616;0.014937981175078408;0.6750455599430082;0.015684754070697284;0.6538997969311046;0.014611659804351041;0.6592997094799009;0.014069766167587627;0.6538997969311046;0.014611659804351041;9.285551834106446;0.3942699923287137
