Parameters;1_precision-mean;1_precision-std;1_recall-mean;1_recall-std;1_f1-score-mean;1_f1-score-std;0_precision-mean;0_precision-std;0_recall-mean;0_recall-std;0_f1-score-mean;0_f1-score-std;macro avg_precision-mean;macro avg_precision-std;macro avg_recall-mean;macro avg_recall-std;macro avg_f1-score-mean;macro avg_f1-score-std;weighted avg_precision-mean;weighted avg_precision-std;weighted avg_recall-mean;weighted avg_recall-std;weighted avg_f1-score-mean;weighted avg_f1-score-std;accuracy-mean;accuracy-std;time-mean;time-std
0.3_0.0005_500_128;0.6534553934226006;0.008906698815508221;0.6390151515151514;0.00925169954632442;0.6461080770792204;0.0072890075356969305;0.3568490716683389;0.015078437061429383;0.37163978200442116;0.023697879669936098;0.3640167113186588;0.01882307747837439;0.5051522325454696;0.011991508911950378;0.5053274667597863;0.012224127814834495;0.5050623941989396;0.011993276925973614;0.5495099193281342;0.011104607993259878;0.5453153619602199;0.00973172752110251;0.5472502045495327;0.010247820336104652;0.5453153619602199;0.00973172752110251;9.370667052268981;0.04078795430876192
