Parameters;1_precision-mean;1_precision-std;1_recall-mean;1_recall-std;1_f1-score-mean;1_f1-score-std;0_precision-mean;0_precision-std;0_recall-mean;0_recall-std;0_f1-score-mean;0_f1-score-std;macro avg_precision-mean;macro avg_precision-std;macro avg_recall-mean;macro avg_recall-std;macro avg_f1-score-mean;macro avg_f1-score-std;weighted avg_precision-mean;weighted avg_precision-std;weighted avg_recall-mean;weighted avg_recall-std;weighted avg_f1-score-mean;weighted avg_f1-score-std;accuracy-mean;accuracy-std;time-mean;time-std
0.5_0.0001_300_128;0.9541222024521318;0.0031332229312552406;0.8474585062240664;0.0048956171769862404;0.8976183905308961;0.0023146413920825492;0.3731970370758692;0.006786066200337703;0.6901745977404998;0.023319115744700882;0.4843488940835045;0.009973932049295862;0.6636596197640005;0.004483956831988519;0.768816551982283;0.010372619072675709;0.6909836423072002;0.005535956255962895;0.8865686385579158;0.003279070196475594;0.8291702651555746;0.003473711334693278;0.8495614001524215;0.002743474698506842;0.8291702651555746;0.003473711334693278;23.884667849540712;0.08459158554780907
