Parameters;1_precision-mean;1_precision-std;1_recall-mean;1_recall-std;1_f1-score-mean;1_f1-score-std;-1_precision-mean;-1_precision-std;-1_recall-mean;-1_recall-std;-1_f1-score-mean;-1_f1-score-std;macro avg_precision-mean;macro avg_precision-std;macro avg_recall-mean;macro avg_recall-std;macro avg_f1-score-mean;macro avg_f1-score-std;weighted avg_precision-mean;weighted avg_precision-std;weighted avg_recall-mean;weighted avg_recall-std;weighted avg_f1-score-mean;weighted avg_f1-score-std;accuracy-mean;accuracy-std;time-mean;time-std
kernel:poly_gamma:scale_nu:0.6;0.318882849615466;0.018430156256562077;0.383115993899972;0.023737660915143413;0.34777934101236696;0.018049758881664588;0.9166090993899086;0.0028248778946854142;0.8921161825726139;0.007426255738213892;0.9041789064523302;0.004015879095032538;0.6177459745026873;0.010259002944531337;0.6376160882362931;0.011578582199615158;0.6259791237323485;0.010332794124780427;0.8471027537145233;0.004258576237372582;0.8329284113990042;0.0064935246916450005;0.839478693997364;0.005062711034009391;0.8329284113990042;0.0064935246916450005;0.460109806060791;0.010697592961945055
