Parameters;1_precision-mean;1_precision-std;1_recall-mean;1_recall-std;1_f1-score-mean;1_f1-score-std;-1_precision-mean;-1_precision-std;-1_recall-mean;-1_recall-std;-1_f1-score-mean;-1_f1-score-std;macro avg_precision-mean;macro avg_precision-std;macro avg_recall-mean;macro avg_recall-std;macro avg_f1-score-mean;macro avg_f1-score-std;weighted avg_precision-mean;weighted avg_precision-std;weighted avg_recall-mean;weighted avg_recall-std;weighted avg_f1-score-mean;weighted avg_f1-score-std;accuracy-mean;accuracy-std;time-mean;time-std
kernel:sigmoid_gamma:auto_nu:0.35;0.44298739590665165;0.015823608420029146;0.648011266378264;0.028761208958458954;0.5261628542273649;0.019800463106025092;0.9506896937552802;0.003908629201500109;0.8927904564315353;0.003881733867648918;0.9208253551947496;0.0031846875082867363;0.696838544830966;0.009660733202305954;0.7704008614048996;0.015041773418946436;0.7234941047110572;0.011380588233969653;0.8916509147589545;0.005147163520896976;0.8643262094810149;0.005432972507635632;0.8749316086619794;0.005026507532047551;0.8643262094810149;0.005432972507635632;0.44973504543304443;0.007699277789970598
