Parameters;1_precision-mean;1_precision-std;1_recall-mean;1_recall-std;1_f1-score-mean;1_f1-score-std;0_precision-mean;0_precision-std;0_recall-mean;0_recall-std;0_f1-score-mean;0_f1-score-std;macro avg_precision-mean;macro avg_precision-std;macro avg_recall-mean;macro avg_recall-std;macro avg_f1-score-mean;macro avg_f1-score-std;weighted avg_precision-mean;weighted avg_precision-std;weighted avg_recall-mean;weighted avg_recall-std;weighted avg_f1-score-mean;weighted avg_f1-score-std;accuracy-mean;accuracy-std;time-mean;time-std
0.3_0.0005_300_128;0.9085662914430406;0.002879751057456888;0.8781120331950207;0.007419007073003593;0.8930599333969657;0.003938529169419452;0.26178730154305613;0.015876857315649594;0.3283215586194018;0.025038087649972274;0.29109625254668037;0.018118984253172866;0.5851767964930483;0.009178961778314738;0.6032167959072112;0.011838343773215153;0.592078092971823;0.010036288801004984;0.8333565911317662;0.0041578892284844125;0.8141811772448582;0.006210349414413092;0.823061814495866;0.004709878474321588;0.8141811772448582;0.006210349414413092;6.8041047811508175;0.038509624713286374
