Parameters;1_precision-mean;1_precision-std;1_recall-mean;1_recall-std;1_f1-score-mean;1_f1-score-std;-1_precision-mean;-1_precision-std;-1_recall-mean;-1_recall-std;-1_f1-score-mean;-1_f1-score-std;macro avg_precision-mean;macro avg_precision-std;macro avg_recall-mean;macro avg_recall-std;macro avg_f1-score-mean;macro avg_f1-score-std;weighted avg_precision-mean;weighted avg_precision-std;weighted avg_recall-mean;weighted avg_recall-std;weighted avg_f1-score-mean;weighted avg_f1-score-std;accuracy-mean;accuracy-std;time-mean;time-std
kernel:poly_gamma:scale_nu:0.8;0.36623432739662504;0.015117538938711074;0.1939108648968286;0.024058877204375228;0.25273895242348854;0.021379749402817713;0.9001280101818111;0.00217010808158721;0.9558091286307053;0.00580727593455538;0.9271179952477618;0.0019691482608019343;0.6331811687892179;0.008022551559902747;0.574859996763767;0.009628594374583722;0.5899284738356252;0.010273005146501821;0.8380439109387201;0.0030196623533414284;0.8672138681244697;0.0030989252077353382;0.8486993293645361;0.002267222771299326;0.8672138681244697;0.0030989252077353382;0.5757394075393677;0.010704406554064124
