Parameters;1_precision-mean;1_precision-std;1_recall-mean;1_recall-std;1_f1-score-mean;1_f1-score-std;-1_precision-mean;-1_precision-std;-1_recall-mean;-1_recall-std;-1_f1-score-mean;-1_f1-score-std;macro avg_precision-mean;macro avg_precision-std;macro avg_recall-mean;macro avg_recall-std;macro avg_f1-score-mean;macro avg_f1-score-std;weighted avg_precision-mean;weighted avg_precision-std;weighted avg_recall-mean;weighted avg_recall-std;weighted avg_f1-score-mean;weighted avg_f1-score-std;accuracy-mean;accuracy-std;time-mean;time-std
kernel:sigmoid_gamma:auto_nu:0.3;0.4376520581097364;0.012140250553667103;0.6960832218107125;0.02902667770348988;0.5373013963872025;0.016455167568424432;0.9566600627523172;0.003913595518471613;0.8823132780082987;0.0042736197209781;0.9179733957165761;0.0027347806335074917;0.6971560604310268;0.007640232819260459;0.7891982499095056;0.014262450662859767;0.7276373960518894;0.009354008079729947;0.8963069733209821;0.004588972375479401;0.8606591338999298;0.004564754688420365;0.8737073951191267;0.004104971797681796;0.8606591338999298;0.004564754688420365;0.3874469757080078;0.0044636948945295735
