Parameters;1_precision-mean;1_precision-std;1_recall-mean;1_recall-std;1_f1-score-mean;1_f1-score-std;0_precision-mean;0_precision-std;0_recall-mean;0_recall-std;0_f1-score-mean;0_f1-score-std;macro avg_precision-mean;macro avg_precision-std;macro avg_recall-mean;macro avg_recall-std;macro avg_f1-score-mean;macro avg_f1-score-std;weighted avg_precision-mean;weighted avg_precision-std;weighted avg_recall-mean;weighted avg_recall-std;weighted avg_f1-score-mean;weighted avg_f1-score-std;accuracy-mean;accuracy-std;time-mean;time-std
0.2_0.0005_300_128;0.9352784540422675;0.003651807449105654;0.7336618257261411;0.009047076526199401;0.8222599446547385;0.005985341134055368;0.2328610008681875;0.008656430245238496;0.6141063147738943;0.023477403105477898;0.33762515443338004;0.011923555940103626;0.5840697274552274;0.005955907032796759;0.6738840702500177;0.012087451654144054;0.5799425495440593;0.008176925217008846;0.8535975073286173;0.004113762760466393;0.7197600853298904;0.008151380320950032;0.7659042449251598;0.006266153214422473;0.7197600853298904;0.008151380320950032;13.274008226394653;0.04663968385584303
