Parameters;1_precision-mean;1_precision-std;1_recall-mean;1_recall-std;1_f1-score-mean;1_f1-score-std;0_precision-mean;0_precision-std;0_recall-mean;0_recall-std;0_f1-score-mean;0_f1-score-std;macro avg_precision-mean;macro avg_precision-std;macro avg_recall-mean;macro avg_recall-std;macro avg_f1-score-mean;macro avg_f1-score-std;weighted avg_precision-mean;weighted avg_precision-std;weighted avg_recall-mean;weighted avg_recall-std;weighted avg_f1-score-mean;weighted avg_f1-score-std;accuracy-mean;accuracy-std;time-mean;time-std
0.3_0.0001_300_128;0.9480190956853061;0.004221469065940361;0.6900414937759336;0.012053299130846845;0.7986456412264268;0.007876012459407087;0.23226213868803822;0.007083190636066607;0.7122607450748499;0.026209235334815437;0.35022174898576885;0.010074956981305918;0.5901406171866721;0.005202243121725777;0.7011511194253918;0.011919891019519175;0.5744336951060978;0.00776979192659125;0.8647865722704241;0.004357741442018761;0.6926259870366144;0.009776449954549906;0.7465005104547756;0.007644317824757682;0.6926259870366144;0.009776449954549906;37.05571618080139;0.11696801702302316
