Parameters;1_precision-mean;1_precision-std;1_recall-mean;1_recall-std;1_f1-score-mean;1_f1-score-std;0_precision-mean;0_precision-std;0_recall-mean;0_recall-std;0_f1-score-mean;0_f1-score-std;macro avg_precision-mean;macro avg_precision-std;macro avg_recall-mean;macro avg_recall-std;macro avg_f1-score-mean;macro avg_f1-score-std;weighted avg_precision-mean;weighted avg_precision-std;weighted avg_recall-mean;weighted avg_recall-std;weighted avg_f1-score-mean;weighted avg_f1-score-std;accuracy-mean;accuracy-std;time-mean;time-std
0.2_0.0005_300_128;0.9103629706263299;0.00218770505016923;0.7764004149377594;0.015348578706336592;0.8379790870068928;0.008981180043048837;0.19815250075811192;0.008828129951019949;0.41899567395972737;0.019566771602654034;0.2688409556562273;0.009446640005899372;0.5542577356922209;0.005201703177968665;0.5976980444487434;0.008047411334009947;0.55341002133156;0.007900679004713645;0.8275435015537441;0.0027114322215400443;0.734839634523808;0.012336268437372686;0.7717968424944047;0.008501594646046415;0.734839634523808;0.012336268437372686;10.913873934745789;0.047463419589967956
