Parameters;1_precision-mean;1_precision-std;1_recall-mean;1_recall-std;1_f1-score-mean;1_f1-score-std;0_precision-mean;0_precision-std;0_recall-mean;0_recall-std;0_f1-score-mean;0_f1-score-std;macro avg_precision-mean;macro avg_precision-std;macro avg_recall-mean;macro avg_recall-std;macro avg_f1-score-mean;macro avg_f1-score-std;weighted avg_precision-mean;weighted avg_precision-std;weighted avg_recall-mean;weighted avg_recall-std;weighted avg_f1-score-mean;weighted avg_f1-score-std;accuracy-mean;accuracy-std;time-mean;time-std
0.2_0.0005_300_128;0.9170620800667489;0.005021829602191612;0.7546161825726141;0.014669256554442624;0.8278434654032896;0.008191749085384399;0.20496337983131546;0.010297413132364479;0.48093118794933243;0.03898987595767124;0.2872175721193288;0.015679903571473936;0.5610127299490322;0.007365751071723216;0.6177736852609732;0.01590627819664011;0.5575305187613092;0.008984428364986394;0.8342545341971551;0.005581658650120605;0.7227855687251494;0.010703677654776452;0.7649743651844204;0.0075696388954821425;0.7227855687251494;0.010703677654776452;11.029203176498413;0.045137645254640306
