Parameters;1_precision-mean;1_precision-std;1_recall-mean;1_recall-std;1_f1-score-mean;1_f1-score-std;-1_precision-mean;-1_precision-std;-1_recall-mean;-1_recall-std;-1_f1-score-mean;-1_f1-score-std;macro avg_precision-mean;macro avg_precision-std;macro avg_recall-mean;macro avg_recall-std;macro avg_f1-score-mean;macro avg_f1-score-std;weighted avg_precision-mean;weighted avg_precision-std;weighted avg_recall-mean;weighted avg_recall-std;weighted avg_f1-score-mean;weighted avg_f1-score-std;accuracy-mean;accuracy-std;time-mean;time-std
kernel:poly_gamma:auto_nu:0.85;0.15903468586008246;0.017959332804585986;0.14307833556378574;0.02431803827593459;0.15048468268804088;0.021406712074220915;0.8888022036073325;0.0024058279222087813;0.9011410788381744;0.004611226301015101;0.894917023274188;0.0015934892505562385;0.5239184447337074;0.010173472189098424;0.52210970720098;0.010401211995755201;0.5227008529811144;0.010478233603963468;0.8039414089913981;0.004192088806867144;0.812989672914694;0.002414369409303751;0.8083507619299638;0.0024019393494063824;0.812989672914694;0.002414369409303751;0.639019513130188;0.13180003443686192
