Parameters;1_precision-mean;1_precision-std;1_recall-mean;1_recall-std;1_f1-score-mean;1_f1-score-std;-1_precision-mean;-1_precision-std;-1_recall-mean;-1_recall-std;-1_f1-score-mean;-1_f1-score-std;macro avg_precision-mean;macro avg_precision-std;macro avg_recall-mean;macro avg_recall-std;macro avg_f1-score-mean;macro avg_f1-score-std;weighted avg_precision-mean;weighted avg_precision-std;weighted avg_recall-mean;weighted avg_recall-std;weighted avg_f1-score-mean;weighted avg_f1-score-std;accuracy-mean;accuracy-std;time-mean;time-std
kernel:poly_gamma:scale_nu:0.8;0.41160092819741256;0.018652782364476157;0.1876225452055647;0.021137105961840916;0.25739541954398015;0.02290965037285725;0.9002655608534995;0.002182119995733295;0.9648340248962656;0.0023632335580693934;0.9314274208323361;0.0008726989813654208;0.655933244525456;0.010276365524287618;0.5762282850509151;0.009688640102902631;0.5944114201881581;0.011656694316609454;0.8434402132843614;0.00396538705525028;0.8744558349313776;0.0016352208466495044;0.8530472745000035;0.0031088670536662446;0.8744558349313776;0.0016352208466495044;0.5667535305023194;0.010982670785871234
