Parameters;1_precision-mean;1_precision-std;1_recall-mean;1_recall-std;1_f1-score-mean;1_f1-score-std;-1_precision-mean;-1_precision-std;-1_recall-mean;-1_recall-std;-1_f1-score-mean;-1_f1-score-std;macro avg_precision-mean;macro avg_precision-std;macro avg_recall-mean;macro avg_recall-std;macro avg_f1-score-mean;macro avg_f1-score-std;weighted avg_precision-mean;weighted avg_precision-std;weighted avg_recall-mean;weighted avg_recall-std;weighted avg_f1-score-mean;weighted avg_f1-score-std;accuracy-mean;accuracy-std;time-mean;time-std
kernel:sigmoid_gamma:auto_nu:0.4;0.4539942205307135;0.01799469046731862;0.5987021879182098;0.04440526694194283;0.5161686036481943;0.027764799820771395;0.9449379081010016;0.0056240482053841875;0.9054460580912863;0.0031893068754446376;0.9247566909098677;0.002734127231078693;0.6994660643158577;0.011641706086302082;0.7520741230047481;0.02174103516115825;0.720462647279031;0.015105351061314377;0.887849357385786;0.00690689631280738;0.8697800267370353;0.004999860361738556;0.8772460562475943;0.005450543373032081;0.8697800267370353;0.004999860361738556;0.5569671392440796;0.08408929238607711
