Parameters;1_precision-mean;1_precision-std;1_recall-mean;1_recall-std;1_f1-score-mean;1_f1-score-std;0_precision-mean;0_precision-std;0_recall-mean;0_recall-std;0_f1-score-mean;0_f1-score-std;macro avg_precision-mean;macro avg_precision-std;macro avg_recall-mean;macro avg_recall-std;macro avg_f1-score-mean;macro avg_f1-score-std;weighted avg_precision-mean;weighted avg_precision-std;weighted avg_recall-mean;weighted avg_recall-std;weighted avg_f1-score-mean;weighted avg_f1-score-std;accuracy-mean;accuracy-std;time-mean;time-std
0.5_0.0001_300_128;0.9487122336172702;0.002727753452975426;0.8401970954356847;0.005773126807050347;0.8911476430700521;0.002969420653405864;0.35036176736152475;0.0075661521843896655;0.6547306339671967;0.020140942779993797;0.45635942989478834;0.009335462379527464;0.6495370004893977;0.004555040514214199;0.7474638647014407;0.008986242261046228;0.6737535364824201;0.005592631604392087;0.8791328022993345;0.002972362605938758;0.8186277117897213;0.004427885964085664;0.8405873474383189;0.003337610942398981;0.8186277117897213;0.004427885964085664;23.579658412933348;0.07052263857283511
