Parameters;1_precision-mean;1_precision-std;1_recall-mean;1_recall-std;1_f1-score-mean;1_f1-score-std;0_precision-mean;0_precision-std;0_recall-mean;0_recall-std;0_f1-score-mean;0_f1-score-std;macro avg_precision-mean;macro avg_precision-std;macro avg_recall-mean;macro avg_recall-std;macro avg_f1-score-mean;macro avg_f1-score-std;weighted avg_precision-mean;weighted avg_precision-std;weighted avg_recall-mean;weighted avg_recall-std;weighted avg_f1-score-mean;weighted avg_f1-score-std;accuracy-mean;accuracy-std;time-mean;time-std
0.2_0.0005_300_128;0.9416439215964496;0.004365814015786703;0.787759336099585;0.013951800111989297;0.8577727163894124;0.007919459838329907;0.2807836073431157;0.011500687767676527;0.6286981419812643;0.031939857087163244;0.3879454661381793;0.014101636099296459;0.6112137644697826;0.0070829064721713575;0.7082287390404247;0.013825273247727782;0.6228590912637959;0.009685815956857547;0.8647944486438777;0.004701086035992233;0.7692637565240342;0.010947544323538734;0.8031382259001474;0.008008216827117788;0.7692637565240342;0.010947544323538734;13.542063236236572;0.04591928321196085
