Parameters;1_precision-mean;1_precision-std;1_recall-mean;1_recall-std;1_f1-score-mean;1_f1-score-std;-1_precision-mean;-1_precision-std;-1_recall-mean;-1_recall-std;-1_f1-score-mean;-1_f1-score-std;macro avg_precision-mean;macro avg_precision-std;macro avg_recall-mean;macro avg_recall-std;macro avg_f1-score-mean;macro avg_f1-score-std;weighted avg_precision-mean;weighted avg_precision-std;weighted avg_recall-mean;weighted avg_recall-std;weighted avg_f1-score-mean;weighted avg_f1-score-std;accuracy-mean;accuracy-std;time-mean;time-std
kernel:sigmoid_gamma:scale_nu:0.85;0.7889716763919162;0.04809256368774275;0.15054775761725436;0.030707207646865197;0.25156817415057425;0.043688780900676655;0.8989959752653375;0.00315805852711765;0.9947095435684649;0.0014448535557244886;0.9444294324601439;0.0015549681400421477;0.8439838258286267;0.02455512526641401;0.5726286505928595;0.015028469353947296;0.597998803305359;0.02257801781784978;0.8862068359822833;0.00692491146675666;0.8965482243742413;0.0030934318339428946;0.8638632495828045;0.00633098137484669;0.8965482243742413;0.0030934318339428946;0.9359325170516968;0.010108584220468652
