Parameters;1_precision-mean;1_precision-std;1_recall-mean;1_recall-std;1_f1-score-mean;1_f1-score-std;0_precision-mean;0_precision-std;0_recall-mean;0_recall-std;0_f1-score-mean;0_f1-score-std;macro avg_precision-mean;macro avg_precision-std;macro avg_recall-mean;macro avg_recall-std;macro avg_f1-score-mean;macro avg_f1-score-std;weighted avg_precision-mean;weighted avg_precision-std;weighted avg_recall-mean;weighted avg_recall-std;weighted avg_f1-score-mean;weighted avg_f1-score-std;accuracy-mean;accuracy-std;time-mean;time-std
0.1_0.0001_300_128;0.9658419166145451;0.0035965313294109382;0.6170124481327802;0.008516970238633202;0.7529497618521823;0.006233170086386504;0.22276723296760811;0.004356197083481852;0.8340590084342224;0.01865258105709064;0.35159972849321536;0.006568451417940256;0.5943045747910767;0.0036748886888915418;0.7255357282835012;0.008966380662937394;0.5522747451726989;0.0056262787431446875;0.8794329390964684;0.0035845990772786014;0.6422522064778262;0.0071339066570652275;0.7062787321571641;0.005996728471394447;0.6422522064778262;0.0071339066570652275;14.791645193099976;0.1345688087798085
