Parameters;1_precision-mean;1_precision-std;1_recall-mean;1_recall-std;1_f1-score-mean;1_f1-score-std;-1_precision-mean;-1_precision-std;-1_recall-mean;-1_recall-std;-1_f1-score-mean;-1_f1-score-std;macro avg_precision-mean;macro avg_precision-std;macro avg_recall-mean;macro avg_recall-std;macro avg_f1-score-mean;macro avg_f1-score-std;weighted avg_precision-mean;weighted avg_precision-std;weighted avg_recall-mean;weighted avg_recall-std;weighted avg_f1-score-mean;weighted avg_f1-score-std;accuracy-mean;accuracy-std;time-mean;time-std
kernel:poly_gamma:auto_nu:0.55;0.34576578735685015;0.014220278196626085;0.4249074102891289;0.0289496138219276;0.3808515878961818;0.017032399027719112;0.9219911502916756;0.0032445723001964266;0.8940871369294605;0.008034565527274395;0.9077969703697961;0.003679986044034106;0.6338784688242629;0.008057567236907965;0.6594972736092947;0.012436225267025066;0.6443242791329891;0.00910913174131301;0.854983867569921;0.003984498957351129;0.8395292272946382;0.00573355904377638;0.8465208747307595;0.004201065084434084;0.8395292272946382;0.00573355904377638;0.43493146896362306;0.009740719414358761
