Parameters;1_precision-mean;1_precision-std;1_recall-mean;1_recall-std;1_f1-score-mean;1_f1-score-std;0_precision-mean;0_precision-std;0_recall-mean;0_recall-std;0_f1-score-mean;0_f1-score-std;macro avg_precision-mean;macro avg_precision-std;macro avg_recall-mean;macro avg_recall-std;macro avg_f1-score-mean;macro avg_f1-score-std;weighted avg_precision-mean;weighted avg_precision-std;weighted avg_recall-mean;weighted avg_recall-std;weighted avg_f1-score-mean;weighted avg_f1-score-std;accuracy-mean;accuracy-std;time-mean;time-std
0.1_0.0005_300_128;0.22258339817983605;0.03239389859180791;0.2233766233766234;0.03475087833833675;0.2209812191308714;0.02521320635066225;0.8215765114153202;0.005630525146047941;0.8182165818849796;0.03689838205995192;0.8195261932267263;0.0198998089868354;0.5220799547975783;0.0189160924309255;0.5207966026308014;0.015783229816121003;0.520253706178799;0.016824334804039796;0.7100884338943232;0.010498962633679089;0.7075083926963072;0.026596759327930142;0.7081249704611966;0.01733442894661559;0.7075083926963072;0.026596759327930142;7.9017587184906;0.0321292586246853
