Parameters;1_precision-mean;1_precision-std;1_recall-mean;1_recall-std;1_f1-score-mean;1_f1-score-std;-1_precision-mean;-1_precision-std;-1_recall-mean;-1_recall-std;-1_f1-score-mean;-1_f1-score-std;macro avg_precision-mean;macro avg_precision-std;macro avg_recall-mean;macro avg_recall-std;macro avg_f1-score-mean;macro avg_f1-score-std;weighted avg_precision-mean;weighted avg_precision-std;weighted avg_recall-mean;weighted avg_recall-std;weighted avg_f1-score-mean;weighted avg_f1-score-std;accuracy-mean;accuracy-std;time-mean;time-std
kernel:sigmoid_gamma:scale_nu:0.07;0.9839583764764139;0.0028613081831775013;0.9278340045216901;0.011864886389835658;0.9550251896552446;0.005945672317541156;0.7487655545209706;0.030566081942462714;0.9337662337662337;0.012251923548125465;0.8306477064715354;0.017711951849090895;0.8663619654986923;0.014960430842109749;0.9308001191439619;0.006571511131662825;0.8928364480633899;0.011809263746302675;0.9401852725660168;0.005521249410896472;0.9289375489817642;0.008973631013421428;0.931876389495536;0.008111503097581303;0.9289375489817642;0.008973631013421428;0.15142741203308105;0.0029263164607891685
