Parameters;1_precision-mean;1_precision-std;1_recall-mean;1_recall-std;1_f1-score-mean;1_f1-score-std;0_precision-mean;0_precision-std;0_recall-mean;0_recall-std;0_f1-score-mean;0_f1-score-std;macro avg_precision-mean;macro avg_precision-std;macro avg_recall-mean;macro avg_recall-std;macro avg_f1-score-mean;macro avg_f1-score-std;weighted avg_precision-mean;weighted avg_precision-std;weighted avg_recall-mean;weighted avg_recall-std;weighted avg_f1-score-mean;weighted avg_f1-score-std;accuracy-mean;accuracy-std;time-mean;time-std
0.1_0.0005_300_128;0.41045801762925055;0.040942953197607185;0.3259740259740259;0.05044915480403905;0.36117901394534774;0.04013255048631577;0.8528200202907833;0.007896118769516241;0.8921824219301966;0.02017903412633907;0.8718949390557524;0.009064300484990268;0.631639018960017;0.022961035777844776;0.6090782239521112;0.020776246507948192;0.6165369765005501;0.021371827728074114;0.7704843730253667;0.012470969254935717;0.7867991952369255;0.013145836750470813;0.7768389315354216;0.011433755321808521;0.7867991952369255;0.013145836750470813;22.370305800437926;1.2500846153094294
