Parameters;1_precision-mean;1_precision-std;1_recall-mean;1_recall-std;1_f1-score-mean;1_f1-score-std;0_precision-mean;0_precision-std;0_recall-mean;0_recall-std;0_f1-score-mean;0_f1-score-std;macro avg_precision-mean;macro avg_precision-std;macro avg_recall-mean;macro avg_recall-std;macro avg_f1-score-mean;macro avg_f1-score-std;weighted avg_precision-mean;weighted avg_precision-std;weighted avg_recall-mean;weighted avg_recall-std;weighted avg_f1-score-mean;weighted avg_f1-score-std;accuracy-mean;accuracy-std;time-mean;time-std
0.5_0.0005_500_128;0.1983400208768255;0.013538376314098202;0.5636363636363636;0.22292312770000342;0.2856943959784929;0.02249031748462365;0.6600574195866582;0.33014435471902687;0.47022131552917906;0.2374449355311076;0.5486148183933872;0.27530226595978247;0.4291987202317419;0.1684165593854838;0.5169288395827712;0.018427561950240846;0.41715460718594005;0.13090984321261512;0.574097877914636;0.26991242385584585;0.48758816717549225;0.15238844684277178;0.49966357844821285;0.2214850164409391;0.48758816717549225;0.15238844684277178;8.130778050422668;0.0345391375321661
