Parameters;1_precision-mean;1_precision-std;1_recall-mean;1_recall-std;1_f1-score-mean;1_f1-score-std;0_precision-mean;0_precision-std;0_recall-mean;0_recall-std;0_f1-score-mean;0_f1-score-std;macro avg_precision-mean;macro avg_precision-std;macro avg_recall-mean;macro avg_recall-std;macro avg_f1-score-mean;macro avg_f1-score-std;weighted avg_precision-mean;weighted avg_precision-std;weighted avg_recall-mean;weighted avg_recall-std;weighted avg_f1-score-mean;weighted avg_f1-score-std;accuracy-mean;accuracy-std;time-mean;time-std
0.2_0.0001_300_128;0.33760710356089707;0.037970170766571165;0.38961038961038963;0.04023878801254459;0.36057927191542705;0.031794128127214445;0.8551139328404993;0.007646039139708123;0.8235657764589515;0.0245343047344083;0.8388553892329822;0.013578303872170405;0.5963605182006981;0.02201941830348988;0.6065880830346706;0.019860748695388404;0.5997173305742046;0.02038297446941176;0.7587904002311315;0.012480357401141564;0.7427992420254764;0.018944197242984098;0.7498364787279055;0.015132242162723705;0.7427992420254764;0.018944197242984098;7.1155274391174315;0.6468229474093871
