Parameters;1_precision-mean;1_precision-std;1_recall-mean;1_recall-std;1_f1-score-mean;1_f1-score-std;0_precision-mean;0_precision-std;0_recall-mean;0_recall-std;0_f1-score-mean;0_f1-score-std;macro avg_precision-mean;macro avg_precision-std;macro avg_recall-mean;macro avg_recall-std;macro avg_f1-score-mean;macro avg_f1-score-std;weighted avg_precision-mean;weighted avg_precision-std;weighted avg_recall-mean;weighted avg_recall-std;weighted avg_f1-score-mean;weighted avg_f1-score-std;accuracy-mean;accuracy-std;time-mean;time-std
0.5_0.0005_500_128;0.19111263470416712;0.00731612552337111;0.5168831168831169;0.16353325962282797;0.27525486994946335;0.016503502717773007;0.736526353863494;0.24558635343585186;0.49782305355376577;0.16759760673976726;0.5938117474710551;0.19868533944085218;0.46381949428383057;0.12378530668920798;0.5073530852184412;0.011077613634331488;0.4345333087102593;0.09310862351917483;0.6349999492651175;0.20023863252062274;0.5013527739762081;0.10634336266466579;0.5345094716131374;0.15935285766091778;0.501352773976208;0.10634336266466578;7.7943171739578245;0.028374600313821243
