Parameters;1_precision-mean;1_precision-std;1_recall-mean;1_recall-std;1_f1-score-mean;1_f1-score-std;-1_precision-mean;-1_precision-std;-1_recall-mean;-1_recall-std;-1_f1-score-mean;-1_f1-score-std;macro avg_precision-mean;macro avg_precision-std;macro avg_recall-mean;macro avg_recall-std;macro avg_f1-score-mean;macro avg_f1-score-std;weighted avg_precision-mean;weighted avg_precision-std;weighted avg_recall-mean;weighted avg_recall-std;weighted avg_f1-score-mean;weighted avg_f1-score-std;accuracy-mean;accuracy-std;time-mean;time-std
kernel:rbf_gamma:auto_nu:0.3;0.8214689846386772;0.008872313615718882;0.6985481136074608;0.019920838981587235;0.754930773316618;0.014150966465185186;0.20361136596484192;0.020946232335411714;0.33636363636363636;0.033590953652928746;0.2534979701579662;0.02499759991142155;0.5125401753017595;0.014901548752220483;0.5174558749855486;0.020616274148754502;0.5042143717372921;0.017831716006792654;0.7064707878342557;0.01108075954921813;0.6311377805850908;0.018112734812872584;0.6616024358965558;0.014877784230416694;0.6311377805850908;0.01811273481287257;0.5899417877197266;0.10806456219412622
