Parameters;1_precision-mean;1_precision-std;1_recall-mean;1_recall-std;1_f1-score-mean;1_f1-score-std;0_precision-mean;0_precision-std;0_recall-mean;0_recall-std;0_f1-score-mean;0_f1-score-std;macro avg_precision-mean;macro avg_precision-std;macro avg_recall-mean;macro avg_recall-std;macro avg_f1-score-mean;macro avg_f1-score-std;weighted avg_precision-mean;weighted avg_precision-std;weighted avg_recall-mean;weighted avg_recall-std;weighted avg_f1-score-mean;weighted avg_f1-score-std;accuracy-mean;accuracy-std;time-mean;time-std
0.2_0.0001_300_128;0.3423453403262994;0.03192344909287764;0.4025974025974026;0.031276869035824134;0.3697816077854153;0.030500312876192644;0.8575087675730041;0.007771059250198121;0.8223920799773916;0.01593989141095014;0.8395367874332624;0.011169747699216572;0.5999270539496517;0.019685970088699375;0.6124947412873969;0.020456904944797547;0.6046591976093388;0.020302744617525237;0.7616232676080796;0.012122292494501839;0.7442572902410781;0.01641590892212051;0.752103012898138;0.014323717991959643;0.7442572902410781;0.01641590892212051;6.877350282669068;0.5983582713294774
