Parameters;1_precision-mean;1_precision-std;1_recall-mean;1_recall-std;1_f1-score-mean;1_f1-score-std;0_precision-mean;0_precision-std;0_recall-mean;0_recall-std;0_f1-score-mean;0_f1-score-std;macro avg_precision-mean;macro avg_precision-std;macro avg_recall-mean;macro avg_recall-std;macro avg_f1-score-mean;macro avg_f1-score-std;weighted avg_precision-mean;weighted avg_precision-std;weighted avg_recall-mean;weighted avg_recall-std;weighted avg_f1-score-mean;weighted avg_f1-score-std;accuracy-mean;accuracy-std;time-mean;time-std
0.1_0.0001_300_128;0.46184545469418764;0.060939655364409574;0.3350649350649351;0.03326298305159923;0.3875406193978559;0.039871573615421534;0.8567231784324078;0.0073242779663979;0.9094134167019922;0.01595864879439432;0.8822407779575652;0.010389738805105731;0.6592843165632978;0.03364539810089295;0.6222391758834638;0.02117993273575278;0.6348906986777105;0.024670910120829035;0.7832254691680653;0.016728540846848935;0.8025125451801944;0.016526185799603774;0.7901642362439721;0.015446749735674977;0.8025125451801944;0.016526185799603774;6.502153062820435;0.4186552353029767
