Parameters;1_precision-mean;1_precision-std;1_recall-mean;1_recall-std;1_f1-score-mean;1_f1-score-std;0_precision-mean;0_precision-std;0_recall-mean;0_recall-std;0_f1-score-mean;0_f1-score-std;macro avg_precision-mean;macro avg_precision-std;macro avg_recall-mean;macro avg_recall-std;macro avg_f1-score-mean;macro avg_f1-score-std;weighted avg_precision-mean;weighted avg_precision-std;weighted avg_recall-mean;weighted avg_recall-std;weighted avg_f1-score-mean;weighted avg_f1-score-std;accuracy-mean;accuracy-std;time-mean;time-std
0.1_0.0005_300_128;0.4051179849992117;0.04028580609741299;0.38311688311688313;0.030318487090724024;0.3930727481437677;0.030463344428391624;0.860489883476923;0.006578050851575554;0.8702071852479865;0.01724195056720738;0.8652521141984689;0.010355332660276084;0.6328039342380674;0.022860822385460503;0.6266620341824348;0.017985586804366294;0.6291624311711181;0.01956468557949513;0.7757314384592573;0.012248997300561048;0.7795452152858195;0.015537521787244409;0.7773654069765945;0.013386870881739397;0.7795452152858195;0.015537521787244409;23.4810329914093;0.4405789635432778
