Parameters;1_precision-mean;1_precision-std;1_recall-mean;1_recall-std;1_f1-score-mean;1_f1-score-std;-1_precision-mean;-1_precision-std;-1_recall-mean;-1_recall-std;-1_f1-score-mean;-1_f1-score-std;macro avg_precision-mean;macro avg_precision-std;macro avg_recall-mean;macro avg_recall-std;macro avg_f1-score-mean;macro avg_f1-score-std;weighted avg_precision-mean;weighted avg_precision-std;weighted avg_recall-mean;weighted avg_recall-std;weighted avg_f1-score-mean;weighted avg_f1-score-std;accuracy-mean;accuracy-std;time-mean;time-std
kernel:sigmoid_gamma:scale_nu:0.03;0.9996969696969696;0.0009090909090909149;0.9694114737883284;0.005935906281823084;0.9843108363271206;0.00292019767108649;0.8823674641917076;0.020084336457729463;0.9987012987012986;0.003896103896103898;0.9367971080483887;0.010813497240430065;0.9410322169443386;0.0098822394856114;0.9840563862448135;0.0028558405226538157;0.9605539721877545;0.00686623358953985;0.9778602776039996;0.0035225334995371035;0.9748628510603456;0.0046031989631061246;0.9754679460932806;0.0043857350252829155;0.9748628510603456;0.0046031989631061246;0.10253021717071534;0.0019879412738145383
