Parameters;1_precision-mean;1_precision-std;1_recall-mean;1_recall-std;1_f1-score-mean;1_f1-score-std;-1_precision-mean;-1_precision-std;-1_recall-mean;-1_recall-std;-1_f1-score-mean;-1_f1-score-std;macro avg_precision-mean;macro avg_precision-std;macro avg_recall-mean;macro avg_recall-std;macro avg_f1-score-mean;macro avg_f1-score-std;weighted avg_precision-mean;weighted avg_precision-std;weighted avg_recall-mean;weighted avg_recall-std;weighted avg_f1-score-mean;weighted avg_f1-score-std;accuracy-mean;accuracy-std;time-mean;time-std
kernel:rbf_gamma:scale_nu:0.2;0.8527141530577012;0.012972700720027703;0.7897175710046629;0.02427132755467133;0.8198928312124835;0.017595059689865144;0.30670105607097753;0.04395389623237088;0.4038961038961039;0.05078237609355104;0.3481896663159452;0.045461485350039604;0.5797076045643393;0.02824701554212687;0.5968068374503834;0.032576419417066134;0.5840412487642144;0.030643687194012562;0.7510838381031812;0.01861206081890531;0.717899544981343;0.02538782853761117;0.7320919912329785;0.02208739042665162;0.717899544981343;0.02538782853761117;0.3609407901763916;0.006887808752413689
