Parameters;1_precision-mean;1_precision-std;1_recall-mean;1_recall-std;1_f1-score-mean;1_f1-score-std;-1_precision-mean;-1_precision-std;-1_recall-mean;-1_recall-std;-1_f1-score-mean;-1_f1-score-std;macro avg_precision-mean;macro avg_precision-std;macro avg_recall-mean;macro avg_recall-std;macro avg_f1-score-mean;macro avg_f1-score-std;weighted avg_precision-mean;weighted avg_precision-std;weighted avg_recall-mean;weighted avg_recall-std;weighted avg_f1-score-mean;weighted avg_f1-score-std;accuracy-mean;accuracy-std;time-mean;time-std
kernel:sigmoid_gamma:scale_nu:0.35;0.8318275818510019;0.009758229241570184;0.6507179949130987;0.02588071892655454;0.7299442346097629;0.017457119821786934;0.21776581827086425;0.016848749013759518;0.4246753246753247;0.04025974025974025;0.2875915090820363;0.022023419856194135;0.524796700060933;0.013203019522137977;0.5376966597942117;0.020080850410023724;0.5087678718458996;0.016341875950730698;0.7175343509847607;0.011074790587555753;0.6086441847679873;0.019952401487087396;0.647610216398155;0.016193225298725113;0.6086441847679873;0.019952401487087396;0.7073519706726075;0.023209769343236736
