Parameters;1_precision-mean;1_precision-std;1_recall-mean;1_recall-std;1_f1-score-mean;1_f1-score-std;-1_precision-mean;-1_precision-std;-1_recall-mean;-1_recall-std;-1_f1-score-mean;-1_f1-score-std;macro avg_precision-mean;macro avg_precision-std;macro avg_recall-mean;macro avg_recall-std;macro avg_f1-score-mean;macro avg_f1-score-std;weighted avg_precision-mean;weighted avg_precision-std;weighted avg_recall-mean;weighted avg_recall-std;weighted avg_f1-score-mean;weighted avg_f1-score-std;accuracy-mean;accuracy-std;time-mean;time-std
kernel:rbf_gamma:scale_nu:0.25;0.8375129846066652;0.011749110975593014;0.7422053836371345;0.03122261019011173;0.7867889366980143;0.021804497793869036;0.25019677839403043;0.037214649348645386;0.37142857142857144;0.03636363636363636;0.29843536649447977;0.03634302921735494;0.5438548815003479;0.0243550845784134;0.556816977532853;0.02929176026460248;0.5426121515962471;0.028304035238014197;0.7281981345969842;0.0163815744750544;0.6731930846521857;0.029384405746775547;0.6958931509669073;0.02395832162463847;0.6731930846521857;0.029384405746775547;0.4350327968597412;0.010100561100347825
