Parameters;1_precision-mean;1_precision-std;1_recall-mean;1_recall-std;1_f1-score-mean;1_f1-score-std;-1_precision-mean;-1_precision-std;-1_recall-mean;-1_recall-std;-1_f1-score-mean;-1_f1-score-std;macro avg_precision-mean;macro avg_precision-std;macro avg_recall-mean;macro avg_recall-std;macro avg_f1-score-mean;macro avg_f1-score-std;weighted avg_precision-mean;weighted avg_precision-std;weighted avg_recall-mean;weighted avg_recall-std;weighted avg_f1-score-mean;weighted avg_f1-score-std;accuracy-mean;accuracy-std;time-mean;time-std
kernel:sigmoid_gamma:scale_nu:0.3;0.8292482109852812;0.010178119554083568;0.7006014200932599;0.030759078262253055;0.7592699152230483;0.021717536078792392;0.22156099051485487;0.023588223151698565;0.37012987012987014;0.030869777464947304;0.2768341563063248;0.025696648668103828;0.5254046007500681;0.016861491398974825;0.535365645111565;0.023332124695600556;0.5180520357646865;0.02197651589865206;0.7161411207165951;0.012705801785116258;0.6390953433694775;0.026522871415680768;0.6694771289009191;0.021413251196738207;0.6390953433694775;0.026522871415680768;0.6177675724029541;0.014575859412968477
