Parameters;1_precision-mean;1_precision-std;1_recall-mean;1_recall-std;1_f1-score-mean;1_f1-score-std;0_precision-mean;0_precision-std;0_recall-mean;0_recall-std;0_f1-score-mean;0_f1-score-std;macro avg_precision-mean;macro avg_precision-std;macro avg_recall-mean;macro avg_recall-std;macro avg_f1-score-mean;macro avg_f1-score-std;weighted avg_precision-mean;weighted avg_precision-std;weighted avg_recall-mean;weighted avg_recall-std;weighted avg_f1-score-mean;weighted avg_f1-score-std;accuracy-mean;accuracy-std;time-mean;time-std
0.1_0.0005_300_128;0.37734833902544546;0.04729526374251268;0.2987012987012987;0.02785403972665873;0.3326497446325059;0.03239637022870813;0.8466381721969295;0.006574063813660182;0.8856559983043664;0.01864389243348581;0.8656430197915146;0.011387438415533668;0.6119932556111873;0.02660603807977549;0.5921786485028325;0.018694434693816486;0.5991463822120101;0.021123792083927284;0.7592899814779721;0.013799411891051995;0.7764057035243476;0.017297769445327054;0.7664370620697614;0.014652656151849842;0.7764057035243476;0.017297769445327054;22.085762453079223;0.30587841289540835
