Parameters;1_precision-mean;1_precision-std;1_recall-mean;1_recall-std;1_f1-score-mean;1_f1-score-std;-1_precision-mean;-1_precision-std;-1_recall-mean;-1_recall-std;-1_f1-score-mean;-1_f1-score-std;macro avg_precision-mean;macro avg_precision-std;macro avg_recall-mean;macro avg_recall-std;macro avg_f1-score-mean;macro avg_f1-score-std;weighted avg_precision-mean;weighted avg_precision-std;weighted avg_recall-mean;weighted avg_recall-std;weighted avg_f1-score-mean;weighted avg_f1-score-std;accuracy-mean;accuracy-std;time-mean;time-std
kernel:sigmoid_gamma:scale_nu:0.25;0.8231218097486096;0.009287650451932528;0.7484209410767274;0.024198106477857216;0.7838778759047806;0.01677263225906247;0.2139579740849075;0.02635832354167225;0.29740259740259745;0.02987012987012988;0.24858217685316014;0.02737637623318419;0.5185398919167585;0.017811388155504815;0.5229117692396623;0.02244094587535175;0.5162300263789704;0.020907681084876603;0.7097387675759773;0.012534958841774515;0.6644752079166227;0.022421264301563576;0.6842446856605087;0.01798932001199598;0.6644752079166227;0.022421264301563576;0.527886939048767;0.007182522534507007
