Parameters;1_precision-mean;1_precision-std;1_recall-mean;1_recall-std;1_f1-score-mean;1_f1-score-std;-1_precision-mean;-1_precision-std;-1_recall-mean;-1_recall-std;-1_f1-score-mean;-1_f1-score-std;macro avg_precision-mean;macro avg_precision-std;macro avg_recall-mean;macro avg_recall-std;macro avg_f1-score-mean;macro avg_f1-score-std;weighted avg_precision-mean;weighted avg_precision-std;weighted avg_recall-mean;weighted avg_recall-std;weighted avg_f1-score-mean;weighted avg_f1-score-std;accuracy-mean;accuracy-std;time-mean;time-std
kernel:poly_gamma:scale_nu:0.04;0.9949005159169279;0.004045814273276363;0.9180346545146248;0.01779653751809628;0.9548130732306571;0.008959583217518247;0.7346720634653265;0.04185450723229918;0.9792207792207792;0.016631491525799614;0.8386185432559895;0.025317472660670127;0.8647862896911273;0.020246164716582457;0.948627716867702;0.008938737507931662;0.8967158082433231;0.017114278778198495;0.9464678836537448;0.0072054947967817315;0.9294212256260893;0.013342099805966132;0.9331871214046725;0.011977325745539462;0.9294212256260893;0.013342099805966132;0.07400343418121338;0.0039671403235610955
