Parameters;1_precision-mean;1_precision-std;1_recall-mean;1_recall-std;1_f1-score-mean;1_f1-score-std;0_precision-mean;0_precision-std;0_recall-mean;0_recall-std;0_f1-score-mean;0_f1-score-std;macro avg_precision-mean;macro avg_precision-std;macro avg_recall-mean;macro avg_recall-std;macro avg_f1-score-mean;macro avg_f1-score-std;weighted avg_precision-mean;weighted avg_precision-std;weighted avg_recall-mean;weighted avg_recall-std;weighted avg_f1-score-mean;weighted avg_f1-score-std;accuracy-mean;accuracy-std;time-mean;time-std
0.1_0.0005_300_128;0.8193560776689258;0.014354456660100842;0.92797783933518;0.013627007065095691;0.870159487452517;0.009356930829269066;0.9523527459633613;0.008328397101321008;0.8751184996125974;0.012620917734043013;0.9120275837407414;0.007198863502064581;0.8858544118161437;0.00805114356907572;0.9015481694738886;0.007900239699319802;0.8910935355966293;0.008204051837490383;0.902003106720606;0.007272283010554778;0.8951302408151681;0.00809453099739233;0.8961773887846682;0.007951940595027013;0.8951302408151681;0.00809453099739233;11.887988305091858;0.20057350765164866
