Parameters;1_precision-mean;1_precision-std;1_recall-mean;1_recall-std;1_f1-score-mean;1_f1-score-std;-1_precision-mean;-1_precision-std;-1_recall-mean;-1_recall-std;-1_f1-score-mean;-1_f1-score-std;macro avg_precision-mean;macro avg_precision-std;macro avg_recall-mean;macro avg_recall-std;macro avg_f1-score-mean;macro avg_f1-score-std;weighted avg_precision-mean;weighted avg_precision-std;weighted avg_recall-mean;weighted avg_recall-std;weighted avg_f1-score-mean;weighted avg_f1-score-std;accuracy-mean;accuracy-std;time-mean;time-std
kernel:linear_gamma:scale_nu:0.25;0.7024385539358814;0.005609604162939571;0.7462034547194749;0.014836371943031218;0.7236117188708671;0.009086544875573897;0.5362762630903524;0.014770946761264404;0.4811634349030471;0.011083794472987563;0.5070996532350025;0.009930535843247514;0.6193574085131168;0.009897903596328445;0.613683444811261;0.00848246046014365;0.6153556860529348;0.008807180696713122;0.6395353854505064;0.008773346734310126;0.6458678431346669;0.009469258211531533;0.6416474625649283;0.008744286710394676;0.6458678431346669;0.009469258211531533;0.8699300527572632;0.0241467058507931
