Parameters;1_precision-mean;1_precision-std;1_recall-mean;1_recall-std;1_f1-score-mean;1_f1-score-std;0_precision-mean;0_precision-std;0_recall-mean;0_recall-std;0_f1-score-mean;0_f1-score-std;macro avg_precision-mean;macro avg_precision-std;macro avg_recall-mean;macro avg_recall-std;macro avg_f1-score-mean;macro avg_f1-score-std;weighted avg_precision-mean;weighted avg_precision-std;weighted avg_recall-mean;weighted avg_recall-std;weighted avg_f1-score-mean;weighted avg_f1-score-std;accuracy-mean;accuracy-std;time-mean;time-std
0.1_0.0005_300_128;0.8045301556108416;0.017847083426659954;0.6941828254847645;0.036270110367496736;0.7447114913545916;0.02415079873493623;0.8283879547304078;0.015440966535485165;0.8970597283624263;0.012387857297979397;0.8612126698343822;0.009106591928598733;0.8164590551706249;0.013026245893185151;0.7956212769235955;0.0169525130942655;0.8029620805944869;0.01630268398455974;0.8193555514769744;0.012898984437409763;0.8202555760139557;0.013172439476043457;0.8171079022871754;0.014473609753560893;0.8202555760139557;0.013172439476043457;7.02469425201416;0.37352406346268385
