Parameters;1_precision-mean;1_precision-std;1_recall-mean;1_recall-std;1_f1-score-mean;1_f1-score-std;0_precision-mean;0_precision-std;0_recall-mean;0_recall-std;0_f1-score-mean;0_f1-score-std;macro avg_precision-mean;macro avg_precision-std;macro avg_recall-mean;macro avg_recall-std;macro avg_f1-score-mean;macro avg_f1-score-std;weighted avg_precision-mean;weighted avg_precision-std;weighted avg_recall-mean;weighted avg_recall-std;weighted avg_f1-score-mean;weighted avg_f1-score-std;accuracy-mean;accuracy-std;time-mean;time-std
0.1_0.0005_300_128;0.9317098054717524;0.018613512889806887;0.807202216066482;0.01582588017405619;0.8648091051409956;0.0114355211606006;0.8914414128404047;0.007813416341919914;0.9637146210291236;0.010882153711593564;0.9261199953018681;0.0063889994322231065;0.9115756091560785;0.010155079060997394;0.8854584185478027;0.008683953973231719;0.8954645502214319;0.008841337873896038;0.9066840490491865;0.008621340370483892;0.9044651008291152;0.008129256732377573;0.9029094107600472;0.008234439076377737;0.9044651008291152;0.008129256732377573;25.726712656021117;0.6646458399685371
