Parameters;1_precision-mean;1_precision-std;1_recall-mean;1_recall-std;1_f1-score-mean;1_f1-score-std;-1_precision-mean;-1_precision-std;-1_recall-mean;-1_recall-std;-1_f1-score-mean;-1_f1-score-std;macro avg_precision-mean;macro avg_precision-std;macro avg_recall-mean;macro avg_recall-std;macro avg_f1-score-mean;macro avg_f1-score-std;weighted avg_precision-mean;weighted avg_precision-std;weighted avg_recall-mean;weighted avg_recall-std;weighted avg_f1-score-mean;weighted avg_f1-score-std;accuracy-mean;accuracy-std;time-mean;time-std
kernel:sigmoid_gamma:auto_nu:0.03;0.8560961216120464;0.048878287022562875;0.6857891618431247;0.03408044090953186;0.7605440088093985;0.0301189663831074;0.6096587804543034;0.03684735595258406;0.8066481994459833;0.07656461589499747;0.693643238203135;0.04811650286492553;0.7328774510331749;0.039953321322276455;0.7462186806445541;0.042189379633490655;0.7270936235062668;0.03799400280224239;0.7627994228165926;0.04165465225561532;0.7315534525200129;0.03622016577319745;0.7352211619683974;0.03580292844637639;0.7315534525200129;0.03622016577319745;0.19421637058258057;0.007743050825344963
