Parameters;1_precision-mean;1_precision-std;1_recall-mean;1_recall-std;1_f1-score-mean;1_f1-score-std;0_precision-mean;0_precision-std;0_recall-mean;0_recall-std;0_f1-score-mean;0_f1-score-std;macro avg_precision-mean;macro avg_precision-std;macro avg_recall-mean;macro avg_recall-std;macro avg_f1-score-mean;macro avg_f1-score-std;weighted avg_precision-mean;weighted avg_precision-std;weighted avg_recall-mean;weighted avg_recall-std;weighted avg_f1-score-mean;weighted avg_f1-score-std;accuracy-mean;accuracy-std;time-mean;time-std
0.01_0.0005_300_128;0.9634282978356138;0.009422413568131846;0.5476454293628809;0.037412533589700224;0.6975964220001737;0.03123849058894288;0.7820527528251856;0.014066133678921672;0.9873436146939518;0.003311542904444352;0.8727158455164062;0.008825848575397774;0.8727405253303997;0.009278798687184425;0.7674945220284164;0.018646806885272742;0.7851561337582899;0.020005144697923607;0.8507159019661081;0.010121134289745693;0.8208865966681405;0.014180628662345283;0.8064201299527014;0.017294775338710357;0.8208865966681405;0.014180628662345283;12.282979369163513;0.06995899694061748
