Parameters;1_precision-mean;1_precision-std;1_recall-mean;1_recall-std;1_f1-score-mean;1_f1-score-std;-1_precision-mean;-1_precision-std;-1_recall-mean;-1_recall-std;-1_f1-score-mean;-1_f1-score-std;macro avg_precision-mean;macro avg_precision-std;macro avg_recall-mean;macro avg_recall-std;macro avg_f1-score-mean;macro avg_f1-score-std;weighted avg_precision-mean;weighted avg_precision-std;weighted avg_recall-mean;weighted avg_recall-std;weighted avg_f1-score-mean;weighted avg_f1-score-std;accuracy-mean;accuracy-std;time-mean;time-std
kernel:poly_gamma:scale_nu:0.15;0.8654596819234304;0.00850111186905691;0.8194444760949819;0.02301144868684738;0.841672312998076;0.013758432152452225;0.7282626996319029;0.02605218816917275;0.7908587257617727;0.014723193646446897;0.7579821951564549;0.01583640950907625;0.7968611907776666;0.015324230888210761;0.8051516009283775;0.013095054526816374;0.7998272540772654;0.014621527368118356;0.8135227117602384;0.013013106814468581;0.808622225741947;0.01487440144579349;0.8099903358123806;0.01437220678130288;0.808622225741947;0.01487440144579349;0.6196760654449462;0.025211047584776387
