Parameters;1_precision-mean;1_precision-std;1_recall-mean;1_recall-std;1_f1-score-mean;1_f1-score-std;0_precision-mean;0_precision-std;0_recall-mean;0_recall-std;0_f1-score-mean;0_f1-score-std;macro avg_precision-mean;macro avg_precision-std;macro avg_recall-mean;macro avg_recall-std;macro avg_f1-score-mean;macro avg_f1-score-std;weighted avg_precision-mean;weighted avg_precision-std;weighted avg_recall-mean;weighted avg_recall-std;weighted avg_f1-score-mean;weighted avg_f1-score-std;accuracy-mean;accuracy-std;time-mean;time-std
0.1_0.0005_300_128;0.8278246998734762;0.022758945860833015;0.951246537396122;0.018672908084601342;0.8848225518794516;0.008529327359563323;0.9676520592485675;0.011346599704647638;0.8786663666195708;0.020774974857030403;0.920755361410395;0.007973585088453475;0.8977383795610219;0.00815882998622193;0.9149564520078461;0.006225146948151658;0.9027889566449232;0.008138147185987423;0.9147168826624716;0.005868758898502643;0.9061444495040487;0.00833405110015456;0.907152557432698;0.008077234230767996;0.9061444495040487;0.00833405110015456;11.917630553245544;0.21213504578519302
