Parameters;1_precision-mean;1_precision-std;1_recall-mean;1_recall-std;1_f1-score-mean;1_f1-score-std;0_precision-mean;0_precision-std;0_recall-mean;0_recall-std;0_f1-score-mean;0_f1-score-std;macro avg_precision-mean;macro avg_precision-std;macro avg_recall-mean;macro avg_recall-std;macro avg_f1-score-mean;macro avg_f1-score-std;weighted avg_precision-mean;weighted avg_precision-std;weighted avg_recall-mean;weighted avg_recall-std;weighted avg_f1-score-mean;weighted avg_f1-score-std;accuracy-mean;accuracy-std;time-mean;time-std
0.1_0.0005_300_128;0.939773184498587;0.01140747449632276;0.8105263157894737;0.01523293859819117;0.870266214658713;0.009982140100202914;0.8935576496389274;0.00755777478306201;0.9682740075657443;0.006494328005338024;0.9293886627250082;0.004997470267930907;0.9166654170687571;0.007024981408345616;0.889400161677609;0.007914795020081173;0.8998274386918608;0.007451100750957845;0.9110525824311931;0.0065656226624610315;0.9085568908511353;0.006631897725092877;0.9070070147175346;0.00684530238283462;0.9085568908511353;0.006631897725092877;24.923966908454894;0.19522134255976892
