Parameters;1_precision-mean;1_precision-std;1_recall-mean;1_recall-std;1_f1-score-mean;1_f1-score-std;-1_precision-mean;-1_precision-std;-1_recall-mean;-1_recall-std;-1_f1-score-mean;-1_f1-score-std;macro avg_precision-mean;macro avg_precision-std;macro avg_recall-mean;macro avg_recall-std;macro avg_f1-score-mean;macro avg_f1-score-std;weighted avg_precision-mean;weighted avg_precision-std;weighted avg_recall-mean;weighted avg_recall-std;weighted avg_f1-score-mean;weighted avg_f1-score-std;accuracy-mean;accuracy-std;time-mean;time-std
kernel:poly_gamma:scale_nu:0.15;0.8312403078662098;0.006248433824171377;0.8332793058657308;0.013620998780411639;0.832179709636619;0.0068134309202464785;0.7255597354548149;0.014729348368579503;0.7221606648199447;0.013797683551703351;0.7236728073518728;0.008277482119128234;0.7784000216605124;0.008001918944712184;0.7777199853428376;0.006722691566864983;0.7779262584942458;0.007132288633926412;0.7912341752798281;0.00680160396846826;0.7912120172202535;0.00728109368915317;0.7911023744117732;0.006971526580854246;0.7912120172202535;0.00728109368915317;0.6009400606155395;0.009904399454097575
