Parameters;1_precision-mean;1_precision-std;1_recall-mean;1_recall-std;1_f1-score-mean;1_f1-score-std;-1_precision-mean;-1_precision-std;-1_recall-mean;-1_recall-std;-1_f1-score-mean;-1_f1-score-std;macro avg_precision-mean;macro avg_precision-std;macro avg_recall-mean;macro avg_recall-std;macro avg_f1-score-mean;macro avg_f1-score-std;weighted avg_precision-mean;weighted avg_precision-std;weighted avg_recall-mean;weighted avg_recall-std;weighted avg_f1-score-mean;weighted avg_f1-score-std;accuracy-mean;accuracy-std;time-mean;time-std
kernel:poly_gamma:scale_nu:0.025;0.9961253422665577;0.0029090716677366065;0.9490403240508636;0.01445994139722995;0.9719466655855845;0.007315064966370197;0.9228281591382006;0.01969933730373659;0.9939058171745151;0.004602007680287026;0.9569174550445441;0.01019895727566193;0.9594767507023793;0.009469799639089137;0.9714730706126895;0.006771467722650743;0.9644320603150642;0.00875550973843612;0.9683785742892834;0.007068210055486236;0.9660237669414252;0.008531766929190276;0.9662571197895826;0.008404942745708134;0.9660237669414252;0.008531766929190276;0.12335195541381835;0.004386836947085302
