Parameters;1_precision-mean;1_precision-std;1_recall-mean;1_recall-std;1_f1-score-mean;1_f1-score-std;0_precision-mean;0_precision-std;0_recall-mean;0_recall-std;0_f1-score-mean;0_f1-score-std;macro avg_precision-mean;macro avg_precision-std;macro avg_recall-mean;macro avg_recall-std;macro avg_f1-score-mean;macro avg_f1-score-std;weighted avg_precision-mean;weighted avg_precision-std;weighted avg_recall-mean;weighted avg_recall-std;weighted avg_f1-score-mean;weighted avg_f1-score-std;accuracy-mean;accuracy-std;time-mean;time-std
0.1_0.0005_300_128;0.8950507105111584;0.01852448827111027;0.7609418282548477;0.01610702688100456;0.822442669852294;0.013978708870394069;0.866575828983511;0.008205264775860201;0.9454913176245385;0.010448501333001623;0.9042852666746883;0.007671802040909065;0.8808132697473348;0.011730411867269608;0.8532165729396931;0.01052912236688811;0.863363968263491;0.010765282622292751;0.8773542046841184;0.010396163204151732;0.8756282158735186;0.009853284656205377;0.8733024378099563;0.010001840899453163;0.8756282158735186;0.009853284656205377;33.50256669521332;1.1354855887823836
