Parameters;1_precision-mean;1_precision-std;1_recall-mean;1_recall-std;1_f1-score-mean;1_f1-score-std;0_precision-mean;0_precision-std;0_recall-mean;0_recall-std;0_f1-score-mean;0_f1-score-std;macro avg_precision-mean;macro avg_precision-std;macro avg_recall-mean;macro avg_recall-std;macro avg_f1-score-mean;macro avg_f1-score-std;weighted avg_precision-mean;weighted avg_precision-std;weighted avg_recall-mean;weighted avg_recall-std;weighted avg_f1-score-mean;weighted avg_f1-score-std;accuracy-mean;accuracy-std;time-mean;time-std
0.1_0.0005_300_128;0.8162700025306455;0.01652908706147731;0.795567867036011;0.045395568810241545;0.805217570697712;0.029101269935065562;0.8779875010820805;0.022242559822598186;0.8909920354587303;0.01077607278589998;0.8842517351578243;0.012429120357118038;0.8471287518063628;0.016853708951205623;0.8432799512473708;0.02260554398502535;0.8447346529277683;0.02063678935859679;0.854625047559229;0.01779929168788168;0.8548642596148982;0.01758898694371003;0.854331128330758;0.01861316749621629;0.8548642596148982;0.01758898694371003;7.962082147598267;0.4961730590072614
