Parameters;1_precision-mean;1_precision-std;1_recall-mean;1_recall-std;1_f1-score-mean;1_f1-score-std;-1_precision-mean;-1_precision-std;-1_recall-mean;-1_recall-std;-1_f1-score-mean;-1_f1-score-std;macro avg_precision-mean;macro avg_precision-std;macro avg_recall-mean;macro avg_recall-std;macro avg_f1-score-mean;macro avg_f1-score-std;weighted avg_precision-mean;weighted avg_precision-std;weighted avg_recall-mean;weighted avg_recall-std;weighted avg_f1-score-mean;weighted avg_f1-score-std;accuracy-mean;accuracy-std;time-mean;time-std
kernel:poly_gamma:scale_nu:0.02;0.9941753401333177;0.0028404922098912975;0.94802965908573;0.009574714041498606;0.9705240096673577;0.0048785719974498406;0.9209281141867518;0.013264303171450624;0.9908587257617729;0.0044752062109150986;0.9545524546097806;0.0069603412573925145;0.9575517271600347;0.006463860519333324;0.9694441924237515;0.004715114657370796;0.9625382321385689;0.005917698925878774;0.9664478335258926;0.00492765775133506;0.9642422362571248;0.00574194402054873;0.9644779281370635;0.005663213622233831;0.9642422362571248;0.00574194402054873;0.11657283306121827;0.00513806901177985
