Parameters;1_precision-mean;1_precision-std;1_recall-mean;1_recall-std;1_f1-score-mean;1_f1-score-std;-1_precision-mean;-1_precision-std;-1_recall-mean;-1_recall-std;-1_f1-score-mean;-1_f1-score-std;macro avg_precision-mean;macro avg_precision-std;macro avg_recall-mean;macro avg_recall-std;macro avg_f1-score-mean;macro avg_f1-score-std;weighted avg_precision-mean;weighted avg_precision-std;weighted avg_recall-mean;weighted avg_recall-std;weighted avg_f1-score-mean;weighted avg_f1-score-std;accuracy-mean;accuracy-std;time-mean;time-std
kernel:poly_gamma:scale_nu:0.02;0.994518073189159;0.00235344858590372;0.9765441980766602;0.006055115015347894;0.9854327982508273;0.002316093818996018;0.9627200694817061;0.009222458230958188;0.9911357340720223;0.003878116343490304;0.976681064133713;0.0035015873354797837;0.9786190713354326;0.0037894774083533046;0.9838399660743411;0.00196282318312167;0.9810569311922702;0.002908492035365987;0.9824803811351348;0.002552984141437774;0.9820682122658008;0.0027900112333563063;0.9821197436545089;0.0027641384076996984;0.9820682122658008;0.0027900112333563063;0.09231331348419189;0.0038766587988542257
