Parameters;1_precision-mean;1_precision-std;1_recall-mean;1_recall-std;1_f1-score-mean;1_f1-score-std;0_precision-mean;0_precision-std;0_recall-mean;0_recall-std;0_f1-score-mean;0_f1-score-std;macro avg_precision-mean;macro avg_precision-std;macro avg_recall-mean;macro avg_recall-std;macro avg_f1-score-mean;macro avg_f1-score-std;weighted avg_precision-mean;weighted avg_precision-std;weighted avg_recall-mean;weighted avg_recall-std;weighted avg_f1-score-mean;weighted avg_f1-score-std;accuracy-mean;accuracy-std;time-mean;time-std
0.2_0.0001_300_128;0.6640618518990904;0.013536764008771933;0.6376731301939058;0.014647428328423593;0.6504442718933958;0.009960140650724533;0.7844899931705246;0.006372088104154078;0.8032336721206873;0.012750211436156905;0.7936916570154724;0.007176537829000695;0.7242759225348074;0.008554152898663722;0.7204534011572966;0.007820022273338023;0.7220679644544342;0.007970379255565456;0.7388985399831072;0.007626888693999438;0.7405613081057061;0.007903046494735297;0.7394639920316554;0.00764748183122619;0.7405613081057061;0.007903046494735302;6.4707056999206545;0.4063644097641362
