Parameters;1_precision-mean;1_precision-std;1_recall-mean;1_recall-std;1_f1-score-mean;1_f1-score-std;-1_precision-mean;-1_precision-std;-1_recall-mean;-1_recall-std;-1_f1-score-mean;-1_f1-score-std;macro avg_precision-mean;macro avg_precision-std;macro avg_recall-mean;macro avg_recall-std;macro avg_f1-score-mean;macro avg_f1-score-std;weighted avg_precision-mean;weighted avg_precision-std;weighted avg_recall-mean;weighted avg_recall-std;weighted avg_f1-score-mean;weighted avg_f1-score-std;accuracy-mean;accuracy-std;time-mean;time-std
kernel:linear_gamma:scale_nu:0.01;0.9017823417444912;0.029202260364526736;0.6754902351761543;0.04124980167465393;0.7718991320927585;0.03394881819740473;0.6237670403562793;0.035635416705922116;0.8792243767313019;0.036940904328353806;0.729440749715644;0.03387303942220323;0.7627746910503853;0.030282967720395685;0.7773573059537281;0.03276912979947017;0.7506699409042012;0.03352312768657129;0.7965352721419218;0.02959625385482729;0.752616255408827;0.03378419340143463;0.7558254537792622;0.033559399672924387;0.752616255408827;0.03378419340143463;0.1751781702041626;0.037123139114207636
