Parameters;1_precision-mean;1_precision-std;1_recall-mean;1_recall-std;1_f1-score-mean;1_f1-score-std;-1_precision-mean;-1_precision-std;-1_recall-mean;-1_recall-std;-1_f1-score-mean;-1_f1-score-std;macro avg_precision-mean;macro avg_precision-std;macro avg_recall-mean;macro avg_recall-std;macro avg_f1-score-mean;macro avg_f1-score-std;weighted avg_precision-mean;weighted avg_precision-std;weighted avg_recall-mean;weighted avg_recall-std;weighted avg_f1-score-mean;weighted avg_f1-score-std;accuracy-mean;accuracy-std;time-mean;time-std
kernel:linear_gamma:scale_nu:0.02;0.8877875482916012;0.021519808167427407;0.6749960120322684;0.04486515172791549;0.7661458622618083;0.03242265941797797;0.6186639255285433;0.03417952907674957;0.8598337950138504;0.028952338239233058;0.7190175863184869;0.0274476434265922;0.7532257369100723;0.02452349838891108;0.7674149035230594;0.02689546940126085;0.7425817242901476;0.02940615939408349;0.7859088426456257;0.023005213544013137;0.7449645937687672;0.030120250991279615;0.74830355420878;0.030053345405689498;0.7449645937687672;0.030120250991279615;0.33407208919525144;0.06045552697886101
