Parameters;1_precision-mean;1_precision-std;1_recall-mean;1_recall-std;1_f1-score-mean;1_f1-score-std;0_precision-mean;0_precision-std;0_recall-mean;0_recall-std;0_f1-score-mean;0_f1-score-std;macro avg_precision-mean;macro avg_precision-std;macro avg_recall-mean;macro avg_recall-std;macro avg_f1-score-mean;macro avg_f1-score-std;weighted avg_precision-mean;weighted avg_precision-std;weighted avg_recall-mean;weighted avg_recall-std;weighted avg_f1-score-mean;weighted avg_f1-score-std;accuracy-mean;accuracy-std;time-mean;time-std
0.1_0.0005_300_128;0.9764002963269913;0.009888878979154655;0.9853333333333334;0.010289632802480199;0.9807555532797163;0.003641384426217754;0.981555875703501;0.01260814708885624;0.9697006892644697;0.013281490079580127;0.9754413168392236;0.004696728096936188;0.9789780860152462;0.0041929099999455325;0.9775170112989015;0.0043827857183432704;0.97809843505947;0.004160029086823011;0.97867910450145;0.003940120985171922;0.9784237487739107;0.004091097014959866;0.9784067124672202;0.004097652959002983;0.9784237487739107;0.004091097014959866;24.572513771057128;1.639120502963343
