Parameters;1_precision-mean;1_precision-std;1_recall-mean;1_recall-std;1_f1-score-mean;1_f1-score-std;-1_precision-mean;-1_precision-std;-1_recall-mean;-1_recall-std;-1_f1-score-mean;-1_f1-score-std;macro avg_precision-mean;macro avg_precision-std;macro avg_recall-mean;macro avg_recall-std;macro avg_f1-score-mean;macro avg_f1-score-std;weighted avg_precision-mean;weighted avg_precision-std;weighted avg_recall-mean;weighted avg_recall-std;weighted avg_f1-score-mean;weighted avg_f1-score-std;accuracy-mean;accuracy-std;time-mean;time-std
kernel:sigmoid_gamma:scale_nu:0.6;0.9925737905883028;0.007536970663534143;0.4008419097976269;0.012759079534472152;0.5709023826489645;0.012175321113676389;0.6776189452863377;0.004317309693328674;0.9975555555555555;0.002523959264800138;0.8070224966600703;0.002654506526046969;0.8350963679373201;0.0030774057365985166;0.6991987326765913;0.005620579157247026;0.6889624396545175;0.007375463920247932;0.8168397780224756;0.0027652824720819425;0.7337881010143872;0.004825096549087677;0.7026495575118015;0.006823818040764771;0.7337881010143872;0.004825096549087677;1.3124040126800538;0.013723065345237616
