Parameters;1_precision-mean;1_precision-std;1_recall-mean;1_recall-std;1_f1-score-mean;1_f1-score-std;0_precision-mean;0_precision-std;0_recall-mean;0_recall-std;0_f1-score-mean;0_f1-score-std;macro avg_precision-mean;macro avg_precision-std;macro avg_recall-mean;macro avg_recall-std;macro avg_f1-score-mean;macro avg_f1-score-std;weighted avg_precision-mean;weighted avg_precision-std;weighted avg_recall-mean;weighted avg_recall-std;weighted avg_f1-score-mean;weighted avg_f1-score-std;accuracy-mean;accuracy-std;time-mean;time-std
0.2_0.0001_300_128;0.9661748224731458;0.00863658066792832;0.9875555555555557;0.004239729784075311;0.9767189444126384;0.00433889417954896;0.9838798009539778;0.005358979515534161;0.9562474427973436;0.011618563236711923;0.9698158248277096;0.005924026415115655;0.9750273117135618;0.004504692726662252;0.9719014991764496;0.005590370517605932;0.9732673846201741;0.005130266452901493;0.9740031005568517;0.0048329980243881285;0.9737140283069052;0.005010715643386912;0.9736674158794758;0.005039077728037534;0.9737140283069052;0.005010715643386912;23.367647528648376;0.7634369616241113
