Parameters;1_precision-mean;1_precision-std;1_recall-mean;1_recall-std;1_f1-score-mean;1_f1-score-std;-1_precision-mean;-1_precision-std;-1_recall-mean;-1_recall-std;-1_f1-score-mean;-1_f1-score-std;macro avg_precision-mean;macro avg_precision-std;macro avg_recall-mean;macro avg_recall-std;macro avg_f1-score-mean;macro avg_f1-score-std;weighted avg_precision-mean;weighted avg_precision-std;weighted avg_recall-mean;weighted avg_recall-std;weighted avg_f1-score-mean;weighted avg_f1-score-std;accuracy-mean;accuracy-std;time-mean;time-std
kernel:rbf_gamma:scale_nu:0.15;0.9186910504422021;0.011237577987555354;0.8448871683504864;0.01591600521621615;0.880142793128347;0.010300167764712166;0.8845774958990432;0.010723382000805725;0.9406666666666667;0.008835953489809362;0.911709495704996;0.007158076090642727;0.9016342731706226;0.00837965549732427;0.8927769175085765;0.00893951989060099;0.8959261444166717;0.008692583555422441;0.8996584572473646;0.008380268858582507;0.8983268300632494;0.008423200075919103;0.897755680064332;0.008510866238344858;0.8983268300632494;0.008423200075919103;0.3148777484893799;0.007598235674192765
