Parameters;1_precision-mean;1_precision-std;1_recall-mean;1_recall-std;1_f1-score-mean;1_f1-score-std;0_precision-mean;0_precision-std;0_recall-mean;0_recall-std;0_f1-score-mean;0_f1-score-std;macro avg_precision-mean;macro avg_precision-std;macro avg_recall-mean;macro avg_recall-std;macro avg_f1-score-mean;macro avg_f1-score-std;weighted avg_precision-mean;weighted avg_precision-std;weighted avg_recall-mean;weighted avg_recall-std;weighted avg_f1-score-mean;weighted avg_f1-score-std;accuracy-mean;accuracy-std;time-mean;time-std
0.1_0.0001_300_128;0.9813229862535259;0.014667620917517148;0.7322222222222223;0.024550275953290547;0.8383266728919713;0.015204387183529039;0.7443758778397362;0.016843131688126026;0.9820515846788153;0.014522552724797093;0.8466717889350331;0.011035372729122504;0.8628494320466313;0.010192254857558088;0.8571369034505187;0.011822257436995321;0.8424992309135021;0.012969702750121048;0.8765851124782367;0.010109502794749373;0.8426545333788409;0.012876489206388808;0.8420154984463561;0.013215896879230948;0.8426545333788409;0.012876489206388808;9.28215708732605;0.06940575219657565
