Parameters;1_precision-mean;1_precision-std;1_recall-mean;1_recall-std;1_f1-score-mean;1_f1-score-std;0_precision-mean;0_precision-std;0_recall-mean;0_recall-std;0_f1-score-mean;0_f1-score-std;macro avg_precision-mean;macro avg_precision-std;macro avg_recall-mean;macro avg_recall-std;macro avg_f1-score-mean;macro avg_f1-score-std;weighted avg_precision-mean;weighted avg_precision-std;weighted avg_recall-mean;weighted avg_recall-std;weighted avg_f1-score-mean;weighted avg_f1-score-std;accuracy-mean;accuracy-std;time-mean;time-std
0.1_0.0005_300_128;0.9579045796776825;0.008988684575044013;0.9595555555555555;0.05197150216259906;0.9579681131144057;0.02854408730168467;0.9524652439276066;0.05309623808613435;0.9467110439681491;0.01207241536671409;0.9486778912467628;0.028106540889857173;0.9551849118026446;0.02721706259367462;0.9531332997618523;0.025523754727613594;0.9533230021805842;0.028312697462497274;0.9554971259647338;0.02433957363629101;0.9538808994499124;0.028443805416746838;0.9538614683308694;0.02833907541943806;0.9538808994499124;0.028443805416746838;8.727749156951905;0.8792880970999455
