Parameters;1_precision-mean;1_precision-std;1_recall-mean;1_recall-std;1_f1-score-mean;1_f1-score-std;-1_precision-mean;-1_precision-std;-1_recall-mean;-1_recall-std;-1_f1-score-mean;-1_f1-score-std;macro avg_precision-mean;macro avg_precision-std;macro avg_recall-mean;macro avg_recall-std;macro avg_f1-score-mean;macro avg_f1-score-std;weighted avg_precision-mean;weighted avg_precision-std;weighted avg_recall-mean;weighted avg_recall-std;weighted avg_f1-score-mean;weighted avg_f1-score-std;accuracy-mean;accuracy-std;time-mean;time-std
kernel:poly_gamma:scale_nu:0.65;0.9984790654637983;0.0030418965581207403;0.34979227646114625;0.011699614100969055;0.5179597393817896;0.012523042126063684;0.6599440602607791;0.003971891720233262;0.9995555555555555;0.0008888888888888946;0.7949911908534759;0.002703879936564158;0.8292115628622888;0.0015071697561497878;0.6746739160083509;0.005550067020754782;0.6564754651176329;0.007604937724534556;0.809588126987499;0.001635205875188301;0.7123379179081302;0.004885543975671501;0.6725335819469761;0.0070552622538082475;0.7123379179081302;0.004885543975671501;0.7725064992904663;0.016843566799241493
