Parameters;1_precision-mean;1_precision-std;1_recall-mean;1_recall-std;1_f1-score-mean;1_f1-score-std;-1_precision-mean;-1_precision-std;-1_recall-mean;-1_recall-std;-1_f1-score-mean;-1_f1-score-std;macro avg_precision-mean;macro avg_precision-std;macro avg_recall-mean;macro avg_recall-std;macro avg_f1-score-mean;macro avg_f1-score-std;weighted avg_precision-mean;weighted avg_precision-std;weighted avg_recall-mean;weighted avg_recall-std;weighted avg_f1-score-mean;weighted avg_f1-score-std;accuracy-mean;accuracy-std;time-mean;time-std
kernel:rbf_gamma:scale_nu:0.15;0.9376145317904937;0.008461504788280193;0.8460068296981713;0.016004626814204392;0.889350751196339;0.009143964501473744;0.8868924435993446;0.010311156288710889;0.9553333333333333;0.006625800673722474;0.9197915133868955;0.005731696843006207;0.9122534876949192;0.006406241835627447;0.9006700815157525;0.007800246927382951;0.9045711322916172;0.00740930335377013;0.9093145834355912;0.0066097862040875605;0.9070058514056596;0.007054183521423416;0.9063355354724154;0.007211713158697688;0.9070058514056596;0.007054183521423416;0.3438519239425659;0.018260642240746087
