Parameters;1_precision-mean;1_precision-std;1_recall-mean;1_recall-std;1_f1-score-mean;1_f1-score-std;0_precision-mean;0_precision-std;0_recall-mean;0_recall-std;0_f1-score-mean;0_f1-score-std;macro avg_precision-mean;macro avg_precision-std;macro avg_recall-mean;macro avg_recall-std;macro avg_f1-score-mean;macro avg_f1-score-std;weighted avg_precision-mean;weighted avg_precision-std;weighted avg_recall-mean;weighted avg_recall-std;weighted avg_f1-score-mean;weighted avg_f1-score-std;accuracy-mean;accuracy-std;time-mean;time-std
0.1_0.0001_300_128;0.9795657802066895;0.006481415121737699;0.9766666666666668;0.007519521918083838;0.9780754933553035;0.003406901151793482;0.9707805180646455;0.008986747631293436;0.9741872029710761;0.008416585034727057;0.972421264250721;0.00423069663901129;0.9751731491356675;0.003962672384410002;0.9754269348188712;0.0037928532103032025;0.9752483788030124;0.003814463333665203;0.9756807959045467;0.003749837908594472;0.9755726106247753;0.0037701002753371903;0.9755763054517924;0.0037657780482611295;0.9755726106247753;0.0037701002753371903;27.518866419792175;0.22519033769796581
