Parameters;1_precision-mean;1_precision-std;1_recall-mean;1_recall-std;1_f1-score-mean;1_f1-score-std;0_precision-mean;0_precision-std;0_recall-mean;0_recall-std;0_f1-score-mean;0_f1-score-std;macro avg_precision-mean;macro avg_precision-std;macro avg_recall-mean;macro avg_recall-std;macro avg_f1-score-mean;macro avg_f1-score-std;weighted avg_precision-mean;weighted avg_precision-std;weighted avg_recall-mean;weighted avg_recall-std;weighted avg_f1-score-mean;weighted avg_f1-score-std;accuracy-mean;accuracy-std;time-mean;time-std
0.1_0.0005_300_128;0.9706110434834212;0.003389690935486912;0.9833333333333334;0.00479196858952177;0.9769262196535002;0.0035591035987257175;0.9786303993613924;0.0060763631055017545;0.9624146287728574;0.00436186361840135;0.9704471042161888;0.004505825746909394;0.9746207214224067;0.004173115801837285;0.9728739810530953;0.003938853519422605;0.9736866619348443;0.004032110776418907;0.9741567830326752;0.004004546865250849;0.9740856217771914;0.003976654557732332;0.9740622155244948;0.00397732427807361;0.9740856217771914;0.003976654557732332;9.266493368148804;0.043110156406541436
