Parameters;1_precision-mean;1_precision-std;1_recall-mean;1_recall-std;1_f1-score-mean;1_f1-score-std;-1_precision-mean;-1_precision-std;-1_recall-mean;-1_recall-std;-1_f1-score-mean;-1_f1-score-std;macro avg_precision-mean;macro avg_precision-std;macro avg_recall-mean;macro avg_recall-std;macro avg_f1-score-mean;macro avg_f1-score-std;weighted avg_precision-mean;weighted avg_precision-std;weighted avg_recall-mean;weighted avg_recall-std;weighted avg_f1-score-mean;weighted avg_f1-score-std;accuracy-mean;accuracy-std;time-mean;time-std
kernel:sigmoid_gamma:scale_nu:0.6;0.9170522454977581;0.00626688155598135;0.3997175274604224;0.019306570655342047;0.5564754845961168;0.018605530915674108;0.6714030681376675;0.006769458067892635;0.9713333333333335;0.0028888888888888914;0.7939609717440569;0.0043562124329827355;0.7942276568177127;0.004693581148434434;0.6855254303968777;0.008936743706403514;0.6752182281700869;0.011435916140199398;0.7799873404936182;0.004743605122795257;0.7186610028257708;0.007765120332308545;0.6889849010703063;0.01060745813241377;0.7186610028257708;0.007765120332308545;1.3081062078475951;0.015386140886042357
