Parameters;1_precision-mean;1_precision-std;1_recall-mean;1_recall-std;1_f1-score-mean;1_f1-score-std;0_precision-mean;0_precision-std;0_recall-mean;0_recall-std;0_f1-score-mean;0_f1-score-std;macro avg_precision-mean;macro avg_precision-std;macro avg_recall-mean;macro avg_recall-std;macro avg_f1-score-mean;macro avg_f1-score-std;weighted avg_precision-mean;weighted avg_precision-std;weighted avg_recall-mean;weighted avg_recall-std;weighted avg_f1-score-mean;weighted avg_f1-score-std;accuracy-mean;accuracy-std;time-mean;time-std
0.3_0.0005_300_128;0.9113824228098938;0.020585846201952467;0.9102222222222223;0.03411237782664314;0.9100337049152702;0.009348683849057435;0.8893904466433288;0.036776863919572175;0.886642746986435;0.03391508506864355;0.8866849050905999;0.008783690682989112;0.9003864347266113;0.010898091508062853;0.8984324846043286;0.007757549118486538;0.898359305002935;0.008493688514503696;0.9016488499744023;0.008669536745332202;0.8998144338772709;0.0087077972011512;0.8997142658648849;0.008537236845904652;0.8998144338772709;0.0087077972011512;5.534415674209595;0.04367172573941343
