Parameters;1_precision-mean;1_precision-std;1_recall-mean;1_recall-std;1_f1-score-mean;1_f1-score-std;-1_precision-mean;-1_precision-std;-1_recall-mean;-1_recall-std;-1_f1-score-mean;-1_f1-score-std;macro avg_precision-mean;macro avg_precision-std;macro avg_recall-mean;macro avg_recall-std;macro avg_f1-score-mean;macro avg_f1-score-std;weighted avg_precision-mean;weighted avg_precision-std;weighted avg_recall-mean;weighted avg_recall-std;weighted avg_f1-score-mean;weighted avg_f1-score-std;accuracy-mean;accuracy-std;time-mean;time-std
kernel:rbf_gamma:scale_nu:0.1;0.8973119060499194;0.0107684775369682;0.8950956787209264;0.013555484814000596;0.8960786167281484;0.0063075369535588195;0.9171855754934459;0.009382723006305547;0.9186666666666667;0.010241527663824813;0.9178462377521676;0.004911407006015092;0.9072487407716825;0.005437793070996409;0.9068811726937966;0.0057096296464753385;0.906962427240158;0.005522771964109508;0.9084023463284575;0.005379831862705459;0.9082456237450842;0.0054325756908776566;0.9082240848612979;0.00544165928550467;0.9082456237450842;0.0054325756908776566;0.45231051445007325;0.14290235640546783
