Parameters;1_precision-mean;1_precision-std;1_recall-mean;1_recall-std;1_f1-score-mean;1_f1-score-std;0_precision-mean;0_precision-std;0_recall-mean;0_recall-std;0_f1-score-mean;0_f1-score-std;macro avg_precision-mean;macro avg_precision-std;macro avg_recall-mean;macro avg_recall-std;macro avg_f1-score-mean;macro avg_f1-score-std;weighted avg_precision-mean;weighted avg_precision-std;weighted avg_recall-mean;weighted avg_recall-std;weighted avg_f1-score-mean;weighted avg_f1-score-std;accuracy-mean;accuracy-std;time-mean;time-std
0.4_0.0005_300_128;0.863135235857553;0.011739064349334662;0.8886666666666667;0.010907014392718246;0.8756379315395064;0.007820665994980545;0.8541271071572922;0.012228395280391609;0.8218817864224341;0.01775784001408149;0.8375643498610394;0.011267244612980402;0.8586311715074226;0.009219429063332011;0.8552742265445504;0.009670168454224151;0.8566011407002729;0.009437595773762537;0.8591547518944592;0.009225076707383026;0.8591439359696945;0.009152797699791052;0.8588080274124981;0.009236509377126181;0.8591439359696945;0.009152797699791052;5.906560039520263;0.8985457373345911
