Parameters;1_precision-mean;1_precision-std;1_recall-mean;1_recall-std;1_f1-score-mean;1_f1-score-std;-1_precision-mean;-1_precision-std;-1_recall-mean;-1_recall-std;-1_f1-score-mean;-1_f1-score-std;macro avg_precision-mean;macro avg_precision-std;macro avg_recall-mean;macro avg_recall-std;macro avg_f1-score-mean;macro avg_f1-score-std;weighted avg_precision-mean;weighted avg_precision-std;weighted avg_recall-mean;weighted avg_recall-std;weighted avg_f1-score-mean;weighted avg_f1-score-std;accuracy-mean;accuracy-std;time-mean;time-std
kernel:rbf_gamma:scale_nu:0.1;0.8422754232948065;0.012505384103916295;0.8768592830390582;0.016615615895130345;0.8591122716561601;0.011038846413341649;0.899306509556723;0.012231286514857225;0.8697777777777779;0.012139111363331262;0.8842164501373964;0.008884127168508242;0.8707909664257647;0.009772400089552578;0.8733185304084181;0.010056348560970539;0.8716643608967782;0.009874910656917472;0.8740996424401557;0.009784040611208873;0.8729050399574444;0.009755877428460716;0.8731194734064885;0.00974620959181526;0.8729050399574444;0.009755877428460716;0.206266450881958;0.003512393688315649
