Parameters;1_precision-mean;1_precision-std;1_recall-mean;1_recall-std;1_f1-score-mean;1_f1-score-std;-1_precision-mean;-1_precision-std;-1_recall-mean;-1_recall-std;-1_f1-score-mean;-1_f1-score-std;macro avg_precision-mean;macro avg_precision-std;macro avg_recall-mean;macro avg_recall-std;macro avg_f1-score-mean;macro avg_f1-score-std;weighted avg_precision-mean;weighted avg_precision-std;weighted avg_recall-mean;weighted avg_recall-std;weighted avg_f1-score-mean;weighted avg_f1-score-std;accuracy-mean;accuracy-std;time-mean;time-std
kernel:sigmoid_gamma:scale_nu:0.2;0.9557541490237649;0.009850488887074866;0.8098275265162245;0.021170859545274152;0.8765826357854903;0.012720650762652575;0.8657892575000801;0.013039403923150915;0.9702222222222223;0.0070413242301132824;0.9149655388927685;0.007492643434686427;0.9107717032619224;0.008124314207271844;0.8900248743692234;0.01052983319258873;0.8957740873391294;0.010081709319407037;0.905560016961975;0.00843761780045984;0.899318617186467;0.0094682728348462;0.8979985737134768;0.00977877606666643;0.899318617186467;0.0094682728348462;0.46796526908874514;0.018114741218236027
