Parameters;1_precision-mean;1_precision-std;1_recall-mean;1_recall-std;1_f1-score-mean;1_f1-score-std;0_precision-mean;0_precision-std;0_recall-mean;0_recall-std;0_f1-score-mean;0_f1-score-std;macro avg_precision-mean;macro avg_precision-std;macro avg_recall-mean;macro avg_recall-std;macro avg_f1-score-mean;macro avg_f1-score-std;weighted avg_precision-mean;weighted avg_precision-std;weighted avg_recall-mean;weighted avg_recall-std;weighted avg_f1-score-mean;weighted avg_f1-score-std;accuracy-mean;accuracy-std;time-mean;time-std
0.2_0.0005_300_128;0.8573161074740744;0.008724604512953232;0.7873333333333333;0.016541754127952387;0.820732911367271;0.010216662500085155;0.7568738680825754;0.014100640626210253;0.834506499228905;0.01177756866741481;0.7936893339351945;0.00941557108203033;0.8070949877783249;0.00928842671033476;0.8109199162811193;0.009241330939697449;0.8072111226512326;0.009632437044908784;0.8129180988530349;0.008938892092036892;0.8081841271012635;0.009740759957684258;0.8087785011162879;0.00968356535694116;0.8081841271012635;0.009740759957684258;5.387804889678955;0.0464605584409558
