Parameters;1_precision-mean;1_precision-std;1_recall-mean;1_recall-std;1_f1-score-mean;1_f1-score-std;-1_precision-mean;-1_precision-std;-1_recall-mean;-1_recall-std;-1_f1-score-mean;-1_f1-score-std;macro avg_precision-mean;macro avg_precision-std;macro avg_recall-mean;macro avg_recall-std;macro avg_f1-score-mean;macro avg_f1-score-std;weighted avg_precision-mean;weighted avg_precision-std;weighted avg_recall-mean;weighted avg_recall-std;weighted avg_f1-score-mean;weighted avg_f1-score-std;accuracy-mean;accuracy-std;time-mean;time-std
kernel:rbf_gamma:scale_nu:0.09;0.9014096098814626;0.01240199652124758;0.883590627262141;0.01972124993263788;0.8922776886134269;0.012665372924474257;0.909389294760642;0.013758059518351734;0.9233333333333332;0.010529206880428561;0.916232247952801;0.009096651704339135;0.9053994523210525;0.010276280604568215;0.903461980297737;0.01121469298999097;0.9042549682831138;0.010834086837061841;0.9058633496513039;0.010416760550838528;0.9057645416501394;0.010548979526617118;0.9056435926389476;0.010625205891396743;0.9057645416501394;0.010548979526617118;0.2328954219818115;0.045947366354898385
